,PCA_1,PCA_2
Or10A2,6.287557872344358,-2.5071690353226823
Or10A3,-8.919016293592621,-3.514217984401017
Or10A3B,-8.114685611222518,-5.111174498611832
Or10A3M,-9.277097953801023,-1.8819016053412927
Or10A3N,-8.137750821704845,-3.7029143011443497
Or10A4,-1.2973599063417984,-6.606207676203527
Or10A48,-8.688740677092614,-2.2377113729953786
Or10A49,7.059939991662485,1.3465008730903494
Or10A5,5.1558077870189685,-0.0192359277773425
Or10Aa1,-4.623895092587057,-5.705370548923107
Or10Aa3,-1.6685196740818715,-6.268592083337235
Or10Ab4,2.8011570482840904,4.578125009054241
Or10Ab5,4.5848299923726685,2.109913740263258
Or10Ac1,1.268002344664857,-3.6901621439924415
Or10Ad1,-2.2246036448527358,-0.3837079765412487
Or10Ad1B,-4.311661038302726,-0.1722782377577498
Or10Ag2,8.327153759586572,-3.7310306282866192
Or10Ag52,-5.033242247488249,-4.672655549770091
Or10Ag53,-0.536240032417119,2.444822469617299
Or10Ag54,6.956445306079812,-3.3900644812879204
Or10Ag56,7.75253939786454,-3.1881918413926518
Or10Ag57,4.893252894259869,-0.2335848423973546
Or10Ag58,6.190866954696855,-0.9511712401097496
Or10Ag59,-1.4484544065106255,-4.381967697257992
Or10Ag60,6.316427608027991,-3.456517319262157
Or10Ak11,-3.1119151801347336,-4.189103749819797
Or10Ak12,-6.498707593803318,-1.5443553422931084
Or10Ak13,-4.06603214959693,-3.038919013763642
Or10Ak14,5.986654541215632,-2.064698193447737
Or10Ak16,-0.7410607445253685,-1.145089345433013
Or10Ak7,0.5745271251695716,-2.6560496040755703
Or10Ak8,4.19895735422274,-3.960552859408818
Or10Ak9,-5.402605426838602,-2.3794664788087005
Or10Al2,3.107867022255069,-2.195441099840936
Or10Al3,5.210029798022233,0.931322170274228
Or10Al4,3.6085902782701744,2.81038563411857
Or10Al5,4.06275779235662,1.523527892576349
Or10Al6,2.872222076449177,3.700620066207757
Or10Al7,2.0201447613228334,1.3162273873431805
Or10Am5,4.481224329028955,5.899474225726103
Or10B1,0.0799437914284545,2.6436788072577566
Or10C1,3.662579968307634,1.1055824118607884
Or10D1,-0.3258479125951094,3.620351958562756
Or10D1B,-3.82849132440094,-1.7499977868804284
Or10D1C,-4.404288051140008,-1.700413939329208
Or10D3,2.2953811058935174,5.707841842888804
Or10D4,2.981092466357234,3.959948574689176
Or10D4B,2.272945818701601,5.119900339836863
Or10D4C,3.453133744861046,3.309945963632552
Or10D5,2.8855481123842925,4.718842979826508
Or10D5J,0.7210315168242895,4.950496411890216
Or10G1,-0.7308281277288384,-0.7207418432336227
Or10G1B,-0.6908758129107185,-0.3125088529687976
Or10G3,1.4241185480425391,1.9060798387394564
Or10G3B,1.9147289312689375,-1.325408327763901
Or10G6,2.5764577541784544,-6.823939288208805
Or10G7,-0.322735409292268,3.4095286399248077
Or10G9,-0.5040429371001972,-5.8117062495696965
Or10G9B,-2.55835604880256,-0.1325356518951533
Or10H1,3.349315451374885,6.331606780280417
Or10H1B,2.4430213300195693,6.409106700322655
Or10H28,3.0557668811803618,6.413267833345127
Or10J27,4.642193927014912,-0.7390190771690893
Or10J3,7.209665391301664,-1.2749983688960476
Or10J3B,5.572765575984498,0.9003776802667837
Or10J5,2.865637868963478,-0.9095172234008658
Or10J7,-1.3771502460818617,-3.826464935164776
Or10K2,2.6812845409017103,3.154477728248549
Or10N1,-2.2509856001317967,-2.8891516089335183
Or10P1,-3.932722444541968,-3.7002038666891326
Or10P21,1.4605656087176786,3.4916287502995003
Or10P22,2.545366756105483,2.1360040763257286
Or10Q1,4.219490283283287,0.0259902740692546
Or10Q12,6.334120432909528,3.3459490750764505
Or10Q1B,4.008330948308687,-0.7594146101601925
Or10Q3,5.105427500601018,-0.3151659543172839
Or10S1,3.945686472903392,4.5817709992815
Or10U3,2.636175392571059,-5.669097771969068
Or10U4,3.720634779682374,-0.605891922760959
Or10V1,3.030605538039484,-0.05656443190551
Or10V5,1.322400707457123,-0.5422969060757384
Or10V9,2.4494787615408176,-0.4075454281236616
Or10W1,-1.3597058870788494,1.2735837916606998
Or10X1,-4.057290382154681,0.3448287975604897
Or10X4,4.170102688694401,-3.840349381283043
Or10Z1,7.474806855005331,-0.0133056836438876
Or11A4,4.408170102014155,-3.260699934391237
Or11G1,-3.5623153002843893,-6.248234434064646
Or11G2,-5.512828865987705,-3.337893143509793
Or11G24,-3.68965720150308,0.4334005418257983
Or11G25,-1.5677990463708955,-3.1614962981045776
Or11G26,-2.5296559265837804,-4.304222167582537
Or11G27,-2.0781273653532844,-3.940305392542261
Or11G7,-3.8223381040246216,-2.2109630530212794
Or11H23,0.1515451272262243,-1.7581165271519248
Or11H4,4.426233696495431,-2.927058001900141
Or11H4B,3.227917853686599,-4.696019797009816
Or11H6,-3.5892058765789714,-3.3326054760726795
Or11H7,-0.3879950624336712,-1.5550638817520497
Or11I1,-2.007354157524142,1.808387319381492
Or11J4,-3.542209022252809,-7.126275481960253
Or11L3,3.703853678244021,-5.231509613943909
Or11M3,-5.908552253850664,-4.47283980903926
Or11N2,1.6897357938032924,-0.7422990374666388
Or11Q2,1.6992206986669538,-0.7556895601508508
Or12D12,-3.346597583977733,4.590427718173906
Or12D13,2.9229835826875386,4.879065730032595
Or12D17,-4.504052528249438,-0.6156731513571786
Or12D2,1.8960442194621707,0.2219945086233755
Or12E1,-1.9647881429027765,-7.073733987110884
Or12E10,3.661279320995517,-4.766407508517976
Or12E13,-5.227325074480343,-5.009949447471817
Or12E7,6.373190966669378,-4.103778319666366
Or12E8,-5.89650183166599,-4.211853360504807
Or12E9,-7.338311737820399,-4.667284029896268
Or12J2,-0.3783993762191205,5.26346611704978
Or12J3,3.912762402575632,6.524512125702724
Or12J4,-8.13334496674516,0.0912869636342333
Or12J5,-5.719742153208971,5.327385331012977
Or12K5,4.360094025029608,0.3530435965593088
Or12K7,2.58385295689441,-2.296106175085328
Or12K8,3.6218447273397687,-1.4737177741491423
Or13A1,1.6151508774125585,4.4031217488383065
Or13A17,4.022247972370011,2.017366134159665
Or13A18,4.927383712252243,4.967100285566159
Or13A19,1.917582434598209,1.315555881338185
Or13A20,3.38375928554038,4.140940768618083
Or13A21,-4.794149181098917,1.2758704619571597
Or13A22,4.417651040237842,1.85621132778601
Or13A24,2.7826470293221583,4.50920754572513
Or13A25,-6.040948595457484,0.1987323812904255
Or13A26,6.317136128702046,1.324862010190317
Or13A27,4.818059737350255,2.453243405967708
Or13A28,-1.0518208954894974,5.378489729122683
Or13Ae2,3.424400652056472,3.946404582707356
Or13C25,5.468667590309648,7.591358515740504
Or13C3,6.130966689500108,5.898969027701128
Or13C7,6.866821667368074,5.595976296958929
Or13C7B,7.290921011678758,5.998121698808887
Or13C7C,5.846114298541706,6.476798847970923
Or13C7D,6.84617532398216,6.231919202069999
Or13D1,2.806036315685491,5.300389099577912
Or13E8,6.194262276504327,4.533464432485988
Or13F5,5.965349083540465,-4.840159631886161
Or13G1,1.645608789915525,-7.329338534753579
Or13J1,1.2378213203049078,8.630074252631143
Or13L2,4.309835515642648,-0.3743803637186275
Or13N4,-2.5171351830103057,-7.989482882771087
Or13P10,2.7159117661780234,-1.6961272193794985
Or13P3,-2.7553761336460463,-6.011562999678591
Or13P4,5.356424276400025,-6.035408236835365
Or13P5,-3.783442300094356,-5.5262772436536025
Or13P8,5.899492611926314,-6.32486872983988
Or14A256,4.700087113364874,-1.643221930616578
Or14A257,5.009602941145471,0.6839828850260575
Or14A258,-2.4201327702216573,-3.4697841542634333
Or14A259,0.987007183667716,-3.71873144303267
Or14A260,3.972835236230584,-1.05851295911264
Or14C39,-2.1614974949541765,-7.510181028576528
Or14C40,-2.91059190901462,-3.0551952720310807
Or14C41,-2.171184690460113,-7.285706369408222
Or14C43,-4.103714831720915,-6.739507394539218
Or14C44,0.8163078634891208,-7.74080954808191
Or14C45,-4.220365538078643,-6.389423366170939
Or14C46,4.522286925119393,1.081197507884445
Or14J1,-3.660895499652805,-2.60583443834641
Or14J10,0.7726746460614417,3.787741736807517
Or14J2,2.0663801284267285,6.712929740958836
Or14J3,3.702416038671082,0.8829303285914178
Or14J4,1.054347035697435,5.716328760877081
Or14J5,2.0382962940471425,2.231079798526433
Or14J6,1.2036304237731108,0.0574764805513516
Or14J7,2.842909662709247,-0.4878595341643331
Or14J8,4.045855679842575,1.3631145806389058
Or14J9,2.7070760153652924,-0.2515022701907231
Or1A1,-4.010884942117725,-2.19265822671591
Or1A1B,1.047882733754603,-0.4764736478064317
Or1Aa2,1.8344185936212671,4.009007020130194
Or1Ab2,-7.029077456222469,-4.394382501709333
Or1Ad1,-4.011013852162493,-0.1409863938746378
Or1Ad6,-3.278839378816386,-2.7900179606201485
Or1Ad8,1.5014771612957591,2.1214690169755124
Or1Af1,-3.9648821783667816,-3.945605426169353
Or1Ak2,3.1308979981278977,0.1297595538927255
Or1B1,-0.3216710520145153,-5.46377590906028
Or1D2,-4.185956898593688,1.411326777549683
Or1E1,-2.351859629269601,6.819632098598267
Or1E16,-6.927696378482212,2.704091131416987
Or1E17,-2.4101545318059725,4.352375238997075
Or1E19,-3.8942688302076407,4.852394953500641
Or1E1C,-4.590912852310709,5.1549905798220985
Or1E1F,-3.1442177137881835,6.270528097586494
Or1E21,0.7610020218316026,7.296491789442493
Or1E22,-2.0069131728147305,6.575143143615082
Or1E23,0.961815363640348,6.370969089839446
Or1E25,-5.149618915805714,2.83525982112696
Or1E26,2.2251456594431347,8.912922944067372
Or1E29,3.376623050868878,4.19165142276628
Or1E30,2.6892428212654447,4.662391750000161
Or1E31,3.4120564400096915,8.016919466288103
Or1E32,0.7464029670404171,6.951659413736301
Or1E33,0.3647421484516379,8.322007001757255
Or1E34,-3.80394658477268,4.279948000660012
Or1E35,2.114709167659012,8.432090881267639
Or1F12,-5.226365700085024,3.5341967066863598
Or1F19,3.769477061693001,5.538808770370383
Or1I2,-6.321194957863516,-3.780959723995887
Or1J1,-6.441218719098107,0.7635689067997117
Or1J10,-6.945016172348203,0.6499924998779997
Or1J11,-4.376640270084356,5.604658107091975
Or1J12,1.5780215683835404,6.2256370181601
Or1J13,-4.695591536323351,-1.1205752854626687
Or1J14,-0.6390885944084475,-2.687940994421223
Or1J15,2.317371053758683,7.379918638870201
Or1J16,-0.6558136107555145,6.045067814601737
Or1J17,-4.993239416802601,4.247108404946538
Or1J18,2.02803765153658,4.2792718065987945
Or1J19,-6.112934897245384,2.1056210656330285
Or1J20,-6.45495559330899,3.3439310810832468
Or1J21,-3.1581848773214785,6.134886097128346
Or1J4,0.4342896632912046,-1.8295616122668976
Or1L4,1.9542450074044684,-3.198292565277041
Or1L8,6.729288147552061,2.839983506168473
Or1M1,-6.877391637263794,0.4289882134421304
Or1N1,2.3417549749132185,4.973261239975513
Or1N1B,-3.581346199455274,4.288833661813611
Or1N2,3.2153544164181875,3.7197287993434496
Or1O1,2.3008922615900853,-2.9097544007827496
Or1O11,1.4845927778436705,-1.803424861913628
Or1O2,-0.3215227510150605,-1.62511282383704
Or1O3,-2.8901599134719467,-2.1206134364224947
Or1O4,-1.2506001833620073,4.094605633064916
Or1P1,1.2586035983252222,2.932871416257299
Or1P1C,3.4937825197184864,0.9945950706226486
Or1Q1,-2.6126624380679777,-3.5924917215136287
Or1R1,-2.7901407451059197,-5.452947791052725
Or1S2,-2.5714294003011853,3.931381834017316
Or1X2,-1.7929479678539284,2.955051178349363
Or1X6,-3.193980057813724,5.407419645741482
Or2A12,-6.9774303831178965,-3.455741356622202
Or2A14,-6.43123127263109,-0.6595433355868401
Or2A20,-4.9095592972587285,2.8836005656102404
Or2A25,-9.778334418812747,2.589917289870519
Or2A5,-4.392282121207332,-0.766905109398576
Or2A51,-6.718723531025753,-1.5528905288106678
Or2A52,3.383984814957898,-2.0869365637105326
Or2A54,-6.13353501778826,1.5516004878014753
Or2A56,-6.168482654182222,-1.3346513679564405
Or2A57,-5.196187407339182,1.1074494416684706
Or2A7,-10.429386222440984,-2.076995945671641
Or2Aa1,3.798747956959384,-2.648205371994995
Or2Ab1,6.104721949945366,-1.038459664833184
Or2Ad1,4.978170949110974,-2.9864890424279453
Or2Ag1,-4.014585353095407,-4.153331706298078
Or2Ag12,-4.61958224039418,-4.90954672675825
Or2Ag13,4.959018271302819,-3.188557942977398
Or2Ag15,6.924090198532649,3.439396176175292
Or2Ag16,-0.7898848000662916,-5.509292754123519
Or2Ag17,-0.2002112484114373,-0.9513554453728658
Or2Ag18,-2.232966220810243,-5.641423475193865
Or2Ag19,-1.883864792334779,-1.7938666681542257
Or2Ag1B,-2.692901128063452,-5.939390067458917
Or2Ag2,-2.9631716085363484,-3.4504135017672577
Or2Ag20,6.623048184177375,-1.596846892512467
Or2Ag2B,-1.3911322996681037,-0.0656266201867338
Or2Ah1,5.195130017686551,-2.462390896178824
Or2Aj4,4.860166798458167,-3.269941505111437
Or2Aj5,5.406858939928345,-4.155194193002169
Or2Aj6,4.147498990348976,-3.95391369578592
Or2Ak4,6.730531914947596,-1.812521585539592
Or2Ak5,3.308924230607208,-5.6362192269507405
Or2Ak6,5.634320818354784,-1.2336729062151868
Or2Ak7,2.617472148310705,1.1158761073196122
Or2At1,2.68280010949609,0.3534853904444184
Or2At4,-3.616231390779258,2.0687940677331893
Or2Av9,4.301514138016525,3.0441657965754767
Or2B11,5.094678349570425,-5.4666046523548575
Or2B2,5.458600341115438,-5.740120107075248
Or2B28,2.923000143395575,-4.6596264661477145
Or2B2B,5.481676621727471,-6.042091064269968
Or2B4,4.568294063146074,-6.03320990064757
Or2B6,-2.329208121154923,-3.7861577568729152
Or2B7,4.016934462266488,-3.467411017587444
Or2Bd2,3.0845397485148944,1.1485575978674245
Or2C1,5.897643894183292,1.719560143841811
Or2D2,2.6768483359699067,-5.813113819736957
Or2D3,3.047364903315,-5.92521025182825
Or2D36,0.8320909124345341,-6.976672842263876
Or2D4,-0.9528543708166872,-7.522899065870789
Or2F1,-5.254002320252418,-1.0245806802772526
Or2F1B,-5.486288907458003,-2.299731056468388
Or2F2,0.9247446757820292,-0.2673130273522799
Or2G1,5.660456575420789,-5.43351610621602
Or2G25,5.746326791624796,-6.327027962734031
Or2G7,5.828553392425849,-6.351005949590111
Or2H1,0.4448387202689869,-5.963421910122449
Or2H15,4.997327635758951,-4.941857397523209
Or2H1B,-3.083590051097717,-6.145327711362146
Or2H2,2.2552990207021533,-5.896224971454431
Or2H2C,-2.95787266616712,-5.421203136504905
Or2I1,2.263667862600426,-0.2564472263889486
Or2J3,5.237554736159012,-7.08886484966463
Or2J6,-1.158223989033789,3.1598654548853964
Or2K2,6.187424292356747,4.114286955929934
Or2L13,-1.1842628817653116,-0.138446150326936
Or2L13B,-3.904942930939016,-2.926820477626612
Or2L5,5.018160171875004,-1.678201522025602
Or2M12,3.5545604894897607,4.361359581253686
Or2M13,-1.0654527980122248,7.945575938658865
Or2N1,-0.2102971053029302,-6.158506932212238
Or2N1B,-4.173093439973201,-4.19319454271834
Or2N1C,-1.2497074537502906,-6.033864861632347
Or2N1D,-3.858742313450513,-2.189706667934144
Or2N1E,-2.286485262607504,-2.1560623335923434
Or2O1,4.89116183160358,1.78416883900425
Or2P2,2.486845491863216,-4.877052801239947
Or2Q1,0.4517368439400395,3.8136646771522136
Or2R11,-7.145231056069795,0.2961006615921419
Or2R2,-2.9127356714164163,2.9599409245966006
Or2R3,-2.5651407077139985,1.7850153203521322
Or2T1,-4.013202821869538,1.1537541232047572
Or2T26,1.0801966801543743,-7.294298575384455
Or2T29,-2.488365889619672,-4.473638834874398
Or2T43,0.0660415772998634,-6.3154236649619335
Or2T44,2.016558644153841,8.150357029564285
Or2T45,2.525605486733949,7.620461905216797
Or2T46,-2.18480864076438,-6.216053870879426
Or2T47,1.33954009244566,-6.465333717393849
Or2T48,-0.2578644562624482,-5.862036790505525
Or2T49,-0.3067883206106959,-4.487256074628999
Or2T6,-5.174047873176607,-3.380139954552476
Or2V1,-8.881131903742444,-3.463935985523759
Or2V2,1.9532355280071847,8.24114186296779
Or2W1,3.530273839415716,0.5407021094616848
Or2W2,6.424830920772876,-6.246916421824576
Or2W25,2.177850948934748,6.106375575935654
Or2W3B,-6.330354039202043,-0.2869387489602709
Or2W4,5.132540128523608,6.03976076587515
Or2W6,5.175655819829931,-1.5558708099395535
Or2Y1,4.821920459291564,-4.117306758289511
Or2Y10,4.095208250143688,-4.00847512965243
Or2Y11,3.8593064732904137,-5.430512621040304
Or2Y12,4.768147792121652,-5.024085951324836
Or2Y13,3.726235607392018,-3.590517805877276
Or2Y14,5.31077085911202,-2.369914313761585
Or2Y15,3.743823338988189,-4.654700771357299
Or2Y16,0.9087720285315886,-5.538483080978336
Or2Y17,-3.738199774652691,-3.6815241400422503
Or2Y1B,4.47799167687729,-5.834059668464727
Or2Y1C,4.5942411941092764,-4.612443903103842
Or2Y1D,4.371732711208027,-2.4606631155418603
Or2Y1E,5.5923924122320745,-3.692387321452354
Or2Y1F,6.085777238673266,-4.915213621382383
Or2Y1G,3.3697124841257646,-5.976175293460315
Or2Y3,3.915482083436421,5.053687929857786
Or2Y6,3.6361347754661,-5.3477192037693175
Or2Y8,2.987887569463596,-4.782181841931003
Or2Z2,3.7386176724439935,-5.499875603601295
Or2Z8,7.0967710615169,-3.856946837402999
Or2Z9,7.427975496824477,-4.426865442767811
Or3A1,0.4120794927536682,5.519477764835441
Or3A10,1.958813198356638,0.9576480155714456
Or3A1B,2.862134922549374,0.4879933530571543
Or3A1C,0.9988766166307445,1.9671950887706144
Or3A1D,2.9303128131529617,0.8075281138288111
Or3A4,4.788542149814617,-1.7337927916172675
Or4A15,0.3829062691271547,0.3073887464952943
Or4A2,-0.0951529207192255,-1.433930338397316
Or4A27,1.153609574486042,-0.7267452105459151
Or4A39,1.5258333476526382,-1.8358342650695392
Or4A47,-0.6767038984017223,-2.7635606570503604
Or4A66,4.467942033913266,-2.3511439143128063
Or4A67,4.1509316616650525,-0.8374581286455898
Or4A68,4.067438178426766,-4.314917482116742
Or4A69,2.8774542853559493,-5.319216406405024
Or4A70,1.2529249023681244,-4.8703439072873405
Or4A71,1.3854566253281388,-4.2645839911416825
Or4A72,3.4077914538386707,-5.297825074721413
Or4A73,2.5275956238633497,-5.718553229632143
Or4A74,4.516386382087607,-2.9859156548478
Or4A75,3.129165971597533,-3.07294961870707
Or4A76,3.267252434088641,-2.706479176782097
Or4A77,3.1254295404556283,-3.980869972894175
Or4A78,3.1124029863877856,-2.418606640831485
Or4A79,2.731452021032072,-4.435775722979299
Or4A80,4.315785918626963,-3.857581574546366
Or4A81,3.873914458861917,-2.849036377427832
Or4B1,-0.2313213632158712,0.0861301574235113
Or4B12,-1.023397189798701,-0.2362689927080929
Or4B13,-3.5373500552195143,5.735318545084343
Or4B1B,0.3619779783497062,1.3505355244220671
Or4B1D,-1.0221463062854583,0.0172507222214293
Or4C1,3.138844045893464,-4.245037115465708
Or4C10,-0.0273976851834169,-4.761593110325733
Or4C100,4.168983927872499,-0.3807855012801137
Or4C101,0.7913196784988389,-3.3629230004856376
Or4C102,4.267846372970806,-2.638397799005639
Or4C103,3.7110409794068095,-0.5549920413487525
Or4C104,4.3417843360025685,-0.2606122221118316
Or4C105,1.0590690288019315,-5.497558387314097
Or4C106,0.295097813297889,-5.255676483843975
Or4C107,-5.986506180125184,2.319218400087469
Or4C108,4.136047431147384,0.1610359886763469
Or4C109,-3.035489003447206,-3.376297017160909
Or4C10B,3.7671132467544095,-4.417764781255573
Or4C11,-2.3659947012725,0.3065250659226589
Or4C110,-2.337772264747429,3.551340903475245
Or4C111,1.599019508865383,-5.124024862582125
Or4C112,0.0460614930667206,-1.54238663773157
Or4C113,1.927153043011255,-0.0198886978071882
Or4C114,-3.445093546184565,0.8723999957391855
Or4C115,-1.8516161016436343,-1.0962412303302824
Or4C116,-1.0685085158916785,-1.3558863635563505
Or4C117,3.7721854562172927,-2.341565005006881
Or4C118,-4.969409081839315,2.240864959276602
Or4C11B,5.612595869656312,-0.8732413247806012
Or4C11C,1.7029834008352946,0.1803515448910164
Or4C12,4.8288764120478,-0.2201717864030789
Or4C120,-1.0577214365404126,-1.3986274739460167
Or4C121,-0.6868817357502748,-2.651419597054445
Or4C122,3.995076484594773,-3.9958927803245263
Or4C123,0.6594735007424087,-0.6235385690317694
Or4C124,5.955937952560818,-0.596311193014586
Or4C125,-0.4516513667091664,-0.8959729405721454
Or4C126,-1.744393817980905,-0.1998067908765317
Or4C127,-0.8785733845760263,-4.431971040412231
Or4C12B,4.578255002312645,0.2982038373981636
Or4C15,4.331764121163224,-4.238494126174931
Or4C15B,3.1923838364156447,0.4575782850577498
Or4C29,4.504627460906013,-0.605834401765061
Or4C3,4.913845104069172,-1.9629548303734503
Or4C31,4.509296427290491,-3.494916264078425
Or4C35,3.6391137975018353,-3.9522544282937258
Or4C3D,1.3195893920453878,0.7465507823133818
Or4C52,-3.1376963643195563,0.1581171674509547
Or4C58,6.411733761142645,-1.755498638267334
Or4D1,-2.421443221997429,0.728146365816409
Or4D10,3.950714615877623,-0.8781126015296548
Or4D10B,3.611567407932673,-1.1423114713914195
Or4D10C,-3.468037505374576,-1.77306407751704
Or4D11,5.016028737028286,-2.56564920234019
Or4D2,-1.4850388156722067,-3.335367408758705
Or4D2B,0.8990257320696657,-0.6747961022668764
Or4D5,-2.487704337304645,-4.153689440746103
Or4D6,1.7953974088771507,0.5132967948694889
Or4E1,1.625519886139385,-4.669940794113384
Or4E2,-7.231779091434316,-0.7568201410062814
Or4E5,0.2203063857200367,0.1568365101966312
Or4F14,-3.359016769243222,2.126070179288804
Or4F14B,-1.0633513876964371,2.09531633031749
Or4F14D,2.016722769993992,1.7741653530719794
Or4F15,0.8064742483367443,2.822332461774559
Or4F47,5.793165393131136,0.1763285919607966
Or4F4B,1.8711412556803908,-0.3750493240055252
Or4F52,-6.132564435133577,2.3027828222822917
Or4F53,3.360764608830721,-0.0659273831894246
Or4F54,-0.4928274543866839,3.846598442199072
Or4F56,-2.436616494732096,3.0566274523613437
Or4F57,-0.6446139731741601,1.3616382608911033
Or4F58,0.765781410924436,2.8313263407856706
Or4F59,-3.3426956998354624,3.0966520556716266
Or4F6,3.589703582745899,2.48640775537393
Or4F60,2.1150707713614265,0.2182154328903117
Or4F61,-3.015073972336152,4.26336621248106
Or4F62,3.8742035760091738,-1.649056547301558
Or4F7,-1.3729866429860886,3.0760351791762224
Or4G16,2.6737740713502194,-5.697096679214939
Or4G17,2.7577145435141315,-3.551962922187613
Or4G7,3.0032815580753933,-5.193273829107131
Or4K1,-7.74245069308406,-1.0780627264192826
Or4K15,-5.709071307865165,-1.7454335707703703
Or4K15B,-7.017056517797653,-0.9139135940183096
Or4K15C,-6.119528180372237,-1.6927729445931683
Or4K2,2.4669895825781305,-0.4479628708722921
Or4K35,-0.2767731715100298,-1.9779411174684716
Or4K36,-6.803788441322218,1.179939702203542
Or4K37,-3.0409926752338765,5.048766989142526
Or4K38,4.623484799014203,0.7316006670381979
Or4K40,-6.8652801365038645,2.171034936393629
Or4K41,-4.484661914393237,3.6253740469254727
Or4K42,5.061751868941664,-3.131912332340775
Or4K44,1.1436602096626338,1.662467783114446
Or4K45,-0.8975890875901671,-2.300250893890556
Or4K47,3.7878592516521863,2.7361623654887155
Or4K48,-0.0121284496770439,2.414004653792539
Or4K49,3.556930011483741,-4.377826555774025
Or4K5,2.598850987963113,-4.008757860616611
Or4K51,3.5144144037145817,-3.751122777141573
Or4K52,1.6277447156979403,-3.4117705159910474
Or4K6,4.695104754482658,1.2304344569549528
Or4K77,-4.886362720359365,2.269655651294721
Or4L1,-2.562354233985044,2.397151298114356
Or4L15,3.199570053704,-1.4182166811224324
Or4M1,0.0642257970478299,-2.2836863305645703
Or4N4,-3.3640861678242877,1.7012243407719865
Or4N4B,0.9680258815558552,1.749898332594935
Or4N5,5.132149031254157,0.0498541965845032
Or4P18,4.88157446930323,-2.773634430944842
Or4P19,4.553393341987087,-3.439780242647382
Or4P20,4.140410923933279,-1.3398585054523002
Or4P21,-0.4394960232565873,2.8383085918414577
Or4P22,5.3146261021824825,-1.6385648156597938
Or4P23,-0.0178620697350693,-1.0083282686248916
Or4P7,4.885438517725685,-1.8189354966360185
Or4P8,4.014280672395433,-2.65065083581398
Or4Q3,2.840698048027109,-4.182352207594947
Or4S2B,4.080320028873336,-2.81287470807716
Or4X11,3.707317020563095,-2.9237645589402224
Or4X13,2.2196175142270245,-5.993557592128643
Or4X6,-0.1534445935557665,-4.379483110609789
Or4Z4,-1.7869548976201737,-3.218549379932635
Or51A10,2.2704701830140714,4.154205264678418
Or51A24,-0.0954471251563845,4.412932426162631
Or51A25,1.463903645482357,4.225151496764911
Or51A39,-0.3224167211208218,4.801132133683364
Or51A43,2.3949204105125586,4.914581408415621
Or51A5,-1.2085378558127315,1.0594869489322292
Or51A6,-3.1955464474819664,2.8457198591871267
Or51A7,-1.0091298763876813,3.205533761576357
Or51A8,1.3402963857605803,0.1417457684570237
Or51Aa2,2.884942527325919,1.443937546845737
Or51Aa5,1.5119975924046238,3.7775455567972624
Or51Ab3,0.7477232104361007,6.969884619594296
Or51Ac3,-2.084101981306639,3.6493936830420632
Or51Af1,2.6271594596205814,1.3964611448527466
Or51Ag1,-0.2640835465176987,5.111777154990319
Or51Ah3,0.4113965846613652,5.075951145021172
Or51Ai2,-3.1069026597855443,3.24301293936172
Or51B17,3.413854718031089,1.2595537900931524
Or51B4,-1.3543410545523449,4.839513319335889
Or51B6,2.508653275631921,5.165532399927554
Or51B6B,-3.515947715881189,6.58668040257586
Or51D1,-3.546862093519916,-3.4029927288736794
Or51E1,3.996226209797633,1.7180231830757524
Or51F1,0.0955902396673723,6.035343437900656
Or51F1D,1.0389594578942645,7.1734780398834985
Or51F1E,1.8432144915949,3.5652691528804747
Or51F2,-1.0629530503140674,4.992693537625321
Or51F23,6.234200502275938,4.2087862118142265
Or51F23B,4.755845510699546,3.1278568826466637
Or51F5,-3.6197019741873055,2.189576949485462
Or51G1,-0.9587128476506148,4.606547509110407
Or51G2,-1.0601710773623167,0.8756130792676579
Or51H1,-0.8445240061608073,6.604306178332105
Or51H5,2.527217893534012,1.968571661555828
Or51I1,1.0175188309521557,5.789866456933297
Or51I2,4.6375413226275874,4.664289996609749
Or51K1,0.8395235595439307,5.419571507315927
Or51K2,1.6209811032720247,6.722617101448424
Or51L14,-3.2503245629334545,0.950751329868909
Or51L4,-2.4895852644875367,-0.3240390198040232
Or51M1,-0.5391006241060934,5.41509561916997
Or51Q1,1.996887731261944,6.536188379420877
Or51Q1C,2.5054819471197725,5.669483603791597
Or51R1,2.3923212810644063,3.131795261333984
Or51S1,-1.2671433340685203,3.334262094311624
Or51T4,-3.778053932671473,-2.088308591708497
Or51V14,3.52468999512986,-2.329405755892474
Or51V8,0.9291187670391468,-4.6702002461463135
Or51e2,-2.703081973653576,-0.8035127270799556
Or52A20,-6.655483974020595,0.4263795935277772
Or52A24,-7.971812890168214,0.0695048821387544
Or52A33,1.6438740513628611,5.494744217244075
Or52A5,-0.4484204840496765,0.5676800582991516
Or52A5B,-1.8189068450346653,0.5926742666220207
Or52Ab2,0.0393648444615076,0.6047387491624592
Or52Ab4,2.420418787239293,1.987003875953381
Or52Ab7,0.4783560564991694,-1.331287808915135
Or52Ac1,-3.7676107774947223,4.952544643069065
Or52Ad1,-0.7837085091168786,3.1384513595923136
Or52Ae7,-4.513080351272226,4.383480050043027
Or52Ae9,-2.3582539825680144,5.754825050588599
Or52B1,-1.47458790633068,8.539841541595944
Or52B2,-4.866902920245945,4.751462493071272
Or52B3,-1.454025129500721,6.363018066269825
Or52B4,0.0736703563917255,2.1456751375030114
Or52D1,0.560946867658286,7.609804796165682
Or52D13,2.3832472487492664,2.598686508878107
Or52D3,0.3434275089745909,5.71136081943184
Or52E15,-6.999331568232056,-1.152361208743777
Or52E18,-4.824793910591103,1.4351609427817469
Or52E19,4.276922390678769,1.7613724298910205
Or52E19B,-2.1942293693627826,3.369486093603435
Or52E2,-2.7992831469863875,1.8431172512298444
Or52E3,1.5037963021558292,2.943307808242935
Or52E4,-1.9867571074997985,2.678560038610399
Or52E5,-2.183051169364253,1.8278868364502627
Or52E7,-5.558985739839129,5.512274857500119
Or52E8,-1.0841310710651344,5.392722222225138
Or52E8B,-3.7350745531409126,4.435513986249818
Or52H1,-1.6450455681170142,6.359002290633396
Or52H2,-1.993948634231692,7.400276810139905
Or52H7,-4.861509551403051,5.220050476531395
Or52H9,-1.5772113433805457,5.396726673687241
Or52I2,-7.689738341399712,-3.532128615161224
Or52J3,-2.600283046753492,2.351323845390729
Or52K2,0.996571325569932,8.154235488616692
Or52L1,-7.069006665958815,-2.9782657575772333
Or52M1,0.6221301583308577,6.072079152796144
Or52M2,-3.252223153934783,1.7628919745858025
Or52N2,-6.776308246738588,1.7702154298684376
Or52N20,-5.486455188556855,3.703515241544767
Or52N2B,-2.2503059140167827,-4.107625275103678
Or52N2C,-4.814117394573508,2.048281350680373
Or52N3,-3.994746671539984,1.9239464505884396
Or52N4,0.0202330745413539,4.002323203042017
Or52N4B,-0.699998181799868,4.121558080683735
Or52N5,-3.506274370728504,-4.1876893842509375
Or52P1,2.202680241847509,4.69305914729905
Or52P2,1.0257828375961195,0.9645406716296931
Or52R1,-0.126571327615667,-3.5757167219510944
Or52R1B,-1.002169779321958,-1.7771449712701912
Or52R1C,5.576706540441478,0.1307659859088821
Or52S1,3.2907243778348216,1.0668412095566957
Or52S19,2.4715376908376414,-1.926917562291511
Or52S1B,3.855793845206741,-0.3518501612609648
Or52S6,1.1370070641610324,1.1731443386724736
Or52U1,2.4804375517368698,-1.6128266827752356
Or52W1,-1.3135201252528026,3.293817198618507
Or52X1,-3.031674344694477,-3.439461473270637
Or52Z1,-1.973151374175586,3.34272114411102
Or52Z12,-1.9565927978374071,6.794777114700643
Or52Z13,0.0159140456590388,5.157201775637323
Or52Z14,0.0418796868383856,7.979225067083491
Or55B10,0.0008496615855502,3.404373445536222
Or55B3,-4.165036767386349,3.1387128212277804
Or55B4,1.433716667820005,7.35959427616692
Or56A3,-5.292953762944535,4.762513537877594
Or56A3B,-4.060460103734422,4.001581049611378
Or56A4,1.006910040933293,6.827558697804804
Or56A5,3.254816814954021,-2.0950197897290117
Or56B1,4.586631271331578,4.749274349109299
Or56B1B,-7.962168331624804,-0.5773351067842865
Or56B2,0.9936413850010136,5.025128588166292
Or56B2J,0.5042694039837682,7.080053285697018
Or56B34,2.8800242690099447,2.772010660634944
Or56B35,-0.3787227844550999,-0.1647698912813526
Or5A1,-0.7210707259766379,1.2154250551722496
Or5A3,4.493639317122088,0.9768924125594508
Or5Ac15,4.934546401054241,-0.5489891186779198
Or5Ac16,-1.705292107346607,3.919971688995282
Or5Ac17,2.98041715305179,-1.4298648703651873
Or5Ac19,4.710699001696384,1.4252749756321696
Or5Ac20,-5.746196511722453,3.0412772099208807
Or5Ac21,3.0951800783875894,6.629698213679859
Or5Ac22,3.1250604630224768,4.03815062937725
Or5Ac23,4.232406322139478,0.9338403445575162
Or5Ac24,-2.3820508303243457,-2.2920034079687186
Or5Af1,-0.2515988533943535,-3.2362593260429917
Or5Af2,-1.219075682068474,2.2278520262320995
Or5Ak20,3.2856434133779717,3.9927305121543832
Or5Ak22,4.07893375888296,-5.233009870775335
Or5Ak23,2.4168234029538684,2.2195199256396507
Or5Ak24,5.190242205941578,-3.5587600055367243
Or5Ak25,1.870544529526923,-1.349287479856329
Or5Ak4,2.048293230545834,4.217167337235094
Or5Al1,-1.7991125240556836,1.0138953133499993
Or5Al5,1.262644169549601,4.764514954174572
Or5Al6,-0.0989143577094112,1.3059334387365755
Or5Al7,-3.424186092612795,-1.3070975361402977
Or5An10,2.809404793130202,5.174135842608062
Or5An11,0.2059117791449733,6.942648888299253
Or5An1B,1.8676028245705127,5.895744390712381
Or5An1C,-0.7450289768716968,7.047808728735232
Or5An6,0.4125844741263618,0.5083000784935645
Or5An9,1.1820154130076277,0.577439695264318
Or5Ap2,2.852114256888807,-0.4556923599762679
Or5Aq1,3.3652516884910737,-2.4454114806297977
Or5Aq1B,3.1753172955937186,-3.846795673221816
Or5Aq6,0.9972245353001464,-5.803616442984056
Or5Aq7,1.1805681437481446,0.8563753012021929
Or5Ar1,2.070902699512697,0.8033801780534433
Or5As1,5.2542577892610565,-1.521089962375045
Or5Au1,4.444053717160598,-2.7832069734186584
Or5B101,-2.274461948169704,7.215388904804807
Or5B102,4.048254657661242,4.892583119604114
Or5B104,2.107495959918143,7.033470420638941
Or5B106,-1.9759677413969587,8.193103462567747
Or5B107,5.639210751632963,2.8923633553463595
Or5B108,4.36088705833195,0.1626375669156443
Or5B109,4.759433980384291,6.55337903087805
Or5B111,5.066542585679702,5.233877452397788
Or5B112,5.822282699670312,5.358747743078281
Or5B113,0.7409727413398423,7.092551747227254
Or5B116,4.071859355881945,2.410947200263425
Or5B117,3.019869835116024,1.923794939157201
Or5B118,-0.8207614351857991,2.002926588620662
Or5B119,-1.5457816306444954,4.775910115382158
Or5B12,1.9549843036531027,5.024555505619495
Or5B120,-1.5612606560849531,4.529577363487377
Or5B121,2.5388572111525485,4.740845658616385
Or5B122,-4.9781555333302245,0.9525116892241432
Or5B123,-3.8218462215401634,1.6009639526031274
Or5B124,6.469917176828013,-4.0745606127020375
Or5B12B,-0.3196387924135436,4.903773197616695
Or5B21,5.072923236010238,-1.3269102391183225
Or5B24,3.33245321117392,2.1923901477969308
Or5B3,-2.358601818987527,4.411101247912669
Or5B94,5.061081241341758,5.913059612632667
Or5B95,4.912456569734485,4.5173361141163
Or5B96,4.180897157553601,7.53564756959058
Or5B97,1.8160552672025192,9.461614365820257
Or5B98,-4.213904546429965,6.811137093159077
Or5B99,-2.104894810817576,3.797113605529811
Or5Be3,-4.362323790795508,5.559361502750404
Or5Bh3,-0.1158452981444703,-5.024167996649282
Or5Bw2,3.666502045810093,2.9299339011868395
Or5C1,5.180750807775027,-4.0812584510134
Or5D14,1.7378328510641683,-1.0948645732514228
Or5D16,-6.701952345547904,-2.0032787824842218
Or5D18,-1.947872197872719,6.652271765738244
Or5D35,-6.227037189378216,-0.7203566489409889
Or5D36,-0.1100775234302785,-2.130094278513168
Or5D37,-5.478253437955672,-1.3182847222316314
Or5D38,-3.808346785799679,-3.710908485711216
Or5D39,-4.626732347947348,-0.3928547033758697
Or5D40,1.0264696873268653,3.69085700621084
Or5D41,-6.476256418838443,-2.6990881741302992
Or5D43,-2.3550701100004034,4.522488362194132
Or5D46,4.654716684554937,0.915222435159078
Or5D47,-2.1159244446126357,3.6891008603474766
Or5E1,-6.246171827241541,0.4595794330124063
Or5G23,-7.242283757086027,-3.787902078916911
Or5G25,1.540686132832806,3.469631588684841
Or5G26,-0.5051985054855394,5.984847379386885
Or5G27,3.2831648076490434,-5.2055439473765
Or5G29,5.071008920144342,-0.5671452566272629
Or5G9,-2.3882255309446285,6.25125230597957
Or5H17,-2.6477041397393646,-6.565048399922744
Or5H18,-7.930689804516178,0.551912888829271
Or5H19,-3.349715133049952,-5.609209449382488
Or5H22,-4.203774624539293,-2.930863309319005
Or5H23,-3.592328500127368,-0.2936603137320521
Or5H25,-1.7081298209619715,-5.129686649281042
Or5H26,-2.031185798609947,-1.0769912531623924
Or5I1,3.6797077125835305,-3.9212499530133034
Or5J1,1.7908490564189274,-4.102934448454555
Or5J3,2.3147865448154668,1.7941178744879915
Or5K1,3.795607784305781,-3.930410878370977
Or5K14,4.769163608222467,-3.529957692488905
Or5K15,5.373662153007656,1.27691578973487
Or5K16,0.3139843703129455,-1.6015286927330683
Or5K17,0.1194390365386715,-2.3787855949147336
Or5K1B,2.351772812779476,-3.080200710730137
Or5K3,3.689524627876668,-4.667537573732016
Or5L13,3.733485171627274,-1.2553099697185883
Or5L14,1.4700163433068538,0.3418133986081931
Or5M10,2.762024117623491,0.0282035146621803
Or5M10B,2.8439394746909508,1.6713366484910586
Or5M11,2.9667945178732964,1.533299324353244
Or5M11B,1.143521780771994,-0.8418442073428649
Or5M12,4.103939521828404,4.588476128006233
Or5M13B,-6.25300374884439,3.2512894685989995
Or5M3,2.553579693371487,-4.9630370637000825
Or5M3B,2.8794722565494264,0.7886291018642275
Or5M5,4.571283877374862,-0.5610903865786888
Or5M8,1.592564345882448,2.326660215506748
Or5M9,-5.549689576548384,1.14645112755806
Or5M9B,-6.528290634281794,0.7947968284461816
Or5O1,-3.429841292988325,-3.8118227207484265
Or5P1,3.3232671168757446,-2.375164949926076
Or5P4,3.051430132152571,-5.73478448809987
Or5P5,6.109093170156903,-0.6488518273063105
Or5P50,4.296345572155711,4.363187061418649
Or5P51,6.755318911122175,-1.010746546257263
Or5P52,2.0732028150164243,-4.484143225677309
Or5P53,1.5335104161918305,-4.6945986768403705
Or5P54,-2.002826414793691,2.285423291651383
Or5P55,6.470052826839276,-1.9535051453256609
Or5P56,6.289919845493878,-2.0857123452358577
Or5P57,4.28717672976093,-5.973348865744357
Or5P58,5.931128379473304,-0.882744695949222
Or5P59,7.468315459049646,2.0332006519458856
Or5P6,2.230299345146289,5.3961397550947
Or5P60,5.763494921766464,0.293695874052657
Or5P61,5.952853755654459,2.945571126209812
Or5P62,6.953138257748199,-0.393250957881262
Or5P63,2.592809539041115,6.403383066506405
Or5P64,6.757075004736697,1.3438119907364858
Or5P66,4.35923501339558,0.6815752743691301
Or5P67,5.463574098130686,-0.5328838565100812
Or5P68,6.055895132572421,1.480101458070867
Or5P69,5.75145437641098,-0.1955948861762283
Or5P70,5.0471337339763815,2.48152238866853
Or5P72,6.1697383529274585,2.4334324783052605
Or5P73,5.441651559747456,0.2806001894020055
Or5P76,2.060349806347463,5.071472838242152
Or5P78,4.391425469876179,1.2871674319991486
Or5P79,4.563192894797048,4.837311114334979
Or5P80,5.227408387573503,-3.341581599279365
Or5P81,6.013233089168731,-2.2941873509731177
Or5T15,0.9608597387582948,0.4448180556700492
Or5T16,5.413849061928244,-1.8344897528161308
Or5T17,4.495398040969024,-3.331433924808249
Or5T18,-1.3623716906315204,3.2772599212055917
Or5T5,1.3705746393088365,-6.1195245077626055
Or5T7,6.873923872495254,-3.033513182110468
Or5T9,4.727788806655212,-2.515229560243899
Or5V1,-1.409513952450418,7.6723674718352255
Or5V1B,3.106049945223589,7.091640535970997
Or5W1,-0.4618419138078755,1.7447876462510743
Or5W10,2.905091597850791,3.128549439269978
Or5W11,-0.2430665855175695,-5.710282522702894
Or5W12,0.549545802962976,-6.553751965407526
Or5W13,-3.4333511782192847,-5.19545634578427
Or5W14,1.6858322803006778,-5.749402286543452
Or5W15,1.3006284985254568,-2.477107802177248
Or5W16,-2.7328828371465894,-5.7613959038102855
Or5W18,2.760783578368146,-5.027054996641202
Or5W19,2.224187256780038,-3.1960322678727
Or5W1B,-1.6747604061553352,5.848859019661656
Or5W20,1.3003426642597844,-5.9810720168900895
Or5W22,3.653493899185962,-4.737007586186897
Or5W8,0.3662838364921016,-5.236600282158324
Or6A2,-3.5981570191611696,-0.1435368999243056
Or6Aa1,-1.4427748995741685,-4.76718413412446
Or6Ae1,2.0189140117492705,-5.898629602479384
Or6B1,-4.867072933574698,-4.787073870160101
Or6B13,-6.393447113807283,-4.819125798806498
Or6B2,2.968863116766319,2.384970529915456
Or6B2B,3.307057386460565,5.5668594695930045
Or6B3,-4.172850768594377,-6.675616423529734
Or6B6,1.0450383846992892,2.00978348377139
Or6B9,-6.257391988485537,-2.8424364318561794
Or6C1,-8.25436770357734,3.6914167262663615
Or6C1B,-4.558981701829731,2.0386837779277784
Or6C2,2.1411592828327484,8.319573076346444
Or6C201,0.517870894677627,8.765814299009303
Or6C202,0.5429201328246223,-2.227237490536328
Or6C203,-1.7773946099153284,7.979585355867063
Or6C204,-0.94715278289562,7.3426804841133295
Or6C205,-7.354844794934031,-1.5915172775175732
Or6C206,-6.59628338507573,0.1791465476448372
Or6C207,-6.31464245168348,0.5358146918096179
Or6C208,-8.771528865620157,3.189838140225003
Or6C209,-8.687782839543566,3.978647398056157
Or6C210,-9.254447312905912,3.682314303150858
Or6C211,-9.159849321540491,1.7147291760146262
Or6C212,-8.240355432565618,1.3673159993388269
Or6C213,-9.019071628855016,1.015553731738461
Or6C214,0.9870758232626804,4.574561307391454
Or6C215,-8.870592818615464,-1.3684459925909818
Or6C216,-4.160083540089159,7.620135168556752
Or6C217,-4.298294662924631,7.458568300442458
Or6C219,4.057092734394467,3.289352943352817
Or6C2B,1.8442445107457857,6.7326700575724
Or6C3,-5.583145218831171,-2.8912997374068983
Or6C33,0.0819274188639693,6.778051733430122
Or6C35,-2.811688401504479,8.983916756984868
Or6C38,-10.0555927895183,2.070266332323988
Or6C3B,-6.477337961931924,2.044553137141881
Or6C5,-0.9051481380474956,3.4390287508992734
Or6C5B,-2.301052451767822,4.856834661826719
Or6C5C,-3.560757634658191,0.8117021184255928
Or6C6,-6.17489363328612,0.2278375359422865
Or6C65,3.0241635960797244,5.246456686857205
Or6C66,-10.071643495163276,-0.3291067591168252
Or6C66B,-10.283063339487146,-0.0683986746028773
Or6C68,-2.075919606694234,9.160282563283156
Or6C69,2.360536455719885,6.224115770838887
Or6C69B,-1.1102717410826033,4.869208287170191
Or6C69C,-6.791460771223958,6.006622690782561
Or6C6C,-5.21854602687498,0.2649972404968717
Or6C7,-1.066583607088899,3.078656597950707
Or6C70,-4.442295686394366,7.140245176232425
Or6C74,-10.330159677825248,2.133934227839952
Or6C75,-7.36537242950963,-3.127651255729183
Or6C76,-5.66866423137835,-0.0511903347735497
Or6C76B,-2.046223432587341,-0.6563774212917265
Or6C8,-2.668592683565058,-3.876421565173351
Or6C88,0.8662880191689131,8.223580771984384
Or6D12,-5.584945032046965,-0.3128423665338294
Or6D13,-5.9721369966707645,2.0371363509293654
Or6D14,-6.550440648358053,2.7595788557835754
Or6D15,-3.180510846885101,4.469424912754005
Or6E1,-7.8897442703439395,-1.5340047546537352
Or6F1,4.022959332779749,-2.454748454888076
Or6F2,1.7770472217102842,-0.2491863601327746
Or6K14,-1.8221814319062115,-3.3300954871941557
Or6K2,3.974702751712399,-0.5137693323831207
Or6K4,5.175513365114831,-3.912234707776304
Or6K6,1.6799675987196043,0.4316065369140329
Or6N1,4.129620185955339,-3.4496441023695845
Or6N2,5.820302301153624,-4.5063609073417865
Or6P1,1.2354189619774611,4.206509081283898
Or6S1,4.0380572943310655,-2.908110699468277
Or6X1,-3.2464686864799046,-5.1636221441810415
Or6Y1,-5.2865444190672095,-4.011785156637544
Or6Z1,0.7011273723951175,-3.106371368144288
Or6Z3,0.7381861360543306,-6.379188935549866
Or6Z5,0.7690547787785699,-1.314438716744734
Or6Z6,1.2039758457468128,-4.01320978505491
Or6Z7,3.527788126073368,-4.420174735166617
Or7A35,-4.885325378555702,1.0564408594360075
Or7A36,-4.66775695177968,2.1397710721179943
Or7A37,-5.665815871048199,-0.3292728874013209
Or7A38,-5.762587053672942,-2.5909225462315755
Or7A39,-3.5258892292280124,0.6425839706113118
Or7A40,-3.0235256371890555,1.6362880885180993
Or7A41,-6.640494771785077,-1.4060254888541874
Or7A42,-6.378029402782151,-2.53973416927409
Or7C19,2.1720426349116604,5.890608410747295
Or7C70,6.497734049419947,3.718343961645712
Or7D10,-0.6487707757884384,5.481954410127021
Or7D11,-8.85544127935655,-0.6105004340216382
Or7D9,-1.396140803251264,4.585588756726178
Or7E165,-5.885051733023046,-4.39487151778845
Or7E166,-6.1212696805534055,-2.890415847705027
Or7E168,3.7905350984911608,2.5838287341528265
Or7E169,-6.40107545192601,-2.21004422510582
Or7E170,4.065696718515549,6.69504442370699
Or7E173,1.555917442458135,-0.5833138444860816
Or7E174,-4.070800103920824,-0.2815217880333937
Or7E175,-7.247680656379314,-1.7544110958261183
Or7E176,0.5396732388558988,5.179428343747756
Or7E177,4.45732205241811,2.705660499456389
Or7E178,-3.971793943008157,2.405215136670232
Or7G12,-3.374732684179553,-4.424972057635319
Or7G16,-6.758067014463264,1.5878707893536788
Or7G17,-0.7627456776545418,-0.4081530152211412
Or7G18,-2.211704597648738,4.540458502055442
Or7G19,-0.5362966427413112,-5.2767420642803895
Or7G20,-7.047321604473642,1.3903765567877082
Or7G21,-2.655097688094719,4.922344781706467
Or7G22,-6.039581848813433,-0.0163551727773037
Or7G25,-7.062041141962136,-2.063746218648856
Or7G27,-3.134632013280596,-0.2657170116678164
Or7G28,-6.314208938280383,0.244227159902599
Or7G29,-1.5980846802393602,5.789650878161142
Or7G30,-4.602646222552849,4.766314409036338
Or7G32,0.950378243476749,5.365134900984585
Or7G33,-6.520505324857712,0.5726424675133244
Or7G34,-6.713097459331978,0.1005106553829355
Or7G35,0.718334983166903,4.444331901403921
Or7H8,-3.2694299200078545,2.949014444645402
Or8A1,-6.870537825958533,0.8779547385497132
Or8A1B,-6.32236886037,-4.655247038345248
Or8B1,1.5512603965386744,-6.00974240107347
Or8B101,-4.191874319663654,-4.676937386889253
Or8B12,2.411688364198397,-2.961542565073779
Or8B12B,0.5114896105762544,-1.2593633386380338
Or8B12C,1.3391672394479723,-1.056748075174378
Or8B12I,-1.2296421229877363,4.757957374004645
Or8B1B,0.3739962463653932,-7.89102993832015
Or8B1C,0.0044485322138225,-7.210342024327035
Or8B3,0.1144097058716002,-5.18493663119895
Or8B35,-0.4707407249934275,-5.199896252791656
Or8B36,-3.3847771258709054,-5.443638340609349
Or8B37,-4.975352360907704,-3.0271564805186872
Or8B38,-2.684558504377401,-4.126299803175641
Or8B39,-4.057129120021163,-2.579448923067462
Or8B3B,0.2372492037354364,-3.85332410251978
Or8B4,3.596979226577825,4.036392206986315
Or8B40,-6.06511655534102,-0.8589888884994328
Or8B41,-6.88862359798479,-1.497243402160483
Or8B42,-4.637864796106636,-4.19621900485704
Or8B43,-5.222754165304507,-4.075347006526456
Or8B44,0.7688314069467732,-8.034909208048788
Or8B46,0.0897105358740455,-7.336916070056383
Or8B48,-0.9397493150363712,-7.907626625549554
Or8B49,-4.125542621656135,-1.2109922955406929
Or8B50,1.494420531923264,-6.775525161186611
Or8B51,3.539688812020493,-5.5189572655622525
Or8B52,2.2592950046336653,-6.253900749038861
Or8B53,1.1918523348758476,-7.03078467369952
Or8B54,-2.123976880943513,-7.114620375650301
Or8B55,-4.100382884291981,-4.121437299246897
Or8B56,-3.354738528292361,-5.461105168199018
Or8B57,-0.6973827618860797,-4.31554716612823
Or8B8,-2.9335411518086314,-1.5809966169200176
Or8B9,0.57018900636865,-4.282980587223516
Or8C10,4.372451933381257,-1.4158013203497162
Or8C11,-4.030516903685212,2.432874341839166
Or8C13,-9.047062551492504,1.1779364239287131
Or8C15,-7.096326831125024,-1.6914728353216093
Or8C16,-7.940035976789107,-0.0085852681842891
Or8C17,-8.128349820046582,-1.5072372924111543
Or8C20,-1.840866242606945,3.604800099189803
Or8C8,-6.291862157208462,1.012074836122901
Or8C9,-4.811811999495578,3.24972692394129
Or8D1,-3.4874418067470345,-2.153335958320923
Or8D1B,-3.3922128997599303,-2.9871706381447525
Or8D2,-2.3106758307924964,-7.216524273164311
Or8D23,-3.7122014926081777,-4.064879547064258
Or8D2B,-3.284493005424659,-6.715603628762681
Or8D4,-0.5918875425577288,-7.605246156192456
Or8D6,5.957084798580894,-1.043635554496911
Or8G17,-1.2099673357321408,6.988670467523967
Or8G18,2.41432028789986,5.873244434993555
Or8G19,-5.262225820753415,3.1021373730254607
Or8G2,-8.904448489584956,-1.5009393316073742
Or8G20,-6.141165944554545,-2.8810319911390003
Or8G21,-7.981762443953829,-1.99881465090922
Or8G23,-6.1010300384849385,-2.692128628339859
Or8G24,0.0846189984896889,-7.424580646630408
Or8G26,-8.555712652176934,-0.2273829530527238
Or8G27,-3.87868788873543,5.173587966170079
Or8G28,-6.320718929323679,1.1725155651425927
Or8G2B,-1.7469520899216855,3.570443521972783
Or8G30,-7.895768266121247,0.4986479509670293
Or8G32,-4.2515033613762006,5.541022129875717
Or8G33,-0.1103335082951202,-6.297023591283836
Or8G34,-3.732428726122905,7.081842531825508
Or8G35,-3.3292032776917853,-6.695424171387831
Or8G36,5.756359434506498,2.6923657487233785
Or8G37,-1.9113175496563768,-7.73797275776139
Or8G4,-3.682014908467421,-5.911067234059481
Or8G50,-9.286774489784912,-2.591320012319795
Or8G51,-2.1696038950705168,6.083925069754122
Or8G52,-5.989728973065827,-4.739380870228099
Or8G53,-2.8047631776194666,-4.647871813599777
Or8G54,-1.4170529995616947,-6.982183186823143
Or8G55,4.603699888324279,-0.8380273288467155
Or8H10,-0.1506954120263477,-3.7808499049712494
Or8H7,-1.9720425235552503,-7.569825960381751
Or8H8,-5.0268259196660985,-5.932995034281194
Or8H9,-5.503342299746656,-5.362779443773429
Or8I2,1.2221155215399797,3.272579342112224
Or8J3,3.4270020770867045,-4.559226957690395
Or8J3B,2.4973027299250856,-3.900577706838615
Or8J3C,1.0225440134634909,-3.376141485055954
Or8K1,-7.189207925112517,-3.505925457130955
Or8K16,2.3970436843654084,0.1561792545276572
Or8K17,1.4083848529723304,3.233408817971356
Or8K18,-6.542592437032133,-4.502881002320122
Or8K20,-7.144984418980592,-2.577108028882032
Or8K21,2.610952916275121,-0.8656415863607531
Or8K22,-6.531109269620524,0.4314808107635548
Or8K23,-6.12933171406689,-4.06019959747768
Or8K24,-1.036935455180791,-4.190099658449828
Or8K25,-3.2160159573595517,4.68720635647456
Or8K27,-5.863714300120573,-0.7579855113926954
Or8K28,-7.238984461989018,0.5669831207004516
Or8K3,2.718034302808001,-3.5352761300474898
Or8K30,-3.436892647003195,1.5541497886970703
Or8K32,-6.931466554089207,-1.002955533219573
Or8K33,-8.076654523953902,-0.7908510347865318
Or8K35,-7.59592640136654,-0.8454884310256615
Or8K37,-1.348271398935844,5.222382039673405
Or8K38,-7.4077016707216705,-1.984362078518037
Or8K39,-6.7642006543878,0.445412655239296
Or8K3B,0.4609766221753965,-3.4824867877423107
Or8K40,-4.357433883936521,-2.863795040560084
Or8K41,-8.428604637539161,-1.3778705781473992
Or8K53,2.11347237402913,7.439014626222326
Or8S10,4.557715771196254,-1.662254522616169
Or8S16,0.6174042362764955,-4.590640116534972
Or8S2,2.8832485191427555,-5.146752158408155
Or8S5,2.1775869737661555,5.076865190684937
Or8S8,5.100119060347769,-4.187314989732235
Or8U10,-5.0995598437857055,-3.7871656305681136
Or8U8,0.79479147914256,1.0248685331082423
Or8U9,-0.8529596754058624,5.676000738190768
Or8W1,-0.2904471661878142,-6.224828716068977
Or9A2,-5.464845848387034,-0.136254131490447
Or9A4,-9.778021701731369,2.1125341446929573
Or9A7,0.4384232646981268,-3.046380360230206
Or9E1,-1.5242208472658312,-0.2926156587153118
Or9G19,4.603206404402677,1.5894223271215038
Or9G20,1.3013248345488082,0.1226004381299343
Or9G3,2.0753109771794773,4.576086977815171
Or9G4,3.847086711761919,-0.2484473768145543
Or9G4B,-1.1025739389842142,-4.647894669762652
Or9G8,4.074162343144327,2.0121633486156445
Or9I1,4.379155043123101,2.1275624352020825
Or9I14,3.2254085700549986,1.780397427940334
Or9I16,3.965170924907111,3.3023859146433656
Or9I1B,6.86386155868126,1.8052306709521055
Or9I2,6.157796316412392,1.7087020853429291
Or9K2,5.059818542757635,1.5163128979103255
Or9K2B,2.841229424309066,2.429613159544012
Or9K7,4.8009244054653495,-1.8704807262292773
Or9M1,2.5234861588462456,-0.4575492848731525
Or9M1B,2.1511072968261544,-0.4290184877948503
Or9M2,-0.3168845033997386,3.506093332786878
Or9Q1,3.609331199006581,-3.573507959614147
Or9Q2,1.4325853062551492,-1.5696134735507272
Or9R3,4.853457241848581,-3.1308470249694587
Or9R7,4.7793958230391365,-2.182573004025284
Or9S13,3.725141338135485,-3.4665362393764108
Or9S14,4.082254477991314,-4.386256933948331
Or9S15,3.08989142280097,-5.685028363009226
Or9S18,5.799299353068678,2.523200044136227
Or9S23,3.904039502692878,-4.893195287070322
Or9S27,3.095463468630318,-3.088310155055936
