,Olfr,Umap_1,Umap_2,Umap_3,rtp_ko,new_cluster,zone,stress_score,stress_bin,DL_OR,Class
0,Olfr1,4.143435,7.517646,6.0982833,,,,,,Or1E16,1
1,Olfr10,8.629912,4.0975013,3.703943,,3,,0.4269954916286116,NA,Or2Y1B,2
2,Olfr1000,4.0167313,6.197482,6.251487,uOR,5,2,1.2148909203591327,NA,Or5G23,5
3,Olfr1002,8.068549,9.070724,4.289464,uOR,5,1,2.7398686712492477,Low stress,Or5G25,5
4,Olfr1006,9.501297,7.5813456,4.829519,uOR,5,2,1.544004074771662,NA,Or9G4,9
5,Olfr1008,10.089924,6.0648837,4.1458035,oOR,5,5,2.1728252866054807,Low stress,Or8K16,8
6,Olfr1009,6.091522,8.980144,5.972305,uOR,5,1,1.212650027533896,NA,Or5G9,5
7,Olfr101,6.20028,8.670392,5.125509,oOR,3,2,2.608582220688893,Low stress,Or12D12,12
8,Olfr1012,7.758078,8.894839,4.1653705,oOR,5,2,1.5968895238274614,NA,Or9G3,9
9,Olfr1013,9.652671,7.565571,4.4757724,oOR,5,2,1.4248505042907158,NA,Or9G19,9
10,Olfr1014,9.676361,7.420022,4.9990463,uOR,5,2,3.1027788357746986,Low stress,Or9G8,9
11,Olfr1015,6.993165,4.470079,5.123803,uOR,5,2,3.1466718844497708,Low stress,Or9G4B,9
12,Olfr1016,9.268448,6.137191,5.046935,,5,2,1.793360353596838,NA,Or9G20,9
13,Olfr1018,9.373131,6.217171,4.691356,uOR,3,2,-2.4061138218312896,High stress,Or2Ah1,2
14,Olfr1019,9.1358,6.6456947,3.656002,oOR,5,1,1.6251196952715572,NA,Or5Ar1,5
15,Olfr102,6.6638393,8.728766,4.7594113,oOR,3,,0.222974338433652,NA,Or12D2,12
16,Olfr1020,9.387192,6.066274,4.989049,,5,1,2.890568671776649,Low stress,Or5Ap2,5
17,Olfr1022,9.7186365,6.831427,4.5381613,,5,,2.207117921132053,Low stress,Or5M10B,5
18,Olfr1023,9.728754,6.8462067,4.536324,,5,2,1.1637760140515063,NA,Or5M10,5
19,Olfr1024,9.742577,7.3659897,3.4197898,,5,1,0.7044825409133976,NA,Or5M12,5
20,Olfr1025-ps1,9.181154,6.800089,3.647992,,5,,1.0642295831207835,NA,,
21,Olfr1026,5.1186137,8.287674,5.369047,uOR,5,1,2.7207978375643185,Low stress,Or5M13B,5
22,Olfr1028,9.124295,6.7075067,3.6760623,,5,1,0.7000649720930341,NA,Or5M11,5
23,Olfr1029,8.945073,6.6110435,3.787385,uOR,5,1,1.038704338571193,NA,Or5M11B,5
24,Olfr103,9.23135,7.010794,3.6952968,oOR,3,2,0.2121289332283319,NA,Or12D13,12
25,Olfr1030,9.078267,6.4841213,3.5246692,uOR,5,1,0.3121434050903424,NA,Or5M5,5
26,Olfr1031,8.725491,6.5955276,5.1768146,,5,1,0.0791462339822835,NA,Or5M8,5
27,Olfr1032,8.061609,5.077762,3.7061427,uOR,5,1,2.417035663896137,Low stress,Or5M3,5
28,Olfr1033,8.3482485,9.136753,4.5306735,,,,,,Or5M3B,5
29,Olfr1034,5.108793,6.5634317,6.5340157,uOR,5,1,1.892425506861508,NA,Or5M9,5
30,Olfr1036,5.018671,6.6117907,6.5453033,uOR,5,1,2.161224545564722,Low stress,Or5M9B,5
31,Olfr1037,6.03621,6.7671533,5.3555865,uOR,5,1,-0.0488495241957233,NA,Or8U10,8
32,Olfr1038,4.392154,7.8678412,6.3683467,,,,,,,
33,Olfr1038-ps,4.375829,7.91429,6.3719893,,,,,,,
34,Olfr1039,8.455721,6.967612,5.249306,uOR,5,1,2.7786315369809302,Low stress,Or5Al5,5
35,Olfr104-ps,7.4041114,7.1206894,6.4899096,,3,,0.0721375086315353,NA,,
36,Olfr1040,7.9076085,9.020618,4.16322,oOR,5,,2.3053766483981204,Low stress,Or5Al6,5
37,Olfr1042,7.0977607,9.35273,4.710169,uOR,5,1,3.060447264799414,Low stress,Or5Al1,5
38,Olfr1043,5.9069085,4.3242345,4.981502,uOR,5,1,3.5497950969724497,Low stress,Or5Al7,5
39,Olfr1044,7.083844,9.535064,4.0224943,uOR,5,1,1.8863181233647788,NA,Or8U9,8
40,Olfr1045,9.032496,6.229882,3.4102948,uOR,5,1,1.0849963318392968,NA,Or8J3,8
41,Olfr1046,5.224901,5.188612,5.9969788,uOR,5,1,3.19041674397943,Low stress,Or8K1,8
42,Olfr1047,9.659554,6.5373707,4.7853646,uOR,5,1,2.9417991356576265,Low stress,Or8K3,8
43,Olfr1048,8.69958,8.985302,3.3089979,uOR,5,1,1.7794034826802696,NA,Or8K17,8
44,Olfr1049,4.3333673,7.652738,5.79994,uOR,5,2,2.2582135994913464,Low stress,Or8K18,8
45,Olfr105-ps,8.1964,7.890857,3.3544366,,3,,1.3594830888958005,NA,,
46,Olfr1051,4.7312226,8.525396,5.5500917,uOR,5,1.5,1.1236084518049148,NA,Or8K20,8
47,Olfr1052,8.758729,7.2550235,5.111022,uOR,5,1,0.7409766682309735,NA,Or5J3,5
48,Olfr1053,8.684292,8.984531,3.3184571,uOR,5,,3.4050193468354037,Low stress,Or8K21,8
49,Olfr1054,4.282873,8.006549,6.547392,,5,1,1.9737302210458003,NA,Or8K22,8
50,Olfr1055,7.8790994,9.309627,4.9746504,,5,1,1.775389365806636,NA,Or8K53,8
51,Olfr1056,4.265713,7.968346,6.411428,oOR,5,1,1.12234098715693,NA,Or8K23,8
52,Olfr1057,7.6435027,9.018587,3.7318883,oOR,5,1.5,-0.2076644993997426,NA,Or8J3B,8
53,Olfr1058,7.594749,7.0158644,6.488727,,5,,4.109290365950349,Low stress,Or8K24,8
54,Olfr106-ps,7.2060895,5.0465617,5.5140853,,3,,0.9484079174819676,NA,,
55,Olfr1061,5.1517115,9.031073,5.633934,oOR,5,,2.113502387014372,Low stress,Or8K25,8
56,Olfr1062,8.376471,5.4035645,3.9562843,,5,2,0.7981434692757041,NA,Or8J3C,8
57,Olfr1065,5.185538,9.06504,5.8371477,uOR,5,1.5,3.24209782898045,Low stress,Or8K27,8
58,Olfr1066,4.1651034,7.5707703,6.3744555,,5,,2.231953892441425,Low stress,Or8K28,8
59,Olfr107,8.361261,5.233147,3.8355713,uOR,6,1.5,0.4671305244022266,NA,Or1O1,1
60,Olfr1076,7.4906445,6.853141,6.540889,,5,,2.0740104376256854,Low stress,Or8K30,8
61,Olfr1079,4.3176446,7.9198956,6.3934226,oOR,5,1.5,0.1490821095417342,NA,Or8K32,8
62,Olfr108,7.8299775,6.2103896,5.3689327,,6,,1.7024377995174755,NA,Or1O11,1
63,Olfr1080,4.4092774,8.076157,6.415684,oOR,5,3,0.3913569709938551,NA,Or8K33,8
64,Olfr1082,9.624434,6.587492,4.7795787,,5,2.5,0.7634142622932732,NA,Or8K35,8
65,Olfr1084,7.5522404,9.337414,5.439475,,5,,1.6186280164413558,NA,Or8K37,8
66,Olfr1085,4.987895,8.877672,6.2391376,uOR,5,2,1.7471892947119558,NA,Or8K38,8
67,Olfr1086,9.454177,7.491852,2.6769462,,5,1,0.4021477894767305,NA,Or5T7,5
68,Olfr1087,8.227904,4.803093,4.2817526,uOR,5,2,2.514267390689063,Low stress,Or8K3B,8
69,Olfr1089,5.089181,8.557001,6.3960032,oOR,5,2.5,4.689877602285093,Low stress,Or8K39,8
70,Olfr109,6.4991016,6.6016,5.389163,oOR,3,2.5,0.7847572461270326,NA,Or12D17,12
71,Olfr1090,5.71323,8.371489,5.382562,uOR,5,2.5,1.201894403748491,NA,Or8K40,8
72,Olfr1093,6.1806927,3.8319826,4.5606046,uOR,5,3.5,1.5306429444661385,NA,Or5T5,5
73,Olfr1094,8.634101,6.347828,3.6417212,uOR,5,1.5,0.2100688845988953,NA,Or5T9,5
74,Olfr1095,7.1124053,9.512184,3.9820569,,5,1.5,-0.4506338394920142,NA,Or5T15,5
75,Olfr1096,5.438252,5.200721,6.2077513,,,,,,,
76,Olfr1097,6.218099,4.3511896,5.1271963,uOR,5,4,0.1430810667464285,NA,Or8H7,8
77,Olfr1098,5.626236,5.424983,6.1230497,uOR,5,4,-0.022441622549961,NA,Or8H8,8
78,Olfr1099,5.3779316,5.513175,6.6219687,uOR,5,3.5,0.4131922362622945,NA,Or8H9,8
79,Olfr11,6.2048874,4.798588,5.7125697,uOR,3,3,2.085145814719433,Low stress,Or2B6,2
80,Olfr110,8.5058365,7.431393,6.306769,oOR,3,3,0.1926097277151182,NA,Or5V1,5
81,Olfr1100,7.882648,6.242146,5.438662,uOR,5,3,0.3405378073393776,NA,Or8H10,8
82,Olfr1101,8.577327,6.4272666,4.5743356,,5,1.5,1.228432456943848,NA,Or5T16,5
83,Olfr1102,8.7997465,6.5250964,3.6216047,uOR,5,1,1.5968558776576396,NA,Or5T17,5
84,Olfr1104,8.963478,6.5107737,5.2864404,uOR,5,1.5,0.862271643132608,NA,Or8I2,8
85,Olfr1105,7.238064,6.5093336,5.489368,oOR,5,1.5,-1.2964515054974457,NA,Or5Be3,5
86,Olfr1106,9.508004,6.0253487,4.686754,uOR,5,1,0.660529217005694,NA,Or5J1,5
87,Olfr1107,9.440884,5.043024,3.341577,oOR,5,3,-1.9677803007423544,NA,Or5Aq1B,5
88,Olfr1109,8.131552,4.74693,4.2804127,,5,1.5,3.4372645509694397,Low stress,Or5Aq6,5
89,Olfr111,9.636931,8.145268,5.4568443,oOR,3,2.5,-0.1540627475003459,NA,Or5V1B,5
90,Olfr1110,8.131058,4.7476587,4.281989,oOR,5,3,1.1455717924101592,NA,Or5Aq1,5
91,Olfr1111,9.706721,5.153221,3.474703,uOR,5,1.5,1.0851802291867918,NA,Or5As1,5
92,Olfr1112,6.425811,4.1009507,5.0095572,uOR,3,3.5,-0.8491361586454237,NA,Or12E1,12
93,Olfr1113,6.4174924,6.157572,7.43051,,3,1,-0.3318600397921777,NA,Or10Ag52,10
94,Olfr1115,8.63513,6.264684,5.4801145,uOR,3,2,-0.5632730550658608,NA,Or10Ag53,10
95,Olfr1116,9.922938,6.544823,4.4917736,,3,,-0.1277272430665832,NA,Or10Ag54,10
96,Olfr1118,9.902577,6.5969253,4.3659863,uOR,3,3.5,0.9816028578587728,NA,Or10Ag56,10
97,Olfr112,9.724966,5.931534,5.1869617,uOR,3,2.5,1.133035668506654,NA,Or14J9,14
98,Olfr1120,6.005122,6.3020496,7.3018484,,3,3,0.1258681690784505,NA,Or12E8,12
99,Olfr1121,5.964811,6.209646,7.2343416,uOR,3,2.5,1.3248565846752716,NA,Or12E9,12
100,Olfr1122,9.420482,6.307293,4.618917,,3,1.5,0.3196598795619894,NA,Or10Ag57,10
101,Olfr1123,9.840011,6.3311143,4.462221,uOR,3,3,-0.4742055253581564,NA,Or10Ag2,10
102,Olfr1124,8.554327,8.462558,3.3778543,,3,3,0.696181227526894,NA,Or10Ag58,10
103,Olfr1126,9.443952,6.7346735,3.218779,,3,3,0.8041894588044384,NA,Or12E7,12
104,Olfr1128,7.7367167,8.916352,5.4599633,,5,,-0.8747044052490256,NA,Or5W10,5
105,Olfr1129,7.700665,5.5469036,5.7051806,uOR,3,3,-0.1609996428338869,NA,Or10Ag59,10
106,Olfr113,8.31781,8.955133,4.889136,,3,3,1.4409021528588997,NA,Or14J2,14
107,Olfr1130,9.577254,6.4763565,3.3693135,uOR,3,2.5,0.603634345470557,NA,Or10Ag60,10
108,Olfr1131,6.352415,3.8823888,4.64492,uOR,5,1,2.502862969279876,Low stress,Or5W11,5
109,Olfr1132,6.306807,3.732557,4.4589143,oOR,5,1,3.4412367758738758,Low stress,Or8W1,8
110,Olfr1133,7.779882,7.1672993,6.3038697,uOR,5,1.5,3.8960518567300935,Low stress,Or5W1B,5
111,Olfr1134,7.6325574,6.9649205,6.3894925,uOR,5,2,2.854527584084525,Low stress,Or5W1,5
112,Olfr1135,6.3282804,3.6939416,4.460468,uOR,5,2,1.9569845822313456,NA,Or5W12,5
113,Olfr1136,4.36326,6.166904,5.4188366,,5,,3.586565418789415,Low stress,Or5W13,5
114,Olfr1137,8.494229,5.0455847,3.908153,uOR,5,1,2.3437184656308583,Low stress,Or5W14,5
115,Olfr1138,8.688056,6.7723026,4.4349194,,5,2,2.431392055393012,Low stress,Or5W15,5
116,Olfr114,9.8917265,6.2255163,5.1198335,uOR,3,3,3.964939829212368,Low stress,Or14J3,14
117,Olfr1140,5.8519154,4.251264,4.8861685,uOR,5,1.5,2.338325077362436,Low stress,Or5W16,5
118,Olfr1141,9.693032,5.8268065,5.6642466,,5,,3.042477414351511,Low stress,Olfr1141,None
119,Olfr1143,7.767268,4.726453,3.6724632,uOR,5,2,3.020717714762191,Low stress,Or5W18,5
120,Olfr1145,8.967779,5.012839,3.6111014,,3,2,1.9508972107512796,NA,Or12E10,12
121,Olfr1148,6.6188173,6.1208715,7.4731164,uOR,3,2.5,0.6999273366253723,NA,Or12E13,12
122,Olfr115,8.003483,9.250999,5.292024,,3,2.5,3.3003111127675138,Low stress,Or14J4,14
123,Olfr1150-ps1,9.4556,5.0599413,3.5938144,,3,,1.174135520826831,NA,,
124,Olfr1151,7.554876,4.7589736,3.734178,uOR,5,2,2.574441886675685,Low stress,Or5W8,5
125,Olfr1152,7.8896685,4.956439,3.6804702,uOR,5,2.5,-0.12237793330539,NA,Or5W19,5
126,Olfr1153,7.814373,4.5449533,3.6301746,,5,2,2.9705303450436404,Low stress,Or5W20,5
127,Olfr1154,8.134956,9.234377,4.5741496,uOR,5,1,2.387085521026927,Low stress,Or9M1,9
128,Olfr1155,3.9420485,6.2882276,6.219365,uOR,5,1,2.609023840081296,Low stress,Or5D16,5
129,Olfr1156,8.831953,8.778429,4.2751164,,5,1,0.2757575668286507,NA,Or5L13,5
130,Olfr1157,7.075143,9.437011,3.8581524,uOR,5,1,2.051921705154782,Low stress,Or5L14,5
131,Olfr1158,8.108736,9.249833,4.562144,,5,,2.8324911776349704,Low stress,Or9M2,9
132,Olfr116,7.195201,9.521036,3.9884553,uOR,3,3,2.8685639366059053,Low stress,Or14J10,14
133,Olfr1160,9.371333,6.8037367,4.151925,uOR,5,,1.9747445706959008,NA,Or9M1B,9
134,Olfr1161,4.422646,6.713259,5.997871,uOR,5,,2.238883205302559,Low stress,Or5D35,5
135,Olfr1162,9.427795,5.992016,5.076113,uOR,5,1,1.5529104568567862,NA,Or5D14,5
136,Olfr1163,6.413795,3.6057184,4.3292994,,5,1.5,1.9336951733313728,NA,Or5D36,5
137,Olfr1164,4.0158496,7.2953243,6.0211635,,5,,3.764096815289455,Low stress,Or5D37,5
138,Olfr1166,4.6423073,5.7760625,5.206789,,5,1.5,2.4517921399002964,Low stress,Or5D38,5
139,Olfr1167,4.666404,8.069771,5.229949,,5,1,0.0833689371000434,NA,Or5D39,5
140,Olfr1168,6.922262,9.187033,3.543037,oOR,5,1.5,1.137514460494915,NA,Or5D40,5
141,Olfr117,8.735575,4.0099287,3.3788357,,3,3,0.1432999471513243,NA,Or2G25,2
142,Olfr1170,4.0482607,7.2516603,5.697232,uOR,5,1,1.4719449058100451,NA,Or5D41,5
143,Olfr1173,4.074616,7.263407,5.700954,,5,1,0.1112736184193382,NA,Or5D43,5
144,Olfr1174,4.832396,8.401335,5.5410423,,,,,,,
145,Olfr1174-ps,4.792511,8.381072,5.607926,,5,,1.1758264197681112,NA,,
146,Olfr1175,4.7782493,8.356042,5.627255,,,,,,,
147,Olfr1175-ps,4.7731214,8.360391,5.635046,,5,,0.3801546829498375,NA,,
148,Olfr1176,10.168456,6.1282415,4.167676,uOR,5,1,0.8700663304964624,NA,Or5D46,5
149,Olfr1177,9.575178,5.277824,3.086274,,,,,,,
150,Olfr1177-ps,9.551862,5.2904506,3.109394,,5,,0.6901585080604492,NA,,
151,Olfr1178,9.194021,6.943653,2.5124717,uOR,2,4,-0.2950969639356487,NA,Or4P7,4
152,Olfr1179,9.516769,6.311734,2.7602093,,2,5,-3.8291692814553673,High stress,Or4P18,4
153,Olfr118,9.776198,6.087643,3.885516,oOR,3,2,0.3061067070292507,NA,Or10Al2,10
154,Olfr1180,9.36612,5.846266,2.5344398,,2,5,-0.3664622793345449,NA,Or4P19,4
155,Olfr1181,9.582669,6.504809,2.5566883,,2,5,0.7501413928806361,NA,Or4P20,4
156,Olfr1182,6.927221,9.285399,3.661959,uOR,,,,,Or4P21,4
157,Olfr1183,8.228403,4.922827,4.1347547,uOR,2,4.5,-2.006899355889862,High stress,Or4C31,4
158,Olfr1184,9.474785,6.3418455,2.5566921,uOR,2,4,0.1755669426328402,NA,Or4P22,4
159,Olfr1185-ps1,7.337053,9.128297,3.4603693,,2,,-5.244096959827516,High stress,,
160,Olfr1186,9.301273,6.3225927,2.456044,,2,4.5,-1.4717586260168274,NA,Or4C100,4
161,Olfr1188,4.6558204,6.763454,4.8490267,,2,,4.034642881187586,Low stress,Or4C101,4
162,Olfr1189,8.957798,4.236914,3.1864812,,2,2,-1.1308545491067887,NA,Or4C102,4
163,Olfr119,8.606201,8.9880905,3.2985616,oOR,3,2.5,0.2638896536325136,NA,Or10Al3,10
164,Olfr1191-ps1,9.292254,6.012621,2.3576071,,2,,-1.101346878688293,NA,,
165,Olfr1192-ps1,9.413639,5.379039,2.6633537,,2,,-1.4080868441473813,NA,,
166,Olfr1193,9.278799,5.951873,2.4233034,oOR,2,4,-0.512435538004111,NA,Or4S2B,4
167,Olfr1195,9.305909,6.545136,2.3573122,oOR,2,4.5,0.7154112149068242,NA,Or4C103,4
168,Olfr1196,8.0624,7.1517363,4.1573267,uOR,2,4,-1.663928104840129,NA,Or4A66,4
169,Olfr1197,6.1446624,8.406134,5.5730405,oOR,2,4,-1.9452305279635924,NA,Or4A27,4
170,Olfr1198,4.635446,7.701185,5.0534835,uOR,2,4,-1.0743043597468471,NA,Or4P23,4
171,Olfr1199,9.289443,6.717337,2.3137271,,2,5,0.1563957196334755,NA,Or4C104,4
172,Olfr12,8.516099,6.152697,3.9112637,uOR,5,4,-0.0035725016130339,NA,Or9S13,9
173,Olfr120,9.8121605,6.074702,3.9403188,oOR,3,2,-0.4849790113731351,NA,Or10Al4,10
174,Olfr1200,8.1124115,7.2600465,4.1811514,uOR,2,4,-0.4002356448600195,NA,Or4A67,4
175,Olfr1201,9.25278,6.826676,2.365652,,2,5,-3.5619606037836165,High stress,Or4C11B,4
176,Olfr1202,5.845694,3.8564203,4.8202515,uOR,2,5,-0.2484893183729721,NA,Or4C105,4
177,Olfr1204,5.6704335,4.00835,4.8566933,,2,5,-0.575044464360576,NA,Or4C106,4
178,Olfr1205,6.8639226,9.226551,3.6109471,uOR,2,5,-1.1048229142963857,NA,Or4C11C,4
179,Olfr1206,5.0097933,8.850446,6.4251413,uOR,2,5,-2.692025774199773,High stress,Or4C11,4
180,Olfr1208,8.183958,7.119091,5.9715066,uOR,2,,-0.8716779390872925,NA,Or4P8,4
181,Olfr1209,9.264461,6.542709,2.3630028,oOR,2,3.5,-0.7992072282656197,NA,Or4C29,4
182,Olfr121,8.143787,8.012084,3.2660046,uOR,3,2.5,-0.3763753127451771,NA,Or10Al5,10
183,Olfr1211,8.237513,3.5817266,3.712278,uOR,2,5,-2.653659653738525,High stress,Or4C15,4
184,Olfr1212,5.2426724,6.724857,6.525797,uOR,2,4.5,-2.3715879634811627,High stress,Or4C107,4
185,Olfr1213,8.506012,8.695967,4.6436486,oOR,,,,,Or4C108,4
186,Olfr1214,5.9173293,4.138148,5.1329503,,2,3.5,-0.0562871776242442,NA,Or4C109,4
187,Olfr1215,7.8008313,9.863382,6.515675,uOR,2,2.5,0.9461460616236932,NA,Or4C110,4
188,Olfr1216,7.6119723,3.2114346,4.002159,,2,2.5,0.3416213100697056,NA,Or4C111,4
189,Olfr1217,6.0397496,8.7307625,5.3747425,uOR,2,2,-1.0038799856723126,NA,Or4C112,4
190,Olfr1218,6.818472,6.570883,5.414087,,2,2.5,-0.900972151667583,NA,Or4C113,4
191,Olfr1219,6.2999644,8.254649,5.9336214,oOR,2,2,-4.0828070618933365,High stress,Or4C114,4
192,Olfr122,8.70286,8.903557,3.2939453,uOR,3,2.5,-0.1260171547485475,NA,Or10Al6,10
193,Olfr1220,4.408535,7.576436,5.276476,,2,4.5,-1.7755774600828769,NA,Or4C115,4
194,Olfr1221,5.877043,5.4697676,6.0501885,uOR,2,3,-1.1973480882179806,NA,Or4C116,4
195,Olfr1222,7.853697,3.3221045,3.9343946,uOR,2,2.5,-1.493084127434067,NA,Or4C117,4
196,Olfr1223,5.139515,6.841479,7.0265503,,2,3.5,-1.7716292161621527,NA,Or4C118,4
197,Olfr1224-ps1,5.148937,6.758737,6.545992,,2,,0.3318284275103957,NA,,
198,Olfr1225,7.4472027,6.8380632,6.8088617,uOR,2,2,0.1610372237033747,NA,Or4C120,4
199,Olfr1226,6.390648,6.5876174,5.413274,oOR,2,4,-3.0844940078000307,High stress,Or4C121,4
200,Olfr1228,8.277309,3.6704378,3.915333,uOR,2,5,-1.1354837013616317,NA,Or4C122,4
201,Olfr1229,7.3118286,9.175365,3.525373,uOR,2,4,-2.0910767538040043,High stress,Or4C15B,4
202,Olfr123,9.681959,4.4018927,3.673373,uOR,3,3.5,-1.3796623013469518,NA,Or2G1,2
203,Olfr1230,6.0540295,5.1952553,6.0026703,,2,4.5,-2.407003376550369,High stress,Or4C123,4
204,Olfr1231,7.114521,3.0935311,4.0524707,oOR,2,2,-1.122816764214093,NA,Or4C1,4
205,Olfr1232,9.790204,7.044273,3.3343437,,2,3.5,-0.3560135299496332,NA,Or4C124,4
206,Olfr1233,4.5617833,6.832225,4.93508,uOR,2,2,0.3789655355151775,NA,Or4C125,4
207,Olfr1234,4.8691044,6.73696,4.8710947,uOR,2,2.5,-1.0567249064470463,NA,Or4A15,4
208,Olfr1238,4.760141,7.1148047,4.8515196,uOR,2,3,-0.4174071134860986,NA,Or4A39,4
209,Olfr1239,5.306215,6.6567655,6.875067,oOR,2,3,-1.746446619647464,NA,Or4A2,4
210,Olfr124,9.6899805,4.4575768,3.7593253,uOR,3,4.5,-4.826295342694108,High stress,Or2B4,2
211,Olfr1240,8.956396,4.2455206,3.1824193,uOR,2,3,-0.2457032908840856,NA,Or4A68,4
212,Olfr1241,7.539544,3.1274354,3.9843404,uOR,2,4,-0.6872513948421347,NA,Or4A69,4
213,Olfr1242,6.4089465,3.7926733,4.32993,uOR,2,4,-4.420415687756299,High stress,Or4A70,4
214,Olfr1243,4.9256263,6.7064323,4.7611012,oOR,2,3.5,-1.9861170122148848,NA,Or4A71,4
215,Olfr1245,7.845712,3.274682,3.8316948,,2,,-0.2889958114555838,NA,Or4A72,4
216,Olfr1246,7.636806,3.1549165,3.929757,uOR,2,3,0.4385800011646829,NA,Or4A73,4
217,Olfr1247,9.565363,5.00429,3.0238717,,2,3,-0.1754761031404252,NA,Or4A74,4
218,Olfr1248,7.2997885,3.0918326,4.016559,,2,3,-0.449899412175091,NA,Or4A75,4
219,Olfr1249,6.589841,6.5824323,5.2993665,,2,,-2.6137910411941947,High stress,Or4A76,4
220,Olfr125,6.259733,4.382558,5.4132566,uOR,3,3,0.6981999005815668,NA,Or14J1,14
221,Olfr1250,7.397645,3.1208518,3.973939,oOR,2,3,-0.1141091059491778,NA,Or4A77,4
222,Olfr1251,6.7186513,6.5584307,5.3372684,uOR,2,3,-0.8070477591875936,NA,Or4A78,4
223,Olfr1252,7.3537364,3.1002429,3.9994464,uOR,2,3,-0.1892907589695493,NA,Or4A79,4
224,Olfr1253,9.391065,7.2499914,2.4512753,uOR,2,2,1.0786698425006231,NA,Or4A80,4
225,Olfr1254,9.383957,7.351218,2.511915,uOR,2,4,-0.5822371724853123,NA,Or4A81,4
226,Olfr1255,7.5597453,8.981005,3.3305116,uOR,2,2.5,-1.1966641472702877,NA,Or4C12B,4
227,Olfr1256,4.6007895,6.8475156,4.9287624,uOR,2,4.5,-1.5848226120518492,NA,Or4A47,4
228,Olfr1257,8.318716,3.7132654,3.6959352,oOR,2,4,-0.4000196401720575,NA,Or4C10B,4
229,Olfr1258,5.6129622,4.265857,5.030874,uOR,2,2.5,0.5280012621175985,NA,Or4C10,4
230,Olfr1259,7.457194,9.089594,3.4626696,uOR,2,2,0.2140488164578327,NA,Or4C12,4
231,Olfr126,9.5843725,5.7437944,4.9525814,,3,4,0.3182477504219679,NA,Or14J5,14
232,Olfr1260,7.433237,3.126537,3.9838126,uOR,2,5,-0.8375662248640025,NA,Or4C35,4
233,Olfr1261,5.7976446,6.707586,4.9924774,uOR,,,,,Or4C126,4
234,Olfr1262,6.2644944,3.6240668,4.3951635,uOR,,,,,Or4C127,4
235,Olfr1263,5.7938204,6.714121,4.9875894,uOR,2,4,0.0360801293411712,NA,Or4C52,4
236,Olfr1264,7.952019,7.037209,4.2687907,uOR,2,4.5,-1.723184308116239,NA,Or4C3,4
237,Olfr1265,9.34468,6.3344507,2.5740006,,2,4,-0.3164050488118746,NA,Or4X11,4
238,Olfr1269,6.9305205,3.1975732,4.1063185,oOR,2,2,0.053957406926137,NA,Or4X6,4
239,Olfr127,8.323389,4.4766173,4.702207,uOR,3,4,-0.6873539954381752,NA,Or14J6,14
240,Olfr1270,6.8472023,9.069711,3.480371,uOR,2,2,0.570686306253199,NA,Or4B1,4
241,Olfr1271,6.785214,9.186011,3.5746934,,2,3,0.9177581698588824,NA,Or4B12,4
242,Olfr1272,6.9526634,9.236725,3.554981,,2,2.5,2.715314791110587,Low stress,Or4B1B,4
243,Olfr1274,7.1110725,3.1100223,4.0883737,,,,,,Or4X13,4
244,Olfr1274-ps,7.100593,3.0887911,4.0334563,,2,2,-0.2733876707222648,NA,,
245,Olfr1275,4.321216,6.3428206,5.2357497,oOR,2,5,-3.948422269132656,High stress,Or4F52,4
246,Olfr1276,7.5865088,4.328765,4.7873693,,2,5,0.0058086294930612,NA,Or4F53,4
247,Olfr1277,8.098005,6.181283,5.242639,,2,5,-0.6505002506597927,NA,Or4K35,4
248,Olfr1278,7.805151,9.848684,6.5057545,oOR,2,5,-1.7496856935475464,NA,Or4F54,4
249,Olfr1279,9.319722,7.1682878,5.1800766,,2,5,-2.9554690010211644,High stress,Or4G16,4
250,Olfr128,9.716707,5.885422,5.256549,,3,4,0.703938864594111,NA,Or14J7,14
251,Olfr1280,4.648878,6.5477796,4.876706,oOR,2,5,-1.0200426712145838,NA,Or4K36,4
252,Olfr1281,6.8265333,6.681212,5.445877,oOR,2,5,-2.953765306043573,High stress,Or4K37,4
253,Olfr1282,8.237771,7.57771,3.5315847,,2,4.5,-2.7026383707448747,High stress,Or4K38,4
254,Olfr1283,4.6316986,6.553935,4.8899574,oOR,2,4.5,-1.0662295764568326,NA,Or4K77,4
255,Olfr1284,9.30797,7.18013,5.174643,,2,4.5,-0.1179591497526401,NA,Or4G17,4
256,Olfr1285,4.4472895,6.506987,5.266982,,,,,,,
257,Olfr1286,4.428379,6.484523,5.3036056,oOR,2,3.5,-1.6662563826335155,NA,Or4K40,4
258,Olfr1287,8.263061,7.569441,3.512956,,2,,0.87906147534181,NA,Or4K41,4
259,Olfr1288,7.880912,3.2987533,3.8864286,oOR,2,3,-1.798980937177686,NA,Or4G7,4
260,Olfr1289,5.6501584,8.04572,4.769049,oOR,2,3,-0.656328608247114,NA,Or4F4B,4
261,Olfr129,7.3925776,9.517508,4.518036,oOR,3,2,-1.1726405424935542,NA,Or10Al7,10
262,Olfr1290,8.355839,3.8641574,3.8154657,uOR,2,3,1.6885177221170644,NA,Or4K42,4
263,Olfr1291-ps1,8.277265,5.1779256,3.7918215,,2,,-0.5601448592562118,NA,,
264,Olfr1293-ps,5.6669993,8.071709,4.796962,,2,,-0.7067971334806885,NA,,
265,Olfr1294,7.6604576,6.4516463,5.5309606,uOR,2,3.5,0.9366259320219844,NA,Or4K44,4
266,Olfr1295,6.6555934,6.1167474,7.4349103,oOR,2,3,-1.063280149644211,NA,Or4K45,4
267,Olfr1297,6.669767,6.0984993,7.4201603,oOR,2,2.5,0.7947707203625383,NA,Or4K47,4
268,Olfr1298,7.906577,6.7497244,5.698832,,2,3.5,-0.5850848460703137,NA,Or4K48,4
269,Olfr1299,7.754709,3.2812178,3.935928,oOR,2,2,1.7431622232501416,NA,Or4K49,4
270,Olfr13,5.028173,9.098577,6.3621335,uOR,3,2,0.0898066048494561,NA,Or2A7,2
271,Olfr130,8.858037,4.011475,3.4271545,uOR,3,3,-0.1597450262896777,NA,Or2G7,2
272,Olfr1301,8.301246,4.055984,4.403115,uOR,2,3.5,1.122576986131691,NA,Or4K51,4
273,Olfr1302,7.8945813,4.2325525,4.65633,uOR,2,2,1.326436533300407,NA,Or4K52,4
274,Olfr1303,6.001617,7.019362,5.502391,oOR,2,2.5,-2.341745938727894,High stress,Or4F7,4
275,Olfr1305,5.1488647,6.780386,6.433672,,2,3.5,-2.312151962071366,High stress,Or4F56,4
276,Olfr1306,5.7809753,5.409315,5.886682,,2,4,-4.665555910144958,High stress,Or4F14,4
277,Olfr1307,5.846286,5.414215,5.882389,uOR,2,4,-0.1461971880795838,NA,Or4F14B,4
278,Olfr1308,4.8593683,7.6543655,4.8724904,uOR,2,3.5,-1.761365064427252,NA,Or4F57,4
279,Olfr1309,5.836266,5.4110208,5.892329,uOR,2,4.5,-3.0356941031681246,High stress,Or4F15,4
280,Olfr131,9.845845,7.714007,5.519369,oOR,3,2,0.1930952905281429,NA,Or2Y3,2
281,Olfr1310,7.8547764,8.695081,4.0921803,,2,4,-0.5305064278997579,NA,Or4F6,4
282,Olfr1311,6.1377826,5.5664997,5.7960944,uOR,2,3.5,-1.5913786127964369,NA,Or4F58,4
283,Olfr1312,5.0591593,6.8041735,6.4294305,uOR,2,4,-2.0046615964387304,High stress,Or4F59,4
284,Olfr1313,7.369838,9.092647,3.4646757,uOR,2,3.5,-0.5209025448920136,NA,Or4F60,4
285,Olfr1314,5.121826,6.7454033,6.4330387,,2,,0.4418054047294652,NA,Or4F61,4
286,Olfr1315-ps1,7.201826,5.443594,5.476753,,2,,-0.7625853960477899,NA,,
287,Olfr1316,7.3553753,5.2813845,5.441147,uOR,2,4,-1.8398147653537775,NA,Or4F14D,4
288,Olfr1317,9.806034,5.9657397,5.5610824,,2,3.5,-2.537946469048023,High stress,Or4F47,4
289,Olfr1318,7.4410896,5.1139483,5.472122,oOR,2,3,-0.1953361756550101,NA,Or4F62,4
290,Olfr132,9.721991,4.6524553,3.4927905,uOR,3,3,-0.3154774579432265,NA,Or2H15,2
291,Olfr1320,8.4495125,6.4760194,5.4425054,uOR,3,2.5,3.5577226948648697,Low stress,Or11Q2,11
292,Olfr1321,7.8319654,7.2317877,6.837363,uOR,3,4.5,-0.0320734616555456,NA,Or5O1,5
293,Olfr1322,8.633749,6.588592,4.2301855,uOR,3,4,-1.138878775724743,NA,Or11N2,11
294,Olfr1323,8.0935755,4.6493773,4.373418,uOR,5,4,-0.6962409631447409,NA,Or5Bh3,5
295,Olfr1324,9.649457,7.9423165,5.739854,uOR,6,2.5,2.0195779766201407,Low stress,Or1Aa2,1
296,Olfr1325,10.406464,6.720644,5.7203503,uOR,3,2.5,-2.200395811735165,High stress,Or13Ae2,13
297,Olfr1326-ps1,10.0069275,7.4961867,4.986672,,3,,-2.7179484819892408,High stress,,
298,Olfr1328,7.786318,6.6808643,5.8287344,oOR,3,1,0.7982989657849536,NA,Or10Ak7,10
299,Olfr1329,10.054605,5.1955957,3.6864808,,3,1,2.3026942222733258,Low stress,Or10Ak8,10
300,Olfr133,4.9429517,6.874925,6.465799,uOR,,,,,Or2N1B,2
301,Olfr1330,7.6900163,6.9518003,6.1808777,uOR,3,2,0.0610953175673306,NA,Or10Ak16,10
302,Olfr1331,4.733762,7.88467,6.2805343,uOR,3,2,2.3733749451131776,Low stress,Or10Ak9,10
303,Olfr1333,5.773885,5.578965,6.1296268,,3,1.5,2.354849268256036,Low stress,Or10Ak11,10
304,Olfr1334-ps1,5.0782547,6.8270717,7.231495,,,,,,,
305,Olfr1335,5.061729,6.839532,7.2100253,,3,,0.6985780657021186,NA,Or10Ak12,10
306,Olfr1336,8.560828,3.7700133,3.465581,oOR,3,4,-0.6991084553391396,NA,Or6Z3,6
307,Olfr1337,4.7071223,7.1995363,6.468127,,3,,5.432620832656137,Low stress,Or10Ak13,10
308,Olfr1338,10.05046,7.571438,5.1065445,,3,,2.197826409185762,Low stress,Or10Ak14,10
309,Olfr1339,5.7991548,5.4728656,6.047365,uOR,3,1,0.4271533581622845,NA,Or13P5,13
310,Olfr134,6.7060237,4.3179045,5.0000935,oOR,3,1,2.722015557733032,Low stress,Or2N1,2
311,Olfr1340,9.673933,4.7223663,3.7801003,uOR,3,1,0.7817442470351841,NA,Or13P8,13
312,Olfr1341,5.2389007,4.641749,5.8694806,uOR,3,2,-0.2048753943777697,NA,Or13P3,13
313,Olfr1342,9.871685,5.450361,3.4876876,uOR,3,2.5,-0.3281463789663933,NA,Or13P4,13
314,Olfr1344,8.116234,9.27317,3.3548362,uOR,3,2,-0.81499106732072,NA,Or2Bd2,2
315,Olfr1346,9.438597,5.442328,3.136056,oOR,3,5,-1.1783406122825038,NA,Or6Z5,6
316,Olfr1347,8.676156,3.8756046,3.5019896,oOR,3,4,-2.72987779531132,High stress,Or6Z6,6
317,Olfr1348,8.685887,3.9101982,3.4661088,oOR,3,4,-2.0040070443249096,High stress,Or6Z1,6
318,Olfr1349,8.890217,8.478936,3.276433,uOR,3,3.5,-0.9105598973595844,NA,Or10Am5,10
319,Olfr135,6.6672583,4.3091164,5.043445,uOR,3,2,3.3559498298269976,Low stress,Or2N1C,2
320,Olfr1350,8.6034565,8.570321,3.3926249,uOR,3,2,0.7308263789161894,NA,Or5Bw2,5
321,Olfr1351,7.9288073,7.5083075,6.8835015,,6,1.5,2.5817237947804155,Low stress,Or7A35,7
322,Olfr1352,7.8998322,9.778207,6.4078937,uOR,6,2.5,0.5853554458640683,NA,Or7A36,7
323,Olfr1353,4.3335233,7.9524097,6.4649515,,6,3,2.196564213256398,Low stress,Or7A37,7
324,Olfr1354,4.134845,6.209709,6.1998243,uOR,6,3,2.0870170667847847,Low stress,Or7A38,7
325,Olfr1355,6.7675824,6.3202786,7.313258,,6,3,4.264905276583533,Low stress,Or7A39,7
326,Olfr1356,9.884162,7.0789332,4.6025844,uOR,6,1.5,0.1735675271296441,NA,Or7C70,7
327,Olfr1357,5.1684637,5.708857,6.676205,oOR,6,1,1.5237793727759428,NA,Or1I2,1
328,Olfr1358,7.290736,9.483208,4.605718,,3,,0.272685287464151,NA,Or10B1,10
329,Olfr1359,9.770339,4.4889693,3.744625,oOR,3,,-3.901198830988896,High stress,Or2B2,2
330,Olfr136,5.2768316,8.63619,5.5735693,uOR,3,2,0.3673291203984444,NA,Or2N1D,2
331,Olfr1360,9.792904,4.521551,3.7630394,,3,4,-4.205219717540305,High stress,Or2B2B,2
332,Olfr1361,9.589176,4.549501,3.6595278,uOR,3,1,0.6495328485046477,NA,Or2W6,2
333,Olfr1362,9.64988,7.2785864,4.9786744,oOR,3,1,-1.912975615055286,NA,Or2W4,2
334,Olfr1364,9.55168,4.3138075,3.710097,uOR,3,4,-2.698440917927284,High stress,Or2W2,2
335,Olfr1365,7.6931877,5.4133005,5.514409,,,,,,,
336,Olfr1366,4.8442416,7.0384884,6.984074,uOR,6,1,1.5098883800308742,NA,Or1F12,1
337,Olfr1367,9.461617,4.2842364,3.6657171,,3,,0.2464644176435101,NA,Or2B28,2
338,Olfr1368,9.433215,5.8554525,5.607941,uOR,3,4,-2.7995431516662,High stress,Or2Ad1,2
339,Olfr1369-ps1,9.697688,5.8630114,5.6081953,,3,,-1.1492466588413912,NA,,
340,Olfr137,8.694317,4.005637,3.9757514,,3,2,-1.950784652939716,NA,Or2J3,2
341,Olfr1370,8.468995,4.155472,3.7818325,oOR,3,2,0.8968909873429524,NA,Or2P2,2
342,Olfr1371,8.764385,4.093565,4.13136,,3,4,-0.4492511546207922,NA,Or2Y6,2
343,Olfr1373,7.7515173,3.2654283,3.911293,,3,,0.2714413520760791,NA,Or2Y8,2
344,Olfr1375,6.2891736,8.87956,5.275643,,6,,0.4462862231045395,NA,Or1X6,1
345,Olfr1375-ps1,6.26045,8.84482,5.33864,,,,,,,
346,Olfr1377,5.3242273,9.158347,5.5679297,,6,1,1.4466068741578462,NA,Or1Ad1,1
347,Olfr1378,5.8938565,6.732069,5.410836,,6,2,1.6882813011773978,NA,Or1Ad6,1
348,Olfr138,5.203724,8.673707,5.5199466,uOR,3,3.5,0.6279682039695799,NA,Or2N1E,2
349,Olfr1380,9.891091,4.75001,3.5089335,uOR,3,3.5,-0.3533663576333415,NA,Or2Y10,2
350,Olfr1381,7.977189,3.393021,3.8298266,oOR,3,3.5,-0.3936743915535948,NA,Or2Y11,2
351,Olfr1382,7.939793,3.4400332,3.9519756,oOR,3,4,-0.7019212912082898,NA,Or2Y12,2
352,Olfr1383,10.056442,6.2682266,4.3558636,,3,3.5,-1.834318637525652,NA,Or2Y13,2
353,Olfr1384,10.002373,7.360048,5.1011925,uOR,3,4,1.010013976876177,NA,Or2Y14,2
354,Olfr1385,9.961953,5.081396,3.479342,,3,3,-0.2574790568404898,NA,Or2Y1,2
355,Olfr1386,9.624727,4.5205946,3.7234397,oOR,3,2.5,-0.8117877321232888,NA,Or2Y1C,2
356,Olfr1387,9.812375,4.849576,3.332262,oOR,3,2.5,-0.2150260439447641,NA,Or2Y15,2
357,Olfr1388,7.3691196,4.1610518,4.7625003,oOR,3,2,-0.1073877254126978,NA,Or2Y16,2
358,Olfr1389,9.946091,5.4512305,3.9416392,uOR,3,1,-0.7242283154702122,NA,Or2Y1D,2
359,Olfr139,8.309413,4.7741475,4.1557994,uOR,3,1,1.1277052244768797,NA,Or3A10,3
360,Olfr1390,4.753689,7.5023165,5.9317713,oOR,3,,-2.176748663020125,High stress,Or2Y17,2
361,Olfr1391,9.913556,4.8286595,3.8419404,oOR,3,3.5,-1.8189412078113367,NA,Or2Y1E,2
362,Olfr1392,9.8358135,4.8816094,3.6665363,uOR,3,3.5,-1.6114818773152295,NA,Or2Y1F,2
363,Olfr1393,8.467249,4.16712,3.596508,uOR,3,3.5,-2.128229144803293,High stress,Or2Y1G,2
364,Olfr1394,9.514089,5.522426,3.4652684,,3,2,1.2268790747502258,NA,Or2O1,2
365,Olfr1395,6.5280104,4.0560765,4.8046856,oOR,3,2,0.5915290322277402,NA,Or2T26,2
366,Olfr1396,8.429814,9.493296,5.5379233,oOR,3,2.5,1.059020898674965,NA,Or2V2,2
367,Olfr140,6.155585,8.785395,5.443558,,2,4,-2.7069166779180924,High stress,Or4C3D,4
368,Olfr1402,8.2765,7.567653,3.5103235,,3,3,-0.0315263885857953,NA,Or13L2,13
369,Olfr1404,10.160063,6.332273,4.338391,oOR,3,1,-0.7553743981220126,NA,Or10J3B,10
370,Olfr1406,6.0560102,4.268954,5.428237,uOR,3,1,1.4057487395438288,NA,Or10J7,10
371,Olfr1408,9.676629,6.1170435,3.8570385,uOR,3,1,1.779649208954364,NA,Or10J27,10
372,Olfr141,7.1001406,9.496354,3.9376338,uOR,5,1,1.4878677573456331,NA,Or5T18,5
373,Olfr1410,8.80667,4.0541735,3.36313,uOR,5,3,-1.915880763459154,NA,Or9S14,9
374,Olfr1411,8.817562,4.0051804,3.4203894,,5,3.5,-1.8997461677419631,NA,Or9S15,9
375,Olfr1412,8.339059,5.11914,3.8840919,uOR,5,3.5,1.0929821200735477,NA,Or9S27,9
376,Olfr1413,8.615165,5.2413473,3.848058,,5,3.5,1.3044367871776472,NA,Or9S23,9
377,Olfr1414,6.0216594,4.231389,5.295612,uOR,3,4,-1.6688013471091372,NA,Or6B3,6
378,Olfr1415,8.974347,8.543746,3.5010269,,3,4,-5.020638160177612,High stress,Or6B2B,6
379,Olfr1416,8.948517,8.586431,3.5117903,oOR,3,4,-0.8041266880259632,NA,Or6B2,6
380,Olfr1417,7.8400483,9.2435255,5.267193,uOR,3,4,-1.2978294021042531,NA,Or10V5,10
381,Olfr1418,7.857941,9.276268,4.995804,,3,3.5,-0.4844866960875664,NA,Or10V9,10
382,Olfr1419,9.66786,5.54316,3.2953827,uOR,3,3.5,0.1419770100750917,NA,Or10Q3,10
383,Olfr142,6.8677683,9.184399,3.5566716,uOR,2,2,2.0806397120130806,Low stress,Or4B13,4
384,Olfr1420,6.718893,8.994564,4.516006,,3,3.5,-0.5080972126195833,NA,Or10V1,10
385,Olfr1423,9.337879,6.2009373,2.4345434,,2,3.5,-0.5106552977347618,NA,Or4D11,4
386,Olfr1424,7.5100317,8.520889,4.2868605,uOR,2,3.5,-0.4367844122631807,NA,Or4D10B,4
387,Olfr1425,9.272688,7.139305,2.366072,oOR,2,3.5,-0.7942549275174005,NA,Or4D10,4
388,Olfr1426,4.3052874,6.365694,5.166593,uOR,2,3.5,-0.5780907594328467,NA,Or4D10C,4
389,Olfr1427,9.353419,6.2176313,2.4038935,uOR,2,3.5,-2.2283122906688204,High stress,Or4Z4,4
390,Olfr1428,7.125278,9.171707,3.4889815,uOR,2,3,-0.2794597327663093,NA,Or4D6,4
391,Olfr143,4.6516485,8.571227,5.6989217,oOR,4,1,0.4965666597447126,NA,Or8C8,8
392,Olfr1431,9.102791,7.4375143,5.794764,uOR,5,2.5,0.9729130391439672,NA,Or5An9,5
393,Olfr1432,8.2700205,5.455056,3.8721762,,5,,4.157590902450321,Low stress,,
394,Olfr1433,8.140809,7.4631667,6.7321124,,,,,,,
395,Olfr1434,8.109996,7.442431,6.72324,,5,,2.395475142593189,Low stress,,
396,Olfr1436,8.589136,8.473837,4.934071,,5,2,2.349024493343597,Low stress,Or5An10,5
397,Olfr1437,8.904778,7.636573,6.0406914,uOR,5,2,2.517468188822856,Low stress,Or5An1B,5
398,Olfr1438-ps1,8.679823,5.8698497,3.4432735,,5,,0.4868593085286791,NA,,
399,Olfr144,9.329109,8.263245,5.5359206,uOR,,,,,,
400,Olfr1440,9.075787,7.7805724,6.01052,uOR,5,2.5,0.7308270719648289,NA,Or5An6,5
401,Olfr1441,8.291437,7.5310254,3.504313,,5,,0.0690098078975991,NA,Or5A3,5
402,Olfr1442,8.642039,6.75458,4.075028,oOR,5,4,0.0957450973275777,NA,Or5B94,5
403,Olfr1443,8.787233,6.7802715,4.145391,uOR,5,4.5,-2.4877539886004274,High stress,Or5B95,5
404,Olfr1444,8.710692,8.861772,4.2795634,uOR,5,1,2.6227477425442047,Low stress,Or5B21,5
405,Olfr1445,8.378858,7.3934903,6.3339972,,5,1,4.679297623807401,Low stress,Or5B12B,5
406,Olfr1446,9.362518,7.0823884,4.964048,uOR,5,2,3.313675406998289,Low stress,Or5B96,5
407,Olfr1447,7.1058226,9.487273,4.7119546,uOR,5,2,4.195658633336416,Low stress,Or5B97,5
408,Olfr1448,8.514028,7.0029564,5.1302757,oOR,5,1,0.7287344675012984,NA,Or5B12,5
409,Olfr1449,8.07503,8.863561,4.047646,,5,1,3.687161950591564,Low stress,Or5B24,5
410,Olfr145,4.7062764,8.449007,5.3875003,oOR,4,1,1.322569611169777,NA,Or8B8,8
411,Olfr1450,7.7018166,7.144353,6.6903677,,5,2,4.691071645351411,Low stress,Or5B98,5
412,Olfr1451,7.0742207,9.494132,3.989946,uOR,5,1.5,5.720695340314328,Low stress,Or5B99,5
413,Olfr1453,8.800979,8.7418375,4.158436,,5,,2.0432890117647,Low stress,Or5B101,5
414,Olfr1454,9.452882,6.0836425,4.5124,uOR,5,2.5,2.463984350728885,Low stress,Or5B102,5
415,Olfr1457,7.9150863,9.1022835,5.4676538,,,,,,Or5B104,5
416,Olfr1458,9.48049,8.195692,5.5586457,,5,,0.8500501036251381,NA,,
417,Olfr1459,6.7537656,9.352772,4.998822,,5,2,1.4976085607183836,NA,Or5B106,5
418,Olfr146,7.7950764,9.261712,5.4962497,uOR,4,1,4.890978719204516,Low stress,Or8G17,8
419,Olfr1461,9.479358,5.084798,3.528492,uOR,5,2.5,1.913755929777552,NA,Or5B107,5
420,Olfr1462,9.064004,6.2383094,3.2837143,,5,,3.719599365119205,Low stress,Or5B108,5
421,Olfr1463,9.157556,6.7794557,4.426895,uOR,5,3,1.956571740679548,NA,Or5B109,5
422,Olfr1465,8.796174,8.744081,4.1572495,,5,,4.573026348450631,Low stress,Or5B111,5
423,Olfr1466,10.032962,6.3403344,4.4005647,oOR,5,2,3.4593844137787126,Low stress,Or5B112,5
424,Olfr1467,7.588382,9.40432,5.395364,uOR,5,1,1.6132876898115045,NA,Or5B113,5
425,Olfr1469,7.5710306,6.9763026,6.566851,,5,2,1.8987781792559757,NA,Or5B3,5
426,Olfr147,7.908324,4.3875003,3.9545722,uOR,4,1,1.9821904901233345,NA,Or8B3,8
427,Olfr1471,9.758917,6.8697634,4.610825,uOR,5,,1.5561758752155992,NA,Or5B116,5
428,Olfr1472,9.47339,5.828489,4.6755385,uOR,5,2,4.212182618109837,Low stress,Or5B117,5
429,Olfr1474,7.844806,6.6970973,5.7533464,,5,2,2.636879771061339,Low stress,Or5B118,5
430,Olfr1475,7.950176,6.9177437,5.55238,oOR,5,,2.3597260648137173,Low stress,Or5B119,5
431,Olfr1477,9.462703,5.8689256,4.6337204,uOR,5,3,3.446466438389024,Low stress,Or5B120,5
432,Olfr148,5.8519125,3.9285955,4.984748,uOR,3,1,0.0118511288258056,NA,Or10N1,10
433,Olfr1480,9.777134,7.8490515,5.6473427,,5,3.5,-0.264618111966077,NA,Or5B121,5
434,Olfr1484,7.389301,6.828947,6.7490673,uOR,5,3,0.4599675067099739,NA,Or5B122,5
435,Olfr1487,7.4458094,6.6671085,6.4740243,uOR,5,2,0.8858877519540505,NA,Or5B123,5
436,Olfr1489,9.814237,6.730496,4.571724,,5,3,0.9054013915108472,NA,Or5B124,5
437,Olfr149,5.799384,3.983756,5.0123878,uOR,3,1,0.0813011237450883,NA,Or10D1B,10
438,Olfr1490,6.127517,9.096908,5.741614,uOR,3,2.5,0.8319414956095533,NA,Or10W1,10
439,Olfr1491,8.16171,8.033892,3.213508,uOR,3,2.5,0.7910670202037612,NA,Or10Q1B,10
440,Olfr1493-ps1,6.6497135,9.10451,5.574632,,3,,-0.3665103840156113,NA,,
441,Olfr1494,8.140793,8.036624,3.2465127,uOR,3,3,-4.091216744683051,High stress,Or10Q1,10
442,Olfr1495,8.803551,8.733719,3.8103812,uOR,3,1,3.200011175191268,Low stress,Or10Q12,10
443,Olfr1496,7.827892,7.258135,6.733489,,6,1,1.8702193849269149,NA,Or1S2,1
444,Olfr1497,8.471582,7.093752,5.229191,uOR,5,1,0.0855442710063197,NA,Or9Q2,9
445,Olfr1499,8.684189,6.5504403,5.3595834,,5,1,0.2060710566682207,NA,Or9I14,9
446,Olfr15,10.304325,7.0198994,5.527667,oOR,3,3,-1.846427106721781,NA,Or2C1,2
447,Olfr150,4.435319,6.8753343,6.542142,uOR,4,1,1.8909399632871355,NA,Or8G50,8
448,Olfr1500,9.642257,5.8887196,5.492844,uOR,5,1,0.2987093360233653,NA,Or9Q1,9
449,Olfr1501,9.744478,7.4321623,3.4425468,,5,2,0.5609514650335972,NA,Or9I2,9
450,Olfr1502,8.622642,6.6971116,5.326286,,5,,2.311146538129196,Low stress,Or9I1,9
451,Olfr1504,9.54283,7.7780395,4.4879403,,5,2.5,-0.2874897691887945,NA,Or9I16,9
452,Olfr1505,9.462668,7.6391997,2.8236337,oOR,5,1.5,0.7434150577744495,NA,Or9I1B,9
453,Olfr1506,7.0749235,3.111112,4.0665946,,2,2,-1.019197550304228,NA,Or4X15,4
454,Olfr1507,6.623958,6.589315,5.3292894,oOR,2,5,0.6482658280223568,NA,Or4E5,4
455,Olfr1508,7.852483,4.438096,3.3672361,oOR,2,5,-1.7730302077305835,NA,Or4E1,4
456,Olfr1509,4.5704308,6.5182295,4.9357257,oOR,2,5,-2.409260312333488,High stress,Or4E2,4
457,Olfr151,5.1834536,8.986397,5.767852,,,,,,Or8A1,8
458,Olfr1510,7.7661805,4.45639,3.369496,uOR,3,1,0.972436851571246,NA,Or10G1,10
459,Olfr1511,7.7695394,4.5931005,3.4196842,uOR,3,1,0.1943167724986939,NA,Or10G1B,10
460,Olfr1512,9.109995,6.254221,2.6513739,,3,1,0.7224913337905785,NA,Or10G3,10
461,Olfr1513,9.0531,5.9679575,2.8031046,uOR,3,1,1.157811449462863,NA,Or10G3B,10
462,Olfr1514,9.59625,5.3634987,3.0474641,,,,,,,
463,Olfr152,9.369662,7.4303317,2.5448937,oOR,5,1,-0.050226507413267,NA,Or5I1,5
464,Olfr153,4.3799653,6.156562,5.4482145,,5,1,3.4325467503781493,Low stress,Or5W22,5
465,Olfr1532,7.9880586,4.3053474,3.2757106,,,,,,,
466,Olfr1532-ps1,7.9829516,4.313627,3.2689772,,3,2.5,-0.5876164075233393,NA,,
467,Olfr1534-ps1,9.029655,6.649458,3.7074387,,,,,,,
468,Olfr1535,7.6446424,5.3752203,5.502235,oOR,3,3.5,-0.846391328952288,NA,Or2B7,2
469,Olfr1537,9.283861,8.288718,5.52139,,4,,5.194143560034799,Low stress,Or8G18,8
470,Olfr154,7.8648834,9.311606,5.203869,,5,1.5,3.0678331150318616,Low stress,Or5G26,5
471,Olfr155,9.923053,7.789593,5.364654,uOR,3,,1.33323973958566,NA,Or13C7,13
472,Olfr1555-ps1,6.634241,6.135901,7.4909506,,5,,3.667757942784673,Low stress,,
473,Olfr156,9.994502,7.619326,5.326269,uOR,3,,-0.2301079546343802,NA,Or13C7B,13
474,Olfr1564,10.150847,6.193379,4.253108,,3,,-1.5406747154179203,NA,Olfr1564,None
475,Olfr1565,7.0680156,3.1305816,4.0528297,,,,,,,
476,Olfr157,10.009321,7.6117,5.3064475,oOR,3,,0.9021410768424536,NA,Or13C7C,13
477,Olfr159,10.015914,7.6635966,5.285185,,3,,3.131975375701074,Low stress,Or13C7D,13
478,Olfr16,8.111518,6.3029876,5.530209,oOR,3,1,0.7399483137514568,NA,Or10J5,10
479,Olfr160,5.9007626,5.1414313,5.971506,,4,,2.0868755989549053,Low stress,Or8A1B,8
480,Olfr161,9.818929,7.4379177,4.7868953,oOR,6,1.5,1.3530947800926558,NA,Or1F19,1
481,Olfr164,9.575038,5.7370224,4.5527835,,3,2,2.07542327685749,Low stress,Or2M12,2
482,Olfr165,7.8424234,9.424024,5.636574,,3,2.5,0.2293464766010915,NA,Or2M13,2
483,Olfr166,7.8949685,9.756925,6.3198323,oOR,3,4,-1.925606030941362,NA,Or2L13,2
484,Olfr167,8.578738,8.3843975,3.4111948,uOR,3,4,-2.494778969325986,High stress,Or2L5,2
485,Olfr168,6.038933,6.543993,7.233201,oOR,3,4,-0.6791434475321659,NA,Or2L13B,2
486,Olfr169,9.704175,6.716115,2.8466454,oOR,3,4,-1.015695451825606,NA,Or2Aj4,2
487,Olfr17,6.3731675,3.925389,4.2970467,uOR,3,2,-0.0419048548144811,NA,Or10A4,10
488,Olfr170,9.705477,6.6028757,2.8870583,uOR,3,4,-0.9517671770024128,NA,Or2Aj5,2
489,Olfr171,9.704406,6.698963,2.8637476,,3,4,-0.8258692398343321,NA,Or2Aj6,2
490,Olfr172,8.80045,6.507567,4.3456893,oOR,5,3,1.985112915026747,NA,Or5K1B,5
491,Olfr173,8.741334,6.4186463,4.3510003,oOR,5,2.5,1.3033661518081008,NA,Or5K1,5
492,Olfr175,8.400485,9.203575,3.266496,,,,,,,
493,Olfr175-ps1,8.377232,9.204965,3.2668593,,5,3,1.937746350470919,NA,,
494,Olfr177,9.5800705,7.4529147,2.871014,uOR,5,,1.3032469706183631,NA,Or5K14,5
495,Olfr178,8.751111,8.837569,3.9254715,uOR,5,2,4.315372283934011,Low stress,Or5K15,5
496,Olfr179,5.3671455,5.681673,6.829299,,,,,,,
497,Olfr18,5.067364,8.717266,5.9197145,uOR,6,2,1.588821875983087,NA,Or7E178,7
498,Olfr180,7.3336353,6.458293,5.510395,,5,3,2.574026840354215,Low stress,Or5K16,5
499,Olfr181,7.083487,6.4138556,5.4399347,uOR,5,3.5,1.5407921664104909,NA,Or5K17,5
500,Olfr183,5.888971,4.8687654,5.344194,uOR,5,5,0.0515836864966372,NA,Or5H17,5
501,Olfr186,4.3466954,7.8595924,6.5803843,,5,3,0.7595125456620901,NA,Or5H18,5
502,Olfr187,5.8173504,5.004796,5.480845,,5,3,1.0721440697970086,NA,Or5H19,5
503,Olfr19,7.952716,7.3383164,6.8174925,uOR,6,1,2.403855298634298,Low stress,Or7A40,7
504,Olfr190,4.7129035,8.511221,5.600159,uOR,5,4.5,-1.098890464603308,NA,Or5H22,5
505,Olfr191,6.742586,6.5201573,5.3973794,oOR,5,4,-0.039053121161012,NA,Or5H23,5
506,Olfr193,6.6115966,6.398853,5.4012146,,5,4,-0.4963016126238499,NA,Or5H25,5
507,Olfr194,8.273022,5.039793,4.1117954,oOR,5,2.5,1.4154963178940738,NA,Or5Ac15,5
508,Olfr195,9.80204,5.31063,3.186531,uOR,5,4.5,0.932559477702646,NA,Or5K3,5
509,Olfr196,7.689866,7.0880294,6.409888,,5,2.5,1.8288924304684424,NA,Or5H26,5
510,Olfr198,5.482983,8.954236,5.339474,uOR,5,2,1.0130829949793951,NA,Or5Ac16,5
511,Olfr199,8.330091,5.0066524,4.03168,uOR,5,,2.334676699651836,Low stress,Or5Ac17,5
512,Olfr2,6.22555,4.271527,5.2160034,uOR,3,4,-3.354411913026379,High stress,Or6A2,6
513,Olfr20,6.408969,9.5016575,4.6367674,oOR,6,1,2.319710351467952,Low stress,Or1E1,1
514,Olfr201,9.17329,6.311541,3.2424428,,5,,-0.146329567831731,NA,Or5Ac19,5
515,Olfr202,4.6475043,7.325395,6.250378,,5,2,3.4174499113383567,Low stress,Or5Ac20,5
516,Olfr203,7.1774063,9.561283,4.282252,oOR,5,2.5,1.5556168556307886,NA,Or5Ac21,5
517,Olfr204,8.444174,8.224571,4.973867,oOR,5,2,0.5403491680506094,NA,Or5Ac22,5
518,Olfr205,8.566859,5.6356926,4.1966825,oOR,5,2.5,1.6173186114236144,NA,Or5Ac23,5
519,Olfr206,5.9780774,4.7943306,5.515017,uOR,5,2.5,1.5942408892475328,NA,Or5Ac24,5
520,Olfr209,9.508251,6.5906553,3.0902383,oOR,5,2.5,1.023668612742686,NA,Olfr209,None
521,Olfr211,8.223793,8.886857,4.1369963,uOR,3,3.5,-0.8173843632069657,NA,Or13A1,13
522,Olfr212,4.493575,6.8060927,5.17983,uOR,3,3.5,-1.4614566445572437,NA,Or6D12,6
523,Olfr213,4.581783,6.743117,5.009774,,3,4,-0.3707808225990819,NA,Or6D13,6
524,Olfr214,5.0303955,6.9428926,7.1552253,oOR,3,3,0.0152919581688911,NA,Or6D14,6
525,Olfr215,6.2991285,9.21084,4.779662,uOR,3,2.5,-0.0388673515591871,NA,Or6D15,6
526,Olfr218,10.038359,6.253884,4.375909,oOR,3,1,0.1707962040174179,NA,Or10J3,10
527,Olfr220,4.524062,7.0937014,6.341355,oOR,3,3,-1.1622292439907498,NA,Or6Y1,6
528,Olfr221,9.588944,5.3765297,3.0853155,uOR,5,1.5,1.252884109142644,NA,Or5Au1,5
529,Olfr222,9.231331,4.255836,3.715212,uOR,3,2,-1.3532730852687282,NA,Or2B11,2
530,Olfr223,9.711192,4.3602877,3.703464,,3,1,3.764563004977438,Low stress,Or2Aa1,2
531,Olfr224,6.244015,4.1255574,5.1226616,uOR,3,4.5,0.0291509638306501,NA,Or2T43,2
532,Olfr225,7.9686947,9.487045,5.7811823,,,,,,Or2W25,2
533,Olfr228,4.327721,6.996547,6.5666165,uOR,5,1,2.212031342842021,Low stress,Or8K41,8
534,Olfr229,4.13206,7.562717,6.297382,oOR,4,1,0.5842908787642463,NA,Or8G2,8
535,Olfr23,4.6596932,8.242379,6.465226,uOR,6,1,2.478646947116743,Low stress,Or1E17,1
536,Olfr231,7.8004127,6.351278,5.3387184,uOR,3,1,4.126500857886553,Low stress,Or6K6,6
537,Olfr234,4.3968034,5.783765,5.5334177,,,,,,,
538,Olfr235,8.848877,7.625697,6.1572027,uOR,5,2.5,1.9800356653861448,NA,Or5An11,5
539,Olfr237,5.0658126,9.0339775,5.9781694,,,,,,Or2A14,2
540,Olfr237-ps1,5.0675383,9.049991,5.9725,,3,1,1.5837899454946311,NA,,
541,Olfr239,10.297789,6.998807,5.639377,uOR,,,,,Or10H1,10
542,Olfr24,4.6326075,8.306659,6.440838,oOR,6,1.5,0.0286249362782436,NA,Or1M1,1
543,Olfr243,4.541611,6.8401203,6.7123823,,1,fishOR,-1.0166588687849498,NA,Or52A20,52
544,Olfr247,8.080468,4.287576,3.3717926,uOR,3,1,6.01586741396119,Low stress,Or10U3,10
545,Olfr248,9.296104,4.211051,3.817052,,3,,0.538009877269792,NA,Or10X4,10
546,Olfr25,6.1704235,9.270884,5.059401,,4,2.5,-1.0980511801464956,NA,Or8C9,8
547,Olfr250,9.9264345,5.2457485,3.715375,uOR,4,1,2.681903737481836,Low stress,Or8C10,8
548,Olfr251,6.207923,8.965541,5.0860157,oOR,4,2.5,1.4951173436142886,NA,Or8C11,8
549,Olfr259,8.378634,6.1825557,4.887959,uOR,5,2.5,-0.0507893566960474,NA,Or5Aq7,5
550,Olfr26,5.1803193,8.994573,6.311567,,4,,0.8447990765374522,NA,Or8D1,8
551,Olfr262,7.820536,9.402319,5.8851132,,5,,1.74750771894793,NA,Or5An1C,5
552,Olfr263,9.686399,5.836935,5.641124,uOR,3,5,-4.536058518917314,High stress,Or2W1,2
553,Olfr263-ps1,9.682778,5.841979,5.63163,,,,,,,
554,Olfr266,7.758333,7.1954694,6.781885,,3,3,1.426084123799252,NA,Or11I1,11
555,Olfr267,9.499538,4.4745955,3.792795,uOR,3,,1.3427056156251502,NA,Or2K2,2
556,Olfr27,5.276159,9.057182,5.9685006,,4,,0.9624263838179342,NA,Or8G19,8
557,Olfr270,9.187493,6.155011,5.0796723,uOR,3,,-0.8349529440603002,NA,Or13D1,13
558,Olfr272,9.648518,7.793293,5.581805,uOR,3,,0.8081123225180219,NA,Or13C25,13
559,Olfr273,9.76706,7.805446,5.565047,uOR,3,,1.7359929230383484,NA,Or13C3,13
560,Olfr275,9.450754,5.8294835,4.632649,uOR,3,,0.6811839026736901,NA,Or13F5,13
561,Olfr279,4.3990574,5.75722,5.5351467,uOR,3,4,-0.6180038142496942,NA,Or11M3,11
562,Olfr281,8.448343,4.51741,4.361849,uOR,3,4.5,-0.5085390362433728,NA,Or8S8,8
563,Olfr282,9.329779,6.5080724,4.9234,,3,3,4.3155161210281525,Low stress,Or8S10,8
564,Olfr283,8.692187,4.0159316,3.4173727,uOR,3,,1.184647074860993,NA,Or8S2,8
565,Olfr284,7.666571,8.909025,4.1731386,uOR,3,2,0.8829681044169498,NA,Or8S5,8
566,Olfr285,5.643005,4.063194,5.017238,uOR,3,4,0.0962782764548372,NA,Or8S16,8
567,Olfr286,5.2784414,9.1676,5.859984,oOR,3,5,-1.1605939014844162,NA,Or10Ad1B,10
568,Olfr287,5.492209,9.236472,5.6860075,,,,,,Or10Ad1,10
569,Olfr292,5.9931827,3.9348292,4.6446543,,3,3.5,4.476113783978378,Low stress,Or14C39,14
570,Olfr293,6.5496664,4.9691224,5.7368226,,3,3,2.653076630035056,Low stress,Or14C40,14
571,Olfr294,10.374057,6.8982716,5.602468,,3,,1.4265493984427942,NA,Or14A256,14
572,Olfr295,5.6919045,4.015176,4.81255,,3,3,2.375314087635566,Low stress,Or14C41,14
573,Olfr297,5.729908,4.003214,4.8259544,uOR,3,3,3.0029260122074475,Low stress,Or14C45,14
574,Olfr298,10.31196,6.9921155,5.5895967,uOR,3,,3.107472334178903,Low stress,Or14A257,14
575,Olfr299,5.605755,4.050354,4.8736787,,3,,3.122661388438229,Low stress,Or14C43,14
576,Olfr3,4.8883486,6.7955384,6.942976,uOR,6,1.5,1.5803406194305136,NA,Or1J1,1
577,Olfr30,8.466808,4.139227,4.4105806,uOR,3,1,-0.7448520684200214,NA,Or2Z2,2
578,Olfr301,6.255205,3.850021,4.5273943,uOR,3,2.5,6.146077948565584,Low stress,Or14C44,14
579,Olfr303,4.56823,6.5499845,4.9603252,uOR,3,2.5,-0.6931588539280344,NA,Or6Aa1,6
580,Olfr304,7.0403147,5.9514475,7.3799562,,3,,1.7086736760493648,NA,Or14A258,14
581,Olfr305,7.4030514,5.8278227,7.2185063,uOR,3,3,2.119503000390965,Low stress,Or14A259,14
582,Olfr307,10.320862,6.954536,5.565985,uOR,3,2.5,3.0170254019939,Low stress,Or14A260,14
583,Olfr308,9.815763,5.146111,3.0979843,uOR,3,2.5,-1.637372892232697,NA,Or6F1,6
584,Olfr309,9.508894,5.4814806,2.984759,uOR,3,2,-0.419422191334057,NA,Or13G1,13
585,Olfr31,7.8446546,9.845623,6.4915767,,3,4,-0.4627342978785297,NA,Or2T1,2
586,Olfr310,9.723944,6.2712626,4.575759,oOR,3,,3.5177257024122297,Low stress,Or14C46,14
587,Olfr311,7.606254,9.492633,4.797221,uOR,3,1.5,1.790851549853721,NA,Or9E1,9
588,Olfr312,8.76839,6.3054676,3.4979546,uOR,3,2.5,1.7339817734780685,NA,Or5Af1,5
589,Olfr313,7.6388626,9.401066,4.9006915,uOR,3,1.5,1.0997815445897512,NA,Or5Af2,5
590,Olfr314,8.7775955,8.809022,4.2338266,uOR,3,4,-0.6234826968599803,NA,Or2T44,2
591,Olfr315,8.88304,8.73476,4.3739643,,3,4.5,-3.753735299187616,High stress,Or2T45,2
592,Olfr316,9.9617405,6.3011513,3.958607,uOR,3,2,2.8269421767523464,Low stress,Or2Ak4,2
593,Olfr317,5.3448434,5.6962466,6.847622,uOR,3,1,-1.012818434061686,NA,Or2W3B,2
594,Olfr318,8.151529,4.9585247,3.943845,uOR,3,3.5,-0.3897320108192318,NA,Or2Ak5,2
595,Olfr319,8.741426,6.5244503,3.541084,uOR,3,2.5,0.1067985908834907,NA,Or2Ak6,2
596,Olfr32,6.663447,9.220269,3.6848125,uOR,2,2,1.5016289229681554,NA,Or4B1D,4
597,Olfr320,8.6417,6.3899918,5.387991,,3,2.5,-1.7817025220373122,NA,Or2Ak7,2
598,Olfr322,9.609245,5.849964,5.6262755,,3,,-0.8618533036953281,NA,,
599,Olfr323,9.273907,7.651315,4.3078637,,3,5,-1.0231484073551116,NA,Or11L3,11
600,Olfr324,8.7764225,5.9273233,3.9264576,uOR,3,,1.2409739112767249,NA,Or2Ab1,2
601,Olfr325,6.4136615,4.383332,5.3298163,uOR,3,4.5,-0.3408116028030027,NA,Or2T46,2
602,Olfr328,6.495861,4.1036983,4.994517,uOR,3,4.5,0.1085873921070795,NA,Or2T47,2
603,Olfr329,6.363885,4.4589853,5.422626,,,,,,Or2T29,2
604,Olfr329-ps,6.401213,4.4772434,5.4463267,,3,5,-0.2770648872476513,NA,,
605,Olfr33,7.7623143,7.8089876,5.1487145,oOR,1,fishOR,-2.0822497895013314,High stress,Or51A39,51
606,Olfr330,6.4652667,4.362544,5.2461395,uOR,3,4,-0.441433859089114,NA,Or2T48,2
607,Olfr331,7.443372,4.7119007,3.6507201,,3,4.5,-1.5571285393486614,NA,Or2T49,2
608,Olfr332,9.394075,6.7771974,4.478281,uOR,3,2,0.7885298917069106,NA,Or2Av9,2
609,Olfr335,3.7986743,6.5224667,6.3656077,,,,,,,
610,Olfr335-ps,3.7820554,6.558975,6.409731,,6,,-0.4498994121750911,NA,,
611,Olfr338,5.0630965,6.7767196,7.216466,uOR,6,1,0.17618500320971,NA,Or1J10,1
612,Olfr339,5.458629,9.024428,6.2175674,oOR,6,1.5,0.9579440852118282,NA,Or1J11,1
613,Olfr340,8.604387,8.621264,5.3803353,oOR,6,,3.607241645098283,Low stress,Or1J12,1
614,Olfr341,5.0297947,6.618845,7.303314,uOR,6,1.5,2.2405192307789945,Low stress,Or1J13,1
615,Olfr342,5.3834386,5.7105584,6.731254,,6,3,1.3196038912282466,NA,Or1J14,1
616,Olfr344,8.016675,9.32051,5.668414,,6,,0.852914193190508,NA,Or1J15,1
617,Olfr345,7.759015,9.378675,5.7407846,,6,,2.5023666491985126,Low stress,Or1J16,1
618,Olfr346,5.0692024,8.800426,6.458515,uOR,6,4,-0.2284481138304225,NA,Or1J17,1
619,Olfr347,8.457208,8.660968,5.2622976,uOR,6,3,3.893791355247957,Low stress,Or1J18,1
620,Olfr348,4.8358316,8.497146,6.50957,uOR,6,1,3.4670042151753004,Low stress,Or1J19,1
621,Olfr350,7.787358,6.7679443,5.587949,uOR,6,2,2.5199650171772,Low stress,Or1J4,1
622,Olfr351,8.2205515,9.700513,6.307271,oOR,6,1,0.08743620576185,NA,Or1N1,1
623,Olfr352,4.953263,8.816093,6.258561,,6,1,4.162384812654254,Low stress,Or1J20,1
624,Olfr353,5.167733,9.170964,5.9590335,oOR,6,2,0.3136088629726198,NA,Or1N1B,1
625,Olfr354,8.533402,6.117183,4.9375277,uOR,6,2,0.1404396784700945,NA,Or1N2,1
626,Olfr355,9.705003,7.4434566,3.2319517,,6,1,1.140755249480369,NA,Or1L8,1
627,Olfr356,8.155642,8.136701,3.2690806,,6,1.5,2.644683279799376,Low stress,Or1Ak2,1
628,Olfr357,5.710614,6.743992,5.1722784,uOR,6,3.5,0.6323309942196542,NA,Or1Q1,1
629,Olfr358,8.923875,8.680643,3.849821,uOR,3,1.5,-0.3735431205219708,NA,Or12K5,12
630,Olfr360,8.784758,6.570972,3.8566594,uOR,3,2,-0.3618136814212735,NA,Or12K7,12
631,Olfr361,8.987978,6.707848,3.7820013,,3,3.5,-0.2892155870564828,NA,Or12K8,12
632,Olfr362,6.6163125,3.3857484,4.2126226,,3,3,0.1549198917212721,NA,Or1B1,1
633,Olfr364-ps1,9.48697,5.82808,4.470675,,6,,0.039779117571146,NA,,
634,Olfr365,7.3446517,5.8314495,7.22699,oOR,6,1.5,-0.3382319110906615,NA,Or1L4,1
635,Olfr366,6.5393324,6.146611,7.4770083,oOR,6,2,-0.6724942258415753,NA,Or1Af1,1
636,Olfr368,8.746207,4.1293197,3.3419547,oOR,5,1,1.3486134736239848,NA,Or5C1,5
637,Olfr370,8.228526,9.187624,4.470923,oOR,3,3.5,-2.5333496948934804,High stress,Or10K2,10
638,Olfr371,7.0206604,9.475168,4.05837,,6,1.5,2.6353477513986983,Low stress,Or7C19,7
639,Olfr372,9.982803,5.178933,3.5975351,uOR,3,1,-0.1091831353929079,NA,Or2Z8,2
640,Olfr373,9.922288,5.126022,3.7657049,uOR,3,1.5,-0.4115345247881731,NA,Or2Z9,2
641,Olfr374,4.974728,5.282376,5.1450624,,6,3,-0.3137880810047009,NA,Or1Ab2,1
642,Olfr376,5.6482735,9.093941,5.2432294,uOR,6,1,1.8087172366147912,NA,Or1E1C,1
643,Olfr378,4.921444,8.702987,5.5188837,,6,3,2.450686847002283,Low stress,Or1E19,1
644,Olfr38,5.3469834,6.2818227,7.273576,uOR,3,1.5,-1.6000744512243723,NA,Or2F1B,2
645,Olfr380,6.538893,9.440534,4.6579504,,6,2.5,1.08721271866043,NA,Or1E21,1
646,Olfr381,8.149045,9.776614,6.288251,,6,2.5,2.411083980123278,Low stress,Or1E22,1
647,Olfr382,8.127769,9.7557335,6.261153,,6,2.5,1.1567664050940023,NA,Or1E23,1
648,Olfr384,4.66031,8.236011,6.45437,,6,,6.260030571473801,Low stress,Or1E25,1
649,Olfr385,8.060307,8.965287,5.340917,,6,,2.680296837437306,Low stress,Or1E26,1
650,Olfr386,4.6749816,8.249858,6.4650064,,,,,,,
651,Olfr389,8.489922,8.652101,5.1839237,uOR,6,3.5,3.253023353622632,Low stress,Or1E29,1
652,Olfr39,7.870115,9.707087,6.2762384,uOR,6,2,2.130955219964876,Low stress,Or7D9,7
653,Olfr390,9.511175,8.241509,5.468379,uOR,6,3.5,0.7795191643449633,NA,Or1E30,1
654,Olfr391,8.183574,9.225891,4.8081594,,,,,,Or1E31,1
655,Olfr391-ps,8.19822,9.2216,4.841784,,6,3.5,4.163697142551701,Low stress,,
656,Olfr392,6.900599,9.452226,4.3619304,uOR,6,3,1.641213592225209,NA,Or1E32,1
657,Olfr393,6.937387,9.528993,4.2844625,,6,2.5,0.5205978658181363,NA,Or1E33,1
658,Olfr394,5.5114207,9.234039,5.549073,uOR,6,2,1.7889898612339454,NA,Or1E34,1
659,Olfr395,8.063036,9.232855,4.975587,,6,,2.262963753984331,Low stress,Or1E35,1
660,Olfr397,6.15862,9.312308,4.8493156,uOR,6,2.5,-0.5350008302413449,NA,Or1E1F,1
661,Olfr398,6.307265,3.5955722,4.3758793,oOR,3,3.5,-0.3357067085318875,NA,Or1R1,1
662,Olfr399,9.553137,6.1027365,4.640932,uOR,3,1,0.5396194327411018,NA,Or3A4,3
663,Olfr4,6.224129,8.898455,5.374281,,,,,,,
664,Olfr4-3,7.8348308,9.274125,5.294971,,,,,,,
665,Olfr401,8.4622,8.408403,4.8108807,,3,1,3.2244436440787827,Low stress,Or3A1B,3
666,Olfr402,8.378095,8.886181,4.832806,,3,1,0.5155485756088117,NA,Or3A1C,3
667,Olfr403,6.5889053,6.1413546,7.4710746,oOR,6,2.5,-0.4426413478714747,NA,Or1A1,1
668,Olfr406,9.682797,7.5501227,5.8493376,,6,,-0.6035575754186728,NA,Or1P1C,1
669,Olfr406-ps,9.689132,7.5324287,5.8554025,,,,,,,
670,Olfr410,8.534046,8.680553,4.752529,uOR,3,1,1.171738808550323,NA,Or3A1,3
671,Olfr411,8.504236,8.692358,4.78623,uOR,3,1,1.247139530629053,NA,Or3A1D,3
672,Olfr412,5.0834017,9.14894,6.445347,,6,1,-1.2021788627288528,NA,Or1D2,1
673,Olfr414,7.9888344,9.272808,5.095201,oOR,3,3.5,-1.861529641880204,NA,Or6P1,6
674,Olfr417,5.041842,6.7398186,6.5092583,uOR,3,3,0.0783227918160159,NA,Or10X1,10
675,Olfr418,10.119327,6.4537606,4.391038,,3,,-0.3685558240584291,NA,,
676,Olfr419,9.357139,6.423324,5.1621084,uOR,3,1,0.767078422686019,NA,Or10Z1,10
677,Olfr42,9.687976,5.8364177,5.6390224,,,,,,,
678,Olfr420,9.359978,4.9136558,3.373707,,3,1,1.1584015492723894,NA,Or6K2,6
679,Olfr424,9.503926,6.113141,4.4861913,uOR,3,1,3.661983459044771,Low stress,Or6K4,6
680,Olfr427,5.812989,3.9928446,5.0364876,,3,,1.7153074689889545,NA,Or6K14,6
681,Olfr429,9.3292,6.899177,3.3654995,,3,2,0.0831974518130294,NA,Or6N1,6
682,Olfr43,6.5681086,6.160659,7.4859233,oOR,,,,,Or1A1B,1
683,Olfr430,9.404429,6.651622,3.2798517,uOR,3,1,-0.3409021975666633,NA,Or6N2,6
684,Olfr432,5.7448707,4.1854177,5.336945,oOR,3,1,0.6153789485593801,NA,Or10Aa3,10
685,Olfr433,5.463838,4.5122843,5.7327924,uOR,3,1,0.9549012056008562,NA,Or10Aa1,10
686,Olfr434,5.0292726,9.068379,6.3975034,uOR,3,2,0.8765109172863883,NA,Or2A20,2
687,Olfr435,4.577499,8.456062,5.9278736,uOR,3,1.5,2.7526983476123656,Low stress,Or2A51,2
688,Olfr437,8.765967,6.3275948,5.0833545,uOR,3,1,1.1795149422070106,NA,Or2A52,2
689,Olfr44,4.2323203,7.4863234,6.2557855,uOR,4,1.5,2.3450549736206843,Low stress,Or8G20,8
690,Olfr441,4.963917,8.989984,6.2205667,,3,1.5,-0.7619305298107596,NA,Or2A54,2
691,Olfr444,5.0228877,8.926897,5.9088936,,3,1,0.5110311353621031,NA,Or2A56,2
692,Olfr446,5.086186,6.8615828,7.192552,,3,1,0.3003669292333152,NA,Or2A12,2
693,Olfr447,4.3421993,7.721534,6.6128325,oOR,3,1.5,-0.8722399930183017,NA,Or2A25,2
694,Olfr448,5.0568843,9.158519,6.441429,uOR,3,1,1.0778473754781273,NA,Or2A5,2
695,Olfr449,4.0729356,6.349886,6.1620383,oOR,3,2.5,-0.8723806813427123,NA,Or6B1,6
696,Olfr45,7.0978284,9.460022,3.9271834,uOR,3,3.5,0.0948590549960665,NA,Or13A17,13
697,Olfr450,8.250333,4.9911532,3.90574,uOR,3,,1.1156796892600287,NA,Or2Q1,2
698,Olfr452,8.536762,4.0749135,4.3245564,uOR,3,2,-1.6407400487817017,NA,Or2F2,2
699,Olfr453,5.367926,6.300236,7.303515,uOR,3,2,-1.169911850937998,NA,Or2F1,2
700,Olfr455,7.7132726,5.6063337,5.6702733,uOR,3,4,-3.531271895498022,High stress,Or10Ac1,10
701,Olfr456,7.4312763,7.0279474,6.695984,,3,,1.0466167614169712,NA,Or2R2,2
702,Olfr457,7.4350705,7.3819613,6.694582,uOR,3,,1.4785144169808435,NA,Or2R3,2
703,Olfr458,3.780674,6.4206614,6.477416,,3,,0.4374264186793521,NA,Or2R11,2
704,Olfr459,4.4539685,7.241364,5.875224,uOR,3,,2.583151138933887,Low stress,Or9A2,9
705,Olfr46,8.923778,8.501402,3.4255154,uOR,3,3,-0.2375870435503086,NA,Or13A18,13
706,Olfr460,4.462308,7.379403,6.1871223,uOR,3,,2.6773643638457534,Low stress,Or9A4,9
707,Olfr461,7.1974173,6.208118,6.5052247,uOR,3,,1.2206439199111272,NA,Or9A7,9
708,Olfr462,6.846768,9.185946,3.5596354,uOR,2,2,-0.6884421593988315,NA,Or4D2B,4
709,Olfr463,4.618414,6.627778,4.8635235,uOR,2,2,-0.4748026428502848,NA,Or4D2,4
710,Olfr464,4.9481225,8.497682,5.1600776,uOR,2,2,-0.1969349461784285,NA,Or4D1,4
711,Olfr465-ps1,9.8161,7.530777,4.6679883,,3,,2.793796409805155,Low stress,,
712,Olfr466,9.02136,6.752557,3.8305786,uOR,5,3,0.321395275973631,NA,Or9S18,9
713,Olfr467,9.335744,7.462373,2.5667377,uOR,5,1,2.9774380544455483,Low stress,Or5P5,5
714,Olfr469,8.340575,8.881954,3.4040356,uOR,5,3,-1.476065520605924,NA,Or5P50,5
715,Olfr47,5.0334196,9.082732,6.3499985,uOR,3,2,-0.2816793374580124,NA,Or2A57,2
716,Olfr470,9.750702,6.093793,3.155571,,5,3,0.5099983231479293,NA,Or5P51,5
717,Olfr472,7.5698957,5.2856083,5.4984927,,5,3,0.163442067035639,NA,Or5P52,5
718,Olfr473,7.054711,4.622749,5.231285,uOR,5,2,2.1833693646877466,Low stress,Or5P53,5
719,Olfr474,7.1953993,8.713511,3.6694174,,5,5,0.3090657761745567,NA,Or5P54,5
720,Olfr476,9.849137,6.175952,4.5671873,uOR,5,3.5,-1.3302331338779354,NA,Or5P55,5
721,Olfr477,9.385605,6.19167,4.8826227,,5,3,-0.6182216351363035,NA,Or5P56,5
722,Olfr478,7.9821877,9.2216835,4.595992,uOR,5,1,2.5443544116626686,Low stress,Or5P6,5
723,Olfr479,8.083181,9.269693,4.523555,oOR,3,2,-1.6962784459993043,NA,Or10Ab4,10
724,Olfr48,9.594609,6.579309,3.1041374,uOR,2,4.5,0.790523602156567,NA,Or4C58,4
725,Olfr480,8.377214,3.8390274,3.8203354,,5,1,1.852589621658371,NA,Or5P57,5
726,Olfr481,8.4905205,3.8263514,3.5875208,uOR,5,1,0.1219841205010348,NA,Or5P4,5
727,Olfr482,9.463334,7.431059,2.760317,uOR,5,1,4.9633007731083945,Low stress,Or5P58,5
728,Olfr483,9.4116335,6.64074,3.1800635,uOR,5,1,4.001923858905659,Low stress,Or5P59,5
729,Olfr484,9.571898,7.469828,2.9541,uOR,5,2,1.579346733597565,NA,Or5P60,5
730,Olfr485,9.095093,8.345583,3.2972264,,5,,2.878739938995435,Low stress,Or5P61,5
731,Olfr486,9.680445,7.4770465,3.2424,,5,1.5,4.104171297980491,Low stress,Or5P62,5
732,Olfr487,8.266057,9.123519,4.498396,uOR,5,1.5,3.909911033955152,Low stress,Or5P63,5
733,Olfr488,9.567987,7.0819726,3.2603788,uOR,5,1,3.16018703385653,Low stress,Or5P64,5
734,Olfr49,5.371624,5.6368856,6.7021766,,3,,0.2798368702591382,NA,Or6E1,6
735,Olfr490,9.46383,7.4696865,2.6396103,,5,1,2.8312424269076057,Low stress,Or5P66,5
736,Olfr491,8.304171,5.4707875,3.785683,uOR,5,3,0.5686131857859682,NA,Or5P1,5
737,Olfr492,9.362758,7.6510744,2.7246919,,5,,5.318634857464701,Low stress,Or5P67,5
738,Olfr493,9.582908,7.374584,2.9599643,,5,,1.849970321592092,NA,Or5P68,5
739,Olfr494,9.480328,7.4176917,2.6425083,,5,1.5,2.8846205807654304,Low stress,Or5P69,5
740,Olfr495,9.310355,7.788164,2.734612,,5,2,3.8944638743714863,Low stress,Or5P70,5
741,Olfr497,9.404713,7.4968085,2.6645038,uOR,5,,1.6512252896639033,NA,Or5P72,5
742,Olfr498,9.454983,7.4535894,2.6572263,,5,2.5,3.778343508266476,Low stress,Or5P73,5
743,Olfr5,9.711346,5.056483,2.9477932,,3,4,-4.025143869085004,High stress,Or6Z7,6
744,Olfr50,5.744801,9.08483,5.9379926,uOR,6,1,5.684777301476517,Low stress,Or1J21,1
745,Olfr502,7.9235115,8.941118,4.0978694,uOR,5,2,2.058692894778844,Low stress,Or5P76,5
746,Olfr503,7.8985558,6.3278437,5.6198273,,1,,1.090337979371417,NA,Or52N4B,52
747,Olfr504,3.8456962,6.462485,6.3311253,,1,,,NA,Or56B1B,56
748,Olfr506,8.270315,8.79606,3.7791293,uOR,5,1,2.0489099604864185,Low stress,Or5P78,5
749,Olfr507,8.463692,9.036546,3.2681446,,5,,2.4944205948818863,Low stress,Or5P79,5
750,Olfr508,9.95589,5.3405886,3.7724466,uOR,5,1,1.0652530086490113,NA,Or5P80,5
751,Olfr509,8.784581,6.726908,3.993401,,3,1.5,-0.2103466689941505,NA,Or10Ab5,10
752,Olfr51,8.2019005,9.199119,3.3237398,uOR,6,1,0.0060331904741105,NA,Or1Ad8,1
753,Olfr510,9.575443,5.890898,2.9679132,uOR,5,1,0.975476644460751,NA,Or5P81,5
754,Olfr512,4.8675523,5.2328067,5.8249645,,3,2,3.283307090205806,Low stress,Or10A3M,10
755,Olfr513,4.842392,6.785745,6.6360583,,5,4.5,3.424377343008135,Low stress,Or5E1,5
756,Olfr514,4.007827,6.25095,6.244771,,3,,0.4659485377852829,NA,Or10A48,10
757,Olfr516,5.042897,4.9267716,5.8343678,uOR,3,1,0.2639336191640966,NA,Or10A3B,10
758,Olfr517,8.847456,6.6841903,4.018379,uOR,3,1,-2.3448776397400097,High stress,Or10A49,10
759,Olfr518,4.4008656,5.725319,5.633031,uOR,3,1,0.139578202886302,NA,Or10A3,10
760,Olfr519,4.9471097,5.235648,5.88231,oOR,3,1,0.3176986971007854,NA,Or10A3N,10
761,Olfr52,8.787638,6.638209,4.2363887,uOR,5,1,1.016368849006853,NA,Or8U8,8
762,Olfr520,7.8095274,6.3968606,5.1295195,,3,1,-0.299151280905426,NA,Or2At4,2
763,Olfr521,9.650358,5.334428,2.8304193,uOR,3,1,1.0872480742621664,NA,Or2At1,2
764,Olfr522,7.633277,4.5629663,3.4669275,uOR,3,1.5,-0.448552044692579,NA,Or6Ae1,6
765,Olfr523,7.908466,4.179176,4.5972195,uOR,3,2,-1.3185234283790506,NA,Or6F2,6
766,Olfr524,5.4640546,4.308989,5.4118342,uOR,3,4,-2.989246395930241,High stress,Or6B13,6
767,Olfr525,9.357736,5.831428,4.498949,uOR,3,2,-0.406541714070347,NA,Or13A19,13
768,Olfr527,7.254904,9.306899,3.8138833,oOR,3,3,0.2541252582734822,NA,Or12J2,12
769,Olfr53,9.425342,7.060967,3.0818386,oOR,3,3,1.7568807908966455,NA,Or13A20,13
770,Olfr530,8.672397,8.884007,3.3371217,uOR,3,2,0.7288808119346109,NA,Or12J3,12
771,Olfr531,7.1275687,9.259143,3.7757092,uOR,3,3,1.104939595886654,NA,Or2J6,2
772,Olfr532,4.8544116,6.839118,6.5353694,uOR,3,3.5,1.015254066764433,NA,Or13A21,13
773,Olfr533,4.019715,6.4266863,6.2404103,uOR,3,3.5,0.0195926630970525,NA,Or12J4,12
774,Olfr535,9.609927,6.3494363,2.7681358,uOR,3,3.5,-1.2588754402158653,NA,Or13A22,13
775,Olfr536,4.903346,8.952639,6.0900593,uOR,,,,,Or12J5,12
776,Olfr538,8.830708,8.562944,3.4694314,uOR,3,2.5,-0.688049539336282,NA,Or13A24,13
777,Olfr539,4.531091,7.3692284,5.975333,,3,3,-0.295148551176278,NA,Or13A25,13
778,Olfr54,7.955994,7.449415,6.8448043,uOR,6,1,0.8142653853799051,NA,Or1X2,1
779,Olfr541,9.547786,6.5253143,2.9723637,uOR,3,2.5,0.8934123263209577,NA,Or13A26,13
780,Olfr543,7.8427978,6.726748,5.717061,oOR,1,fishOR,-2.3448639197895007,High stress,Or55B3,None
781,Olfr544,7.5087743,8.83987,3.627973,oOR,1,fishOR,-2.474872862497488,High stress,Or55B4,None
782,Olfr545,7.9704356,6.3276477,5.000457,oOR,1,fishOR,-2.227407737660991,High stress,Or55B10,None
783,Olfr547,7.571514,7.743308,5.113186,,1,fishOR,-5.334023416265026,High stress,Or52B4,52
784,Olfr548-ps1,7.579594,7.7423763,5.118621,,1,,-2.317528844565397,High stress,,
785,Olfr549,7.5322437,7.799508,5.1174855,,1,fishOR,-2.778029705692333,High stress,Or52B3,52
786,Olfr55,10.134529,7.198046,5.695175,uOR,,,,,Or10H1B,10
787,Olfr550,7.56042,8.680132,3.5124123,oOR,1,fishOR,-1.993442500302536,NA,Or51R1,51
788,Olfr551,8.806658,4.1247597,3.6694229,,1,fishOR,-3.1695910209034834,High stress,Or52P2,52
789,Olfr552,7.8774953,9.409778,4.096763,,1,fishOR,-0.413622200885672,NA,Or52K2,52
790,Olfr553,7.1785474,8.738641,3.636266,uOR,1,fishOR,-3.1850447180495647,High stress,Or52M2,52
791,Olfr554,8.277185,7.146027,5.056072,,1,fishOR,-6.450065957218353,High stress,Or52M1,52
792,Olfr555,7.9436007,7.599102,6.3170304,,1,fishOR,0.1840020307647048,NA,Or51H1,51
793,Olfr556,4.5129538,6.0276465,5.1104174,uOR,1,fishOR,-0.681608254766051,NA,Or52I2,52
794,Olfr557,6.2722125,3.7944045,4.4618416,oOR,1,fishOR,-2.004569282267268,High stress,Or51D1,51
795,Olfr558,8.165505,8.134815,3.2103734,oOR,1,fishOR,-2.7672436762212484,High stress,Or51E1,51
796,Olfr559,8.055804,8.865014,4.177347,,1,fishOR,-2.034721449852511,High stress,Or51A25,51
797,Olfr56,5.2685966,4.674884,5.8896136,oOR,3,2.5,-3.3269466908623104,High stress,Or2V1,2
798,Olfr560,9.003017,8.453529,3.3489497,,1,,-0.3662624045260475,NA,Or51F23B,51
799,Olfr561,4.8765874,7.7202106,5.5068836,,1,fishOR,-0.6421098385834072,NA,Or51F5,51
800,Olfr564,8.885376,8.5723505,3.3151457,,1,,4.339076071739241,Low stress,Or51F23,51
801,Olfr566,8.095165,7.569981,5.3148174,uOR,1,fishOR,2.525363998926755,Low stress,Or51F1,51
802,Olfr568,7.879561,9.566215,6.073332,,1,,-0.2519699666831991,NA,Or51F2,51
803,Olfr569,9.00419,4.089192,3.604963,uOR,1,fishOR,-4.259453623321913,High stress,Or52R1,52
804,Olfr57,5.072111,6.5286727,7.2420206,oOR,6,1,1.877977635978245,NA,Or7A41,7
805,Olfr570,10.454058,6.7536187,5.6906013,uOR,1,fishOR,1.390705364537338,NA,Or51A8,51
806,Olfr571,7.6146817,7.334031,6.254941,oOR,1,fishOR,-2.082524241718562,High stress,Or51S1,51
807,Olfr572,8.469764,4.148162,4.3932176,,1,fishOR,-3.1640809206071325,High stress,Or51H5,51
808,Olfr573-ps1,7.603861,8.600856,3.528621,,1,,-0.449899412175091,NA,,
809,Olfr574,4.74942,7.034788,6.4486027,,1,,-2.598791195812764,High stress,Or51T4,51
810,Olfr575,10.472759,6.7317533,5.7126193,,1,fishOR,-0.6944280109796422,NA,Or51A6,51
811,Olfr576,8.439296,7.724367,5.8766894,,1,fishOR,-1.2505668182598957,NA,Or51A7,51
812,Olfr577,7.8251996,9.803972,6.494217,oOR,1,fishOR,-2.6154170267124406,High stress,Or51G2,51
813,Olfr578,7.7797384,9.143204,5.609163,oOR,1,fishOR,-0.8084880691255749,NA,Or51G1,51
814,Olfr58,4.665556,5.419992,5.7836423,,6,2,3.1927518180905365,Low stress,Or7E165,7
815,Olfr582,8.493755,4.1658196,3.8436108,uOR,1,fishOR,-1.4753815604438514,NA,Or52R1B,52
816,Olfr583,8.108666,7.5564084,5.3464622,,1,fishOR,1.7717072114606138,NA,Or51F1D,51
817,Olfr584,8.49863,4.1573377,3.8334923,uOR,1,fishOR,-0.9373110027551804,NA,Or52R1C,52
818,Olfr585,8.789602,7.556765,5.9266024,,1,fishOR,1.0565102848851913,NA,Or51F1E,51
819,Olfr586,7.9297757,7.538639,6.3060055,uOR,1,fishOR,-1.388009495938534,NA,Or51A5,51
820,Olfr588-ps1,8.045416,7.5987997,6.217212,,1,,-1.1762645934907183,NA,,
821,Olfr589,7.8919086,7.543282,6.2419024,,1,fishOR,-1.231959734495057,NA,Or52E2,52
822,Olfr59,7.7784796,8.903312,5.334442,uOR,6,3,-2.25521414014494,High stress,Or1P1,1
823,Olfr591,10.451554,6.7172136,5.5098944,,1,fishOR,-2.154689661053385,High stress,Or52S1B,52
824,Olfr592,7.828493,7.6477695,5.158743,uOR,1,fishOR,-0.057167631784842,NA,Or52J3,52
825,Olfr593,10.411551,6.8013406,5.657773,,1,fishOR,-2.041087606075961,High stress,Or52S1,52
826,Olfr594,8.057761,7.851755,5.014264,uOR,1,fishOR,-2.225343239124067,High stress,Or52E3,52
827,Olfr596,10.425038,6.275038,4.6978273,uOR,1,fishOR,-1.606662389705087,NA,Or52E19,52
828,Olfr597,8.91628,4.1535964,3.6637938,uOR,1,fishOR,-3.847137086593633,High stress,Or52Ab2,52
829,Olfr598,8.781181,4.015738,3.5608153,uOR,1,fishOR,-1.7834119534820516,NA,Or52Ab7,52
830,Olfr599,9.486666,7.0795083,3.1882083,uOR,1,fishOR,-2.9772425592403104,High stress,Or52Ab4,52
831,Olfr6,5.4177237,4.7243094,5.923611,uOR,3,4,-2.7354332603596574,High stress,Or6B9,6
832,Olfr60,9.712974,5.757665,3.112118,uOR,3,3.5,-1.7810222574890435,NA,Or13A27,13
833,Olfr600,7.443556,7.6924686,5.0854263,oOR,1,fishOR,-0.0687649503844012,NA,Or52Ad1,52
834,Olfr601,10.422364,6.7577667,5.663615,uOR,1,fishOR,-0.8368830448608869,NA,Or52S19,52
835,Olfr603,10.433358,6.2607117,4.6857915,,1,fishOR,-1.9440619415186464,NA,Or52E19B,52
836,Olfr605,8.488761,7.148524,4.396071,uOR,1,fishOR,-1.057599127761588,NA,Or52S6,52
837,Olfr606,5.0953918,7.619646,7.067931,uOR,1,fishOR,-0.96339463960733,NA,Or51L14,51
838,Olfr607,9.408083,6.2647476,2.4612455,,1,,-0.4807238096062498,NA,Or52D13,52
839,Olfr608,5.7392344,9.086215,5.993893,uOR,1,fishOR,0.1779812782310289,NA,Or52Ae7,52
840,Olfr609,8.923427,7.4522,5.652522,oOR,1,fishOR,-3.378448015461749,High stress,Or51Af1,51
841,Olfr61,7.069597,9.47783,3.95561,uOR,3,3.5,-0.1406227993742895,NA,Or13A28,13
842,Olfr610,8.348257,7.6231637,6.1771445,uOR,1,fishOR,-2.253974254189799,High stress,Or51Ag1,51
843,Olfr611,8.083136,7.708834,5.1819525,oOR,1,fishOR,-1.300439658178376,NA,Or51Aa5,51
844,Olfr612,8.130478,8.130179,3.2504408,oOR,1,fishOR,-1.538220935974951,NA,Or51Aa2,51
845,Olfr613,7.923454,9.314124,5.474125,oOR,1,,-1.2899358346699858,NA,Or51Ab3,51
846,Olfr615,8.398593,7.5473766,6.3532305,,1,fishOR,-2.65230281443842,High stress,Or51Ah3,51
847,Olfr616,8.037148,7.4811835,6.4469204,oOR,1,fishOR,-2.241396918350552,High stress,Or51Ac3,51
848,Olfr617,7.84878,7.7293987,5.1417317,oOR,1,fishOR,-3.5888117645622573,High stress,Or52Z12,52
849,Olfr618,7.9776106,8.485329,4.611034,uOR,1,fishOR,-5.261625753998643,High stress,Or52Z13,52
850,Olfr619,7.833736,7.8750772,5.0840044,,1,fishOR,-2.501229905536117,High stress,Or52Z14,52
851,Olfr62,5.8002434,5.457172,6.046133,uOR,3,1,1.3381214138068336,NA,Or13P10,13
852,Olfr620,9.878192,5.158255,3.1486707,oOR,1,fishOR,-1.2630769487363227,NA,Or51V14,51
853,Olfr622,8.637007,8.965381,3.3898978,uOR,1,fishOR,-0.7465719438292566,NA,Or52A33,52
854,Olfr623,6.9447823,9.247443,5.1431108,uOR,1,fishOR,-0.3013446836036598,NA,Or51B6B,51
855,Olfr624,9.650478,6.2897267,3.43871,,1,fishOR,-0.0850013842145269,NA,Or51V8,51
856,Olfr625-ps1,7.910761,7.772663,5.2471266,,1,,,NA,,
857,Olfr628,4.5595036,6.845946,6.68607,,1,fishOR,-0.3527627928417863,NA,Or52A24,52
858,Olfr629,7.8196096,9.310248,5.697858,uOR,1,fishOR,-1.650311154747587,NA,Or52Ae9,52
859,Olfr63,10.270142,7.0889792,5.5477433,,3,2.5,-0.1577266643747947,NA,Or10H28,10
860,Olfr630,5.216375,7.546335,7.107774,uOR,1,fishOR,-3.5594519860206835,High stress,Or51L4,51
861,Olfr631,8.024728,9.342773,4.9641714,,1,,-1.31791652854785,NA,Or51M1,51
862,Olfr632,6.286659,5.117357,5.7552876,oOR,1,fishOR,1.0756831814721817,NA,Or51Ai2,51
863,Olfr633,8.253235,8.904072,5.3418646,uOR,1,fishOR,-0.6149533727031965,NA,Or51K2,51
864,Olfr634-ps1,7.7008777,6.708975,5.240925,,,,,,,
865,Olfr635,8.647851,8.567712,5.374745,uOR,1,fishOR,-0.1487811087618679,NA,Or51Q1,51
866,Olfr638,8.745059,8.487174,5.3428545,,1,fishOR,-2.517790738461348,High stress,Or51Q1C,51
867,Olfr639,8.93303,7.6323833,6.1895986,,1,fishOR,-0.1019048973544979,NA,Or51K1,51
868,Olfr64,9.623594,6.9946976,2.795286,oOR,1,fishOR,-3.1066114538899816,High stress,Or51B17,51
869,Olfr640,8.06194,9.337559,4.7477517,uOR,1,fishOR,-2.140195284902079,High stress,Or51I1,51
870,Olfr641,9.823055,7.23817,4.493797,,1,fishOR,-0.5997715914046328,NA,Or51I2,51
871,Olfr642,8.182415,6.38791,5.519463,oOR,1,fishOR,-0.6185191693852669,NA,Or51A10,51
872,Olfr643,5.726567,9.278507,5.2392974,,,,,,4930516K23Rik,None
873,Olfr644,9.610801,8.084716,5.4782763,oOR,1,fishOR,-2.2188217555439227,High stress,Or51A43,51
874,Olfr645,7.993379,6.5263796,5.4666576,,1,fishOR,0.1414612298215957,NA,Or51A24,51
875,Olfr646,8.218475,7.3807483,4.851378,uOR,1,fishOR,-0.6192706557457057,NA,Or52D1,52
876,Olfr648,7.839106,6.253862,5.5960355,,1,fishOR,0.7127436462494428,NA,Or52H1,52
877,Olfr649,8.056799,7.592596,5.2757277,,1,fishOR,-2.6319746954625174,High stress,Or52H2,52
878,Olfr65,9.584474,7.0645266,2.709353,oOR,1,fishOR,-4.285921401410531,High stress,Or51B6,51
879,Olfr651,8.83246,4.0786815,3.5740142,oOR,1,fishOR,-0.8831523198053708,NA,Or52H9,52
880,Olfr652,7.980122,7.4143105,6.8417077,uOR,1,fishOR,-0.5999598165447373,NA,Or52H7,52
881,Olfr653,7.900133,8.1181345,4.797647,oOR,1,fishOR,-3.3911997844663238,High stress,Or52D3,52
882,Olfr654,9.881345,4.7415776,3.4485354,,1,fishOR,-2.225619746275585,High stress,Or52U1,52
883,Olfr655,7.6810026,7.318536,6.338803,uOR,1,fishOR,-0.6644851061134147,NA,Or52Ac1,52
884,Olfr656,7.5345306,9.500206,4.4871025,,1,fishOR,-1.3905692037725352,NA,Or52P1,52
885,Olfr657,9.657499,7.319997,3.082652,uOR,1,fishOR,0.3063052896980814,NA,Or56B1,56
886,Olfr658,8.065079,6.563306,5.384543,uOR,1,fishOR,-0.6657588683611043,NA,Or52N4,52
887,Olfr659,7.7295527,7.3596015,6.3582745,uOR,1,fishOR,-1.7115541823846034,NA,Or52N20,52
888,Olfr66,7.64872,7.9928427,5.1074166,uOR,1,fishOR,-0.601183931936609,NA,Or51B4,51
889,Olfr661,8.222824,5.450437,3.877777,,1,fishOR,-1.1498917988252413,NA,Or56B2,56
890,Olfr663,6.9365225,9.436373,4.1822605,,,,,,Or56B2J,56
891,Olfr664,6.891807,9.259881,3.620963,,1,,-1.743049188151257,NA,,
892,Olfr665,7.5664415,6.411537,5.963432,uOR,1,fishOR,-1.217976983156474,NA,Or52N3,52
893,Olfr666,7.5568457,6.8573184,6.2668447,oOR,1,fishOR,-2.6932007191542437,High stress,Or52N2,52
894,Olfr667,7.679673,6.464804,5.889656,,1,fishOR,-1.1246986557611698,NA,Or52N2B,52
895,Olfr668,7.64681,6.443285,5.907396,uOR,1,fishOR,-1.2332726737316284,NA,Or52N2C,52
896,Olfr669,5.8459854,4.255826,5.393029,,1,fishOR,-1.790289745399486,NA,Or52N5,52
897,Olfr67,7.8352895,7.7766175,5.1495214,uOR,1,fishOR,-2.94587538718216,High stress,Or52Z1,52
898,Olfr670,7.588017,7.244097,6.2995296,uOR,1,fishOR,-3.359568538642584,High stress,Or52E18,52
899,Olfr671,7.852829,8.013411,5.8417172,uOR,1,fishOR,0.4635198066730128,NA,Or52E8,52
900,Olfr672,4.4408035,6.2504573,5.40163,oOR,1,fishOR,-1.5052156648551376,NA,Or52E15,52
901,Olfr675,7.7994046,7.5820856,6.183774,uOR,1,fishOR,1.8301849890247603,NA,Or52E8B,52
902,Olfr676,7.6357703,7.465062,6.3102207,uOR,1,fishOR,-0.1411471213425925,NA,Or52E7,52
903,Olfr677,7.2842393,8.427173,3.653174,uOR,1,fishOR,-0.6121366195514154,NA,Or52E4,52
904,Olfr678,7.7420306,7.6423254,5.1499205,oOR,1,fishOR,-1.359278434278222,NA,Or52E5,52
905,Olfr679,5.5190516,9.011894,5.7864356,oOR,1,fishOR,-1.128825757727388,NA,Or56A3,56
906,Olfr68,7.968353,6.207224,5.569429,uOR,1,fishOR,1.29696213679961,NA,Or52A5,52
907,Olfr680-ps1,4.7152925,6.6783752,4.838978,,1,,-1.5841854819589378,NA,,
908,Olfr681,5.450093,9.034958,5.757502,uOR,1,fishOR,-1.2948134560888132,NA,Or56A3B,56
909,Olfr682-ps1,7.679321,6.637585,3.7302363,,,,,,,
910,Olfr683,9.543957,6.0627794,3.8846037,uOR,1,fishOR,0.4372470074187912,NA,Or56A5,56
911,Olfr684,7.973613,8.702602,4.352523,uOR,1,fishOR,0.1702272427893799,NA,Or56A4,56
912,Olfr685,5.4800477,4.729385,5.8984423,,1,fishOR,-3.355796380485104,High stress,Or52L1,52
913,Olfr686,7.7126374,3.7894845,3.8579001,uOR,1,fishOR,1.608765284362796,NA,Or52X1,52
914,Olfr688,9.180993,6.8044558,3.178995,,1,,1.149234633472421,NA,Or56B34,56
915,Olfr689,8.425153,4.0787983,3.4666305,uOR,1,fishOR,0.1600246888625354,NA,Or56B35,56
916,Olfr69,7.872161,6.32746,5.578244,uOR,1,fishOR,0.7060477043885355,NA,Or52A5B,52
917,Olfr690,8.429445,7.077412,4.471009,oOR,1,fishOR,-0.0442785111000001,NA,Or52B1,52
918,Olfr691,5.112027,8.970211,5.5786304,oOR,1,fishOR,-2.0416200481902766,High stress,Or52B2,52
919,Olfr692,8.729754,7.664741,6.0465503,uOR,1,fishOR,-2.1874517587313336,High stress,Or52W1,52
920,Olfr693,4.8059974,7.613156,5.3727584,uOR,3,2,3.090198503852937,Low stress,Or2Ag12,2
921,Olfr694,5.521691,8.063734,5.369615,uOR,3,2,2.272079937179486,Low stress,Or2Ag1B,2
922,Olfr695,8.414036,8.619715,4.838577,uOR,3,3,0.9977310478438898,NA,Or2Ag13,2
923,Olfr697,8.324353,9.210605,3.2677674,,3,2.5,3.12824517768338,Low stress,Or2Ag15,2
924,Olfr698,5.6588516,8.278022,5.113627,uOR,3,2,2.0002660290445795,Low stress,Or2Ag16,2
925,Olfr699,5.6985893,9.189005,5.1147738,uOR,3,2.5,0.9574438873279372,NA,Or2Ag17,2
926,Olfr7,9.300844,8.27411,5.528496,,,,,,,
927,Olfr70,9.967079,7.6995764,5.3749523,uOR,3,,0.9549071514617106,NA,Or13E8,13
928,Olfr700,4.7581663,7.648463,4.9769034,,3,2,3.356256466417863,Low stress,Or2Ag18,2
929,Olfr701,5.5383954,9.144662,5.703119,,3,3,1.823364068962086,NA,Or2Ag2B,2
930,Olfr702,6.038961,3.9420645,4.7148995,,,,,,Or13N4,13
931,Olfr703,5.8212643,9.198704,4.9249535,uOR,3,2,1.1243420029490054,NA,Or2Ag19,2
932,Olfr704,8.580913,8.62547,4.744982,uOR,3,3,1.5422232484952636,NA,Or2Ag20,2
933,Olfr705,4.7573934,7.6586423,4.9935803,uOR,3,3,1.6049308324200542,NA,Or2Ag1,2
934,Olfr706,5.5143394,8.05728,5.36215,uOR,3,3,2.626749767973598,Low stress,Or2Ag2,2
935,Olfr707,7.94706,4.350589,3.374159,,3,2.5,-1.009923893968996,NA,Or2D3,2
936,Olfr709-ps1,7.977814,4.303304,3.272359,,3,,-0.3180659884237183,NA,,
937,Olfr71,8.101318,7.062644,5.431004,,3,,-0.1831968825039601,NA,Or13J1,13
938,Olfr710,6.7867765,4.3987794,4.8037534,,3,2,-0.4334668194096319,NA,Or2D4,2
939,Olfr711,8.616018,6.394549,4.405107,oOR,3,4,-4.375347263453284,High stress,Or6B6,6
940,Olfr713,9.372176,7.4490056,2.5921109,uOR,3,2.5,0.015847624367413,NA,Or10A5,10
941,Olfr714,9.222681,6.515928,3.4281883,uOR,3,2.5,-0.5446928061226436,NA,Or10A2,10
942,Olfr715,7.095997,4.705489,5.0583844,oOR,3,2,-0.1190644328938693,NA,Or2D2,2
943,Olfr715b,6.5046024,6.176928,7.4859643,,3,,-0.0119199100157522,NA,Olfr715B,None
944,Olfr716,6.9511123,4.33423,5.036573,uOR,3,2,0.6054633186514322,NA,Or2D36,2
945,Olfr718-ps1,9.9525,5.141218,3.5561247,,3,,0.3671640558181648,NA,,
946,Olfr720,4.9649024,6.6792493,6.594849,uOR,3,5,-0.5745932488760455,NA,Or2T6,2
947,Olfr722,8.005727,5.94613,5.373534,uOR,2,3.5,-0.5867840145121933,NA,Or4N5,4
948,Olfr723,5.9054146,6.032538,5.8906302,oOR,2,3.5,-1.3752007999542628,NA,Or4L1,4
949,Olfr724,9.585199,5.905834,5.1438923,oOR,2,3,-1.7371179211774954,NA,Or4L15,4
950,Olfr725,4.2398086,6.5615845,5.229203,uOR,2,5,-0.8594992142965193,NA,Or4K15B,4
951,Olfr726,4.322118,6.430074,5.1707315,uOR,2,5,-1.0290857129827615,NA,Or4K15C,4
952,Olfr727,4.3743963,6.4764004,5.108723,oOR,2,5,0.4030345049421407,NA,Or4K15,4
953,Olfr728,4.267972,6.2881885,5.2496514,uOR,2,4,-2.1489734531660565,High stress,Or4K1,4
954,Olfr729,9.406697,4.501341,3.5833998,oOR,2,5,-1.2583184469272748,NA,Or4K5,4
955,Olfr73,6.8407316,9.431774,4.7511263,oOR,5,1,0.2927258087696384,NA,Or5D18,5
956,Olfr730,9.104264,6.686589,3.5386684,,2,3,0.2061209773157955,NA,Or4K2,4
957,Olfr731,9.025747,6.7634373,3.5079565,,2,4,-1.0187869129050149,NA,Or4K6,4
958,Olfr732,5.8464503,5.4518766,6.3694396,oOR,2,3.5,-2.552646848462469,High stress,Or4N4,4
959,Olfr733,7.637516,6.1238394,5.491422,oOR,2,3.5,-0.9376314944353724,NA,Or4N4B,4
960,Olfr734,6.086402,4.5697603,5.4226017,oOR,2,2,0.8571381084767824,NA,Or4M1,4
961,Olfr735,6.515338,3.6244502,4.1473007,oOR,2,3,-0.218277505588283,NA,Or4Q3,4
962,Olfr736,5.5467825,4.179151,5.0514374,uOR,3,2,0.1124138964262232,NA,Or11J4,11
963,Olfr738,5.5708637,4.330633,5.0573497,,3,1,0.2853187936215515,NA,Or11G1,11
964,Olfr739,5.6868215,9.203304,5.181878,,3,1.5,0.1546608750132281,NA,Or11G24,11
965,Olfr74,8.213903,7.459211,6.676453,,5,,4.634464833944009,Low stress,Or5D47,5
966,Olfr740,4.9398203,8.459016,5.370965,oOR,3,4,-1.5420848450816695,NA,Or11G7,11
967,Olfr741,5.9936047,8.637914,5.929155,uOR,3,4.5,-0.5779738113033145,NA,Or11G25,11
968,Olfr742,5.4647775,8.00549,6.316179,uOR,3,4.5,-1.3414081455113371,NA,Or11G26,11
969,Olfr743,7.582618,7.0952663,6.73679,oOR,3,5,-1.80507283794612,NA,Or11G27,11
970,Olfr744,3.7912831,6.687572,6.2864275,uOR,3,1,-0.26416538695083,NA,Or11G2,11
971,Olfr745,4.118804,7.3254013,5.625986,uOR,3,1,-0.0499731328836229,NA,Or11H6,11
972,Olfr746,5.022971,7.839448,4.8369174,uOR,3,1,-0.810959930404269,NA,Or11H7,11
973,Olfr747,9.651526,5.4338617,2.8639526,,,,,,Or11H4B,11
974,Olfr748,5.646186,8.122562,4.773406,oOR,3,1,-0.7042899286769047,NA,Or11H23,11
975,Olfr749,9.64201,5.446287,2.8624237,uOR,3,1,-1.0096380079751537,NA,Or11H4,11
976,Olfr750,8.156689,4.7042203,4.3017483,,3,2,-0.3120383428777408,NA,Or6S1,6
977,Olfr76,7.9670973,6.112779,5.284529,,5,2,-1.5153129980188311,NA,Or5A1,5
978,Olfr761,9.705486,5.8866677,5.065621,,3,4,-1.1152196454818308,NA,Or14J8,14
979,Olfr763,9.068429,7.9340096,5.203938,uOR,3,1,-0.3462175910271747,NA,Or10P21,10
980,Olfr764-ps1,6.0789824,9.322513,5.031632,,4,,0.16084963510088,NA,,
981,Olfr765,5.9713855,4.447042,5.0932136,uOR,4,2.5,-0.1565151402098739,NA,Olfr765,None
982,Olfr766-ps1,5.9661164,9.223951,5.2167206,,4,,1.079395908429846,NA,,
983,Olfr767,6.080975,4.1606708,5.0555434,,4,2,-0.0602394294879215,NA,Or6C8,6
984,Olfr768,4.1953154,6.5369325,6.5185356,uOR,4,1.5,1.077046166123495,NA,Or6C38,6
985,Olfr769,8.436452,7.040926,5.3306313,oOR,4,2,0.6503677915740101,NA,Or6C2B,6
986,Olfr77,8.003198,9.826352,6.4012117,uOR,6,1,2.2005833970434767,Low stress,Or7D10,7
987,Olfr770,8.215215,8.749688,5.407382,,4,2,0.2379192382848654,NA,Or6C201,6
988,Olfr771,7.995502,6.922649,5.461681,,4,3,-2.3764140531089986,High stress,Or6C202,6
989,Olfr772,6.4083834,9.108072,4.907732,uOR,4,2.5,0.9248111334746087,NA,Or6C203,6
990,Olfr773,6.492522,9.079937,4.8202295,,4,2.5,-2.1702315403886208,High stress,Or6C204,6
991,Olfr774,6.507593,8.880505,5.6020703,,4,3.5,-0.1473208488054512,NA,Or6C5,6
992,Olfr775,4.225637,6.5441866,6.498043,,4,2.5,-0.5144867411631862,NA,Or6C205,6
993,Olfr776,4.224707,6.5424714,6.492591,,4,3,-2.553202899027407,High stress,Or6C206,6
994,Olfr777,5.2272143,4.676348,5.8874607,,4,3,0.0951490250890558,NA,Or6C207,6
995,Olfr780,6.1572967,9.003211,5.8566637,,4,2,1.6856374444297677,NA,Or6C68,6
996,Olfr781,5.9212174,9.322701,5.2778788,oOR,4,2,2.783096476301179,Low stress,Or6C35,6
997,Olfr782,5.3716054,4.9402947,6.063989,,4,1.5,1.819373534668139,NA,Or6C6,6
998,Olfr784,4.5635686,7.6619415,6.312997,,4,2,-0.1070644110114795,NA,Or6C208,6
999,Olfr785,7.3923635,8.205581,5.1803894,,4,,-0.2364845296467532,NA,Or6C5B,6
1000,Olfr786,4.587608,7.174191,5.5288353,uOR,4,2,-1.6845982413497618,NA,Or6C1B,6
1001,Olfr787,5.9832234,8.314355,5.253356,uOR,4,3,-1.1547236153001927,NA,Or6C5C,6
1002,Olfr788,4.342204,6.208125,5.270051,uOR,4,3,-1.5146210195009189,NA,Or6C3,6
1003,Olfr789,6.7179275,9.223124,4.8830023,,4,,-1.2349483887458217,NA,Or6C7,6
1004,Olfr790,4.012695,6.228349,6.230898,oOR,4,2,-1.1906715926013374,NA,Or6C75,6
1005,Olfr791,7.9178767,9.2886505,4.7137322,uOR,4,1.5,0.778230880088123,NA,Or6C2,6
1006,Olfr792,3.9939544,6.304013,6.2218018,uOR,4,1,1.2374615210220368,NA,Or6C66B,6
1007,Olfr794,6.376544,9.292094,4.961509,oOR,4,2,0.627736481872388,NA,Or6C88,6
1008,Olfr796,4.850053,5.4523745,5.0513744,uOR,3,3,-0.023963322533615,NA,Or10P1,10
1009,Olfr798,4.009587,6.3111005,6.2714467,oOR,4,1.5,0.8966103674285361,NA,Or6C66,6
1010,Olfr799,4.2261157,6.714676,6.5968523,oOR,4,2,-0.2243357355113496,NA,Or6C209,6
1011,Olfr8,4.1715364,6.2291746,6.3413424,uOR,6,3.5,1.2853300839173796,NA,Or7A42,7
1012,Olfr800,5.2285,4.66611,5.9016166,oOR,4,2,-0.3024317613914101,NA,Or6C210,6
1013,Olfr801,4.484594,6.6841803,6.623155,uOR,,,,,Or6C211,6
1014,Olfr802,4.8724704,8.720497,5.646896,,4,2.5,-0.2260207138460123,NA,Or6C1,6
1015,Olfr803,5.7785735,8.224885,5.382651,,4,2,-0.7259426831623651,NA,Or6C3B,6
1016,Olfr804,5.373278,4.894929,6.051981,,4,2,-0.2570845347643432,NA,Or6C6C,6
1017,Olfr805,3.811496,6.4377804,6.4529843,,4,3.5,-2.4633724927541527,High stress,Or6C212,6
1018,Olfr806,3.9511533,6.5062766,6.424515,oOR,4,3,-0.9896469455390589,NA,Or6C213,6
1019,Olfr807,8.55075,8.39066,4.426349,uOR,4,1,2.2817465000061103,Low stress,Or6C214,6
1020,Olfr808,8.598827,6.8580832,5.183373,,4,1,1.5544154466742064,NA,Or6C65,6
1021,Olfr809,5.311792,4.530189,5.728869,uOR,4,1,2.878303886799477,Low stress,Or6C76,6
1022,Olfr810,8.217558,7.0496244,5.343809,oOR,4,1,0.800347443731089,NA,Or6C69B,6
1023,Olfr811,3.7988372,6.448447,6.4796324,,4,1,0.8452817434177443,NA,Or6C215,6
1024,Olfr812,5.8339715,9.108138,5.9181304,oOR,4,1,2.088537558214913,Low stress,Or6C216,6
1025,Olfr813,6.3467317,4.1307387,5.023281,uOR,4,1,1.676361920834747,NA,Or6C76B,6
1026,Olfr814,6.088709,9.355573,4.954441,,4,1,0.5073869294695601,NA,Or6C70,6
1027,Olfr815,5.816418,9.112991,5.927032,uOR,4,1,2.457955698350831,Low stress,Or6C217,6
1028,Olfr816,8.74135,8.649728,4.2607174,,4,1,2.032653330040934,Low stress,Or6C69,6
1029,Olfr818,9.279004,6.149899,5.1419897,uOR,4,2,-0.0850903550505269,NA,Or6C219,6
1030,Olfr819,8.849466,6.562249,3.7389462,uOR,3,1,3.996889332667677,Low stress,Or10U4,10
1031,Olfr820,7.4388394,8.204125,4.9741764,uOR,4,3,-0.2551707234912905,NA,Or6C33,6
1032,Olfr821,4.3454237,6.6137295,6.549484,,4,1.5,-0.0993531648478206,NA,Or6C74,6
1033,Olfr822,8.728443,8.643292,4.2609377,,4,1,1.2060563322827835,NA,Or6C69C,6
1034,Olfr823,9.367733,7.3122945,2.8664942,,5,2,1.675901142167323,NA,Or9R3,9
1035,Olfr824,9.398823,7.694013,2.8078542,uOR,5,2.5,-1.182404485706155,NA,Or9R7,9
1036,Olfr825,8.369956,9.187238,3.2537467,uOR,5,2,1.7252535117585963,NA,Or9K2,9
1037,Olfr826,8.397284,9.169522,3.2360814,uOR,5,1.5,2.918905520929977,Low stress,Or9K2B,9
1038,Olfr827,9.37567,7.08666,3.201985,uOR,5,2,2.754319838274278,Low stress,Or9K7,9
1039,Olfr828,4.7036557,8.126709,6.583537,uOR,6,2,1.7341594605398862,NA,Or7G16,7
1040,Olfr829,7.2312365,5.8732142,7.283618,,6,2.5,4.089332196529197,Low stress,Or7G17,7
1041,Olfr830,7.8938923,9.819766,6.4547825,,6,,4.771067819459264,Low stress,Or7G18,7
1042,Olfr832,7.3331337,5.8404784,7.2434897,,6,,2.396374253272125,Low stress,Or7G19,7
1043,Olfr834,7.329701,5.8336377,7.254592,,6,,1.2662329786314137,NA,Or7G12,7
1044,Olfr835,4.9956584,6.9704676,7.168802,uOR,6,2,1.6120239743790663,NA,Or7G20,7
1045,Olfr836,7.9046445,9.759107,6.466478,uOR,6,2.5,2.5581146481482837,Low stress,Or7G21,7
1046,Olfr837,5.3436093,6.30819,7.2801785,,6,,4.501513078951888,Low stress,Or7G22,7
1047,Olfr839-ps1,5.1444926,5.896605,6.8148556,,6,,0.0828029481645231,NA,,
1048,Olfr843,5.31158,5.771015,6.8299994,uOR,6,2,1.1449289405233587,NA,Or7G25,7
1049,Olfr844,10.409789,6.785446,5.669268,uOR,6,,5.670763343935485,Low stress,,
1050,Olfr845,6.5713005,6.109469,7.4560795,uOR,6,2,3.801672781732059,Low stress,Or7G27,7
1051,Olfr846,4.93589,6.9965954,7.1101193,uOR,6,1.5,0.8289297208443765,NA,Or7G28,7
1052,Olfr847,7.768622,9.827147,6.4458866,uOR,6,1.5,0.3992805448426326,NA,Or7G29,7
1053,Olfr849,5.903983,9.107782,5.858998,uOR,6,2,1.7107541125470294,NA,Or7G30,7
1054,Olfr850,7.86717,9.746036,6.195404,,6,,3.7916089917019313,Low stress,Or7G32,7
1055,Olfr851,6.054662,4.155277,5.288861,uOR,6,2.5,2.883305844392243,Low stress,Olfr851,None
1056,Olfr853,4.6911054,8.166413,6.6230345,,6,2,-0.0148657616064432,NA,Or7G33,7
1057,Olfr854,5.1014132,6.5982947,7.2890124,,6,2,6.879802069382057,Low stress,Or7G34,7
1058,Olfr855,8.565937,6.3507032,4.789618,,6,2,4.92035749405684,Low stress,Or7G35,7
1059,Olfr857,3.7996576,6.467897,6.3184185,uOR,6,2.5,5.268176762616839,Low stress,Or7E166,7
1060,Olfr859,9.549391,5.8479233,4.7725515,,6,2,3.052028267391135,Low stress,Or7E168,7
1061,Olfr860,3.7887516,6.515325,6.360269,uOR,6,2,2.600110764276593,Low stress,Or7E169,7
1062,Olfr862,9.5143585,8.2281065,5.5545297,,6,,2.272684344131088,Low stress,Or7E170,7
1063,Olfr866,7.995917,9.568802,5.7551966,,6,,4.864559174451784,Low stress,Or7E173,7
1064,Olfr867,4.5612593,8.271815,6.525717,uOR,6,2,1.524295413037544,NA,Or7D11,7
1065,Olfr868,7.8601985,7.255377,6.795878,uOR,6,3,1.90735073760776,NA,Or7E174,7
1066,Olfr869,5.087282,6.8809066,7.1352086,uOR,6,2.5,1.9815022940016256,NA,Or7E175,7
1067,Olfr870,8.11551,9.792924,6.3437037,uOR,6,2,1.9502323536466373,NA,Or8B12I,8
1068,Olfr871,7.8745165,9.838677,6.4730773,,6,2,3.4235935027322517,Low stress,Or7H8,7
1069,Olfr872,8.041966,9.810798,6.3940506,uOR,6,2,2.823224454892224,Low stress,Or7E176,7
1070,Olfr873,9.994158,7.4741683,4.9401107,oOR,6,2,0.9708422657597556,NA,Or7E177,7
1071,Olfr874,9.640487,6.4261613,4.775657,uOR,4,1,2.015868184160657,Low stress,Or8B12,8
1072,Olfr875,9.890992,7.1309414,4.5252285,,4,1,1.1874341686314638,NA,Or8B12B,8
1073,Olfr876,8.361794,9.187017,3.2461405,,4,1,1.4382145139968778,NA,Or8B12C,8
1074,Olfr877,9.772178,4.457853,3.6970408,,4,1,2.578184901196317,Low stress,Or8B9,8
1075,Olfr878,9.846493,7.0565677,4.534698,uOR,4,1,1.9931502309538045,NA,Or8B4,8
1076,Olfr881,6.8643827,4.492201,5.14133,uOR,4,1,3.916369429068293,Low stress,Or8B35,8
1077,Olfr883,5.735057,4.403228,5.4015584,,4,,3.541568346780571,Low stress,Or8B36,8
1078,Olfr884,5.8432126,4.9568305,5.797436,uOR,4,1,3.389019462282887,Low stress,Or8B37,8
1079,Olfr885,6.17009,4.9061637,5.742244,,4,1,2.7855510572357285,Low stress,Or8B38,8
1080,Olfr887,4.7437115,6.9472427,6.3697786,uOR,4,2.5,0.5631915760241254,NA,Or8B39,8
1081,Olfr888,5.317183,4.7306967,5.8679624,,4,1.5,2.256934017865416,Low stress,Or8B101,8
1082,Olfr889,4.6906967,6.9702706,6.889657,,4,2,0.4681356966121149,NA,Or8B40,8
1083,Olfr890,4.4531903,6.7828007,6.6410136,uOR,4,2,2.2255985931355866,Low stress,Or8B41,8
1084,Olfr891,5.0192575,6.9176373,7.179853,,4,,,NA,Or8C13,8
1085,Olfr893,3.8658092,6.6580596,6.3238263,,4,1.5,0.5765603140274199,NA,Or8C15,8
1086,Olfr894,4.2859607,7.6156063,6.2608805,uOR,4,1.5,3.737362285974825,Low stress,Or8C16,8
1087,Olfr895,4.338423,7.3029084,6.594807,,4,1.5,1.1965212532465357,NA,Or8C17,8
1088,Olfr896-ps1,4.283084,7.5201683,6.5554833,,4,,1.9595757129947071,NA,,
1089,Olfr898,6.3503327,9.138281,5.0547976,uOR,4,2.5,0.932165793499422,NA,Or8C20,8
1090,Olfr9,8.653899,8.424283,4.988923,,3,1,0.063834386894807,NA,Or10P22,10
1091,Olfr90,6.5632997,4.085523,4.6233287,,3,2,-0.1828406503279814,NA,Or2H2,2
1092,Olfr901,4.7158027,5.376001,5.7644,oOR,4,2,2.2623070410516943,Low stress,Or8B42,8
1093,Olfr902,4.370183,6.222469,5.3406005,,4,1.5,2.012278168120232,Low stress,Or8B43,8
1094,Olfr904,7.865686,3.8175948,3.7218423,,4,1,2.033318394620085,Low stress,Or8B1B,8
1095,Olfr905,7.529101,3.7041476,3.8497446,,4,1,0.742633937332518,NA,Or8B1C,8
1096,Olfr906,9.010152,4.220125,3.4218204,,4,1.5,0.6346577224194155,NA,Or8B1,8
1097,Olfr907,7.6936245,3.8036873,3.7309737,oOR,4,2.5,1.2256472718330351,NA,Or8B44,8
1098,Olfr91,6.3330283,3.8844345,4.5520697,uOR,3,2,0.9825760595107768,NA,Or2H1,2
1099,Olfr910,6.6909623,3.6545336,4.073753,uOR,4,2,1.8223870286212815,NA,Or8B46,8
1100,Olfr911-ps1,4.5863876,7.928108,5.2547655,,4,2,1.187811029921748,NA,,
1101,Olfr912,6.5681405,3.5211315,4.18922,uOR,4,3,2.263060040883373,Low stress,Or8B48,8
1102,Olfr913,5.1513615,8.995511,6.3717,uOR,4,3,1.7273503026794106,NA,Or8B49,8
1103,Olfr914,6.5422964,3.496889,4.2154603,,4,3,0.0732585155964566,NA,Or8B50,8
1104,Olfr916,8.024746,4.377991,3.2088475,uOR,4,1,2.487574944165488,Low stress,Or8B51,8
1105,Olfr917,7.821274,3.9797332,3.6152318,,4,1,2.585748020705411,Low stress,Or8B52,8
1106,Olfr918,8.126603,4.141756,3.8787715,uOR,4,1,3.0230280326537637,Low stress,Or8B3B,8
1107,Olfr919,7.777882,9.214011,5.425629,uOR,4,1,1.0650528389182126,NA,Or8G51,8
1108,Olfr92,5.5699654,4.968899,5.444774,oOR,3,2.5,1.5756390826328248,NA,Or2H2C,2
1109,Olfr920,7.8406477,3.9400742,3.6388342,uOR,4,2.5,-0.0324603682143047,NA,Or8B53,8
1110,Olfr921,6.3868313,3.6322112,4.2946057,uOR,4,3.5,0.0331023603605031,NA,Or8B54,8
1111,Olfr922,5.6614943,4.8811626,5.604677,uOR,4,1,0.15335884508326,NA,Or8B55,8
1112,Olfr923,5.848854,4.402961,5.087648,uOR,4,1,1.513667035656742,NA,Or8B56,8
1113,Olfr924,6.245833,4.4918327,5.275207,uOR,4,1,1.0555026510910093,NA,Or8D2,8
1114,Olfr926,5.915019,4.9501505,5.514573,,4,1,,NA,Or8D2B,8
1115,Olfr93,5.5478077,5.109376,5.5941005,uOR,,,,,Or2H1B,2
1116,Olfr930,4.7756343,7.279575,5.835047,,4,1.5,3.1309852320740474,Low stress,Or8D23,8
1117,Olfr933,5.2868433,8.930903,6.2630677,uOR,4,1,2.307175943137852,Low stress,Or8D1B,8
1118,Olfr934,5.657004,4.033665,5.0038047,,3,1,1.9538091290069204,NA,Or10D1C,10
1119,Olfr935,4.4871244,7.048569,6.5979056,oOR,4,1,4.3926695884585225,Low stress,Or8G21,8
1120,Olfr937,4.376432,7.243034,6.573987,uOR,4,1,4.011568316021034,Low stress,Or8G23,8
1121,Olfr938,7.8280497,3.7981474,3.7868977,uOR,4,,5.037528076404426,Low stress,Or8G24,8
1122,Olfr94,8.117314,9.623946,5.79172,,3,2.5,-0.8829511700134072,NA,Or2I1,2
1123,Olfr943,4.198495,7.7001834,6.4045353,uOR,4,2.5,1.2440039558883569,NA,Or8G26,8
1124,Olfr944,5.6650786,9.22605,5.8700333,,4,2,3.2788001500345816,Low stress,Or8G27,8
1125,Olfr945,5.1654186,9.022168,5.521987,,4,,3.961604400538001,Low stress,Or8G28,8
1126,Olfr948,4.260327,7.65598,6.5302,uOR,4,2,4.759959693569239,Low stress,Or8G30,8
1127,Olfr95,9.283778,6.1130495,5.2270913,uOR,3,2,0.4636911671343613,NA,Or10C1,10
1128,Olfr951,5.472085,8.951199,6.2362146,,4,1.5,4.220982095871381,Low stress,Or8G32,8
1129,Olfr952,6.5347333,3.5469608,4.18072,,4,1.5,0.2714413520760789,NA,Or8G33,8
1130,Olfr954,5.477358,9.1010685,5.96789,,4,1.5,2.7787050818098327,Low stress,Or8G34,8
1131,Olfr955,5.965086,4.2113547,4.9063435,,4,1.5,1.7932531620238767,NA,Or8G35,8
1132,Olfr957,9.893342,7.147391,4.441517,uOR,4,1,3.346904403872081,Low stress,Or8G36,8
1133,Olfr958,9.322782,7.039642,3.2573342,uOR,3,1,2.596259467171943,Low stress,Or10D3,10
1134,Olfr959,8.334457,5.9086967,3.9336965,oOR,3,1,1.0956228463043396,NA,Or10D1,10
1135,Olfr96,7.8800197,4.3979273,3.314117,uOR,3,2.5,2.43175286677068,Low stress,Or11A4,11
1136,Olfr960,10.084085,7.5093026,5.0398912,,3,1,1.3881063362764128,NA,Or10D4B,10
1137,Olfr961,10.167905,6.7649894,4.4990997,uOR,3,1,1.7397940556319962,NA,Or10D4C,10
1138,Olfr963,10.127775,6.735601,4.3262877,uOR,3,1,0.9837956989498982,NA,Or10D4,10
1139,Olfr965,4.4496202,6.4343705,5.5170836,uOR,4,1,1.9188675118499543,NA,Or8G52,8
1140,Olfr967,5.735878,4.192816,5.0799923,uOR,4,1,0.3875399041021315,NA,Or8G4,8
1141,Olfr968,4.3747616,6.055735,5.4965305,oOR,4,1,3.08899966093631,Low stress,Or8G53,8
1142,Olfr969,6.3611407,3.6040998,4.334356,uOR,4,1,3.401990240592403,Low stress,Or8G54,8
1143,Olfr97,7.853107,6.2318845,5.3873625,uOR,6,2,0.6445042971676515,NA,Or1O2,1
1144,Olfr970,6.23328,3.728192,4.4668813,oOR,4,1.5,2.02331808027242,Low stress,Or8G37,8
1145,Olfr971,7.677366,8.769351,5.4995656,uOR,4,1,3.8263314408684312,Low stress,Or8G2B,8
1146,Olfr972,9.495861,5.866654,4.9037127,,4,2,4.551295603215857,Low stress,Or8G55,8
1147,Olfr973,4.158423,7.5068274,6.2747808,,,,,,,
1148,Olfr974,9.030296,8.402136,3.3258948,uOR,4,2,3.1628054298436585,Low stress,Or8D6,8
1149,Olfr975,9.220676,6.938741,3.054759,,3,1,0.1710620829675291,NA,Or10D5,10
1150,Olfr976,8.283169,5.432055,3.9661574,uOR,3,1,0.8199557200649523,NA,Or10D5J,10
1151,Olfr978,7.6957574,4.5163765,3.5246656,,3,1,0.1231810148511992,NA,Or10G7,10
1152,Olfr979,6.5728173,3.474053,4.215972,,3,1,0.1235068626661211,NA,Or10G9,10
1153,Olfr98,7.5557017,6.268212,5.4842825,,6,2.5,1.5966564412269952,NA,Or1O3,1
1154,Olfr980,7.2112484,4.5269036,3.7052133,,3,1,0.5547749941515238,NA,Or10G9B,10
1155,Olfr981,8.553,3.9864767,3.8097193,uOR,3,1,0.3891331159600258,NA,Or10G6,10
1156,Olfr982,8.867151,8.759924,3.9157987,uOR,3,1,0.4331375577299054,NA,Or10S1,10
1157,Olfr983,6.3888984,4.6742697,5.4841814,,4,2,1.0400980676528042,NA,Or8B57,8
1158,Olfr984,4.4290032,6.5655484,5.041052,uOR,2,3,-0.501706467879519,NA,Or4D5,4
1159,Olfr985,8.075425,4.648683,3.9830854,uOR,4,1.5,1.251915355686882,NA,Or8D4,8
1160,Olfr986,5.7218995,4.024374,4.9988384,uOR,3,,-0.1823997810846445,NA,Or6X1,6
1161,Olfr987,8.239151,6.939079,5.343739,oOR,5,1,0.8224092424724108,NA,Or5Ak4,5
1162,Olfr988,8.441744,6.872825,5.221529,uOR,5,1,1.881026917449808,NA,Or5Ak20,5
1163,Olfr99,7.843621,6.411796,5.325932,uOR,6,2,2.294240437780368,Low stress,Or1O4,1
1164,Olfr992,8.077803,4.888888,3.7234287,uOR,5,1.5,0.2028354552187447,NA,Or5Ak22,5
1165,Olfr993,8.137241,6.6971254,5.4107113,,5,1,1.231725357335084,NA,Or5Ak23,5
1166,Olfr994,8.776548,8.7086525,3.9997327,uOR,5,1,1.6700971774023612,NA,Or5Ak24,5
1167,Olfr995,7.6067863,9.359966,4.613693,,5,1,1.046741607058196,NA,Or5Ak25,5
1168,Olfr996,8.522901,4.151631,4.3230486,,5,2,0.6660735676394702,NA,Or5G27,5
1169,Olfr998,9.447498,6.0306125,4.7948537,,5,2,5.844491766429326,Low stress,Or5G29,5
