,ensembl_gene_id,accession number,id
0,ENSMUSG00000057564,Q9R0K4,Olfr1508
1,ENSMUSG00000057564,A0A0U1RP49,Olfr1508
2,ENSMUSG00000057654,Q5NCD3,Olfr328
3,ENSMUSG00000049098,Q60886,Olfr147
4,ENSMUSG00000049098,A0A1L1SRI3,Olfr147
5,ENSMUSG00000045540,E9PUN7,Olfr600
6,ENSMUSG00000073906,Q7TRN5,Olfr692
7,ENSMUSG00000073906,Q8VF03,Olfr692
8,ENSMUSG00000095903,Q8VFN4,Olfr968
9,ENSMUSG00000061195,Q8VF49,Olfr1289
10,ENSMUSG00000061195,A0A288CFY5,Olfr1289
11,ENSMUSG00000049315,Q8VGK3,Olfr348
12,ENSMUSG00000061952,Q8VGH1,Olfr1377
13,ENSMUSG00000094140,Q8VF72,Olfr1512
14,ENSMUSG00000049758,Q7TQW6,Olfr1318
15,ENSMUSG00000094755,Q8VFX0,Olfr1453
16,ENSMUSG00000096356,L7N1Y6,Olfr889
17,ENSMUSG00000096356,Q9EQA4,Olfr889
18,ENSMUSG00000075156,Q7TR47,Olfr1128
19,ENSMUSG00000094846,A0A140LHR5,Olfr1487
20,ENSMUSG00000094846,A0A140LI93,Olfr1487
21,ENSMUSG00000094846,Q8VFQ6,Olfr1487
22,ENSMUSG00000046041,Q8VFI3,Olfr803
23,ENSMUSG00000061295,F6RCR7,Olfr1261
24,ENSMUSG00000061295,Q8VFB0,Olfr1261
25,ENSMUSG00000073768,Q8VEY6,Olfr1330
26,ENSMUSG00000045824,A0A1B0GRW7,Olfr574
27,ENSMUSG00000045824,F8VQ18,Olfr574
28,ENSMUSG00000075384,Q60879,Olfr3
29,ENSMUSG00000075132,Q7TR24,Olfr1173
30,ENSMUSG00000066749,Q8VF62,Olfr877
31,ENSMUSG00000045202,Q8VFQ1,Olfr123
32,ENSMUSG00000057464,Q7TQS4,Olfr1415
33,ENSMUSG00000057464,A0A0N4SV77,Olfr1415
34,ENSMUSG00000096497,Q7TRI1,Olfr787
35,ENSMUSG00000057179,E9PXH6,Olfr747
36,ENSMUSG00000057179,A0A0U1RPE9,Olfr747
37,ENSMUSG00000075081,A2AT78,Olfr1247
38,ENSMUSG00000096822,Q8VFP9,Olfr344
39,ENSMUSG00000073961,Q7TRS2,Olfr582
40,ENSMUSG00000073961,Q8VGV9,Olfr582
41,ENSMUSG00000094197,Q8VFC9,Olfr474
42,ENSMUSG00000075086,Q8VF91,Olfr1241
43,ENSMUSG00000050158,Q8VFA2,Olfr165
44,ENSMUSG00000050158,Q78MG2,Olfr165
45,ENSMUSG00000057540,B2RVZ1,Olfr310
46,ENSMUSG00000075063,Q60881,Olfr142
47,ENSMUSG00000050613,Q14AJ9,Olfr125
48,ENSMUSG00000094461,Q8VF64,Olfr883
49,ENSMUSG00000060303,Q8VFX3,Olfr1447
50,ENSMUSG00000060303,A0A140LIZ6,Olfr1447
51,ENSMUSG00000061961,Q8VFU0,Olfr815
52,ENSMUSG00000061961,Q7TRH3,Olfr815
53,ENSMUSG00000073966,Q8VGZ6,Olfr561
54,ENSMUSG00000066899,Q8VGG4,Olfr870
55,ENSMUSG00000111159,A2ACY8,Olfr1337
56,ENSMUSG00000073947,Q8VGY4,Olfr615
57,ENSMUSG00000054406,Q7TRW8,Olfr411
58,ENSMUSG00000054406,A0A0U1RP86,Olfr411
59,ENSMUSG00000068182,L7N205,Olfr203
60,ENSMUSG00000068182,A0A1L1SSG9,Olfr203
61,ENSMUSG00000043925,E9PX47,Olfr544
62,ENSMUSG00000073955,Q7TRR5,Olfr593
63,ENSMUSG00000073955,Q8VF28,Olfr593
64,ENSMUSG00000050772,A2AT86,Olfr1124
65,ENSMUSG00000050251,Q7TRH6,Olfr809
66,ENSMUSG00000050251,Q8VEX8,Olfr809
67,ENSMUSG00000050251,A0A0N4SVC0,Olfr809
68,ENSMUSG00000095138,Q8VFZ8,Olfr781
69,ENSMUSG00000094891,K7N6Q1,Olfr55
70,ENSMUSG00000094891,A0A2I3BPU7,Olfr55
71,ENSMUSG00000042894,A0A1L1SVA0,Olfr1260
72,ENSMUSG00000042894,Q8VGN9,Olfr1260
73,ENSMUSG00000042894,A0A1L1SR34,Olfr1260
74,ENSMUSG00000042894,A2AWB5,Olfr1260
75,ENSMUSG00000073937,Q8VF02,Olfr633
76,ENSMUSG00000066747,Q7TRE3,Olfr878
77,ENSMUSG00000066747,Q9EQA9,Olfr878
78,ENSMUSG00000070460,Q7TS12,Olfr291
79,ENSMUSG00000070460,Q8VF60,Olfr291
80,ENSMUSG00000109449,Q8VGG8,Olfr1280
81,ENSMUSG00000075159,Q8VG38,Olfr1110
82,ENSMUSG00000073950,Q8VG01,Olfr599
83,ENSMUSG00000061637,A0A140LJ40,Olfr1457
84,ENSMUSG00000061637,Q8VFK3,Olfr1457
85,ENSMUSG00000061637,A0A1L1SQH1,Olfr1457
86,ENSMUSG00000096794,L7N1X5,Olfr905
87,ENSMUSG00000073110,Q8VFS6,Olfr444
88,ENSMUSG00000057997,A0A1B0GRT9,Olfr541
89,ENSMUSG00000057997,Q8VGM0,Olfr541
90,ENSMUSG00000060827,A0A1L1SQ65,Olfr1193
91,ENSMUSG00000060827,A2AV13,Olfr1193
92,ENSMUSG00000066750,Q7TRE4,Olfr876
93,ENSMUSG00000047794,Q7TRN7,Olfr685
94,ENSMUSG00000047794,A0A1L1SVG7,Olfr685
95,ENSMUSG00000045708,Q8VGP6,Olfr447
96,ENSMUSG00000095706,L7N1X3,Olfr209
97,ENSMUSG00000095706,A0A140LIQ3,Olfr209
98,ENSMUSG00000029184,Q8VG96,Olfr109
99,ENSMUSG00000058275,Q7TRW7,Olfr412
100,ENSMUSG00000051706,Q7TQW1,Olfr1325
101,ENSMUSG00000051706,Q8VF43,Olfr1325
102,ENSMUSG00000047352,Q3UX31,Olfr976
103,ENSMUSG00000047352,Q8VF15,Olfr976
104,ENSMUSG00000058807,Q5NC44,Olfr331
105,ENSMUSG00000058807,F6WSM5,Olfr331
106,ENSMUSG00000051952,Q8VGB8,Olfr371
107,ENSMUSG00000049149,Q8VGN6,Olfr1258
108,ENSMUSG00000075148,Q8VFQ7,Olfr1141
109,ENSMUSG00000066905,Q8VFF7,Olfr860
110,ENSMUSG00000066905,A0A1D5RM73,Olfr860
111,ENSMUSG00000060480,Q7TS51,Olfr171
112,ENSMUSG00000060480,G5E8J1,Olfr171
113,ENSMUSG00000058188,E9Q840,Olfr746
114,ENSMUSG00000059595,Q8VG16,Olfr935
115,ENSMUSG00000094449,Q9EQA2,Olfr972
116,ENSMUSG00000068806,Q8VEZ1,Olfr1259
117,ENSMUSG00000075074,Q8VFB1,Olfr1254
118,ENSMUSG00000059087,Q7TRN4,Olfr698
119,ENSMUSG00000067528,Q8VFV1,Olfr1424
120,ENSMUSG00000060057,Q7TS43,Olfr193
121,ENSMUSG00000060057,A0A140LHJ9,Olfr193
122,ENSMUSG00000107822,A0A2I3BRV4,Olfr1358
123,ENSMUSG00000090629,A0A0U1RNK4,Olfr180
124,ENSMUSG00000090629,A0A0U1RP27,Olfr180
125,ENSMUSG00000090629,F8VQ90,Olfr180
126,ENSMUSG00000075211,A2ALD2,Olfr1006
127,ENSMUSG00000037924,Q62007,Olfr16
128,ENSMUSG00000090824,Q7TQV3,Olfr1344
129,ENSMUSG00000075149,Q8VFQ9,Olfr1138
130,ENSMUSG00000066268,Q7TRR8,Olfr586
131,ENSMUSG00000066268,Q8VH13,Olfr586
132,ENSMUSG00000040328,Q8VGD6,Olfr56
133,ENSMUSG00000070375,Q7TRX0,Olfr406
134,ENSMUSG00000062204,Q7TQT6,Olfr1373
135,ENSMUSG00000059623,E9PVX1,Olfr39
136,ENSMUSG00000059623,Q8VG88,Olfr39
137,ENSMUSG00000094426,Q8VG04,Olfr478
138,ENSMUSG00000053287,Q7TR96,Olfr1013
139,ENSMUSG00000051414,Q7TRH1,Olfr829
140,ENSMUSG00000051414,Q8VGX1,Olfr829
141,ENSMUSG00000048292,Q8VGJ6,Olfr1417
142,ENSMUSG00000059319,Q7TS08,Olfr295
143,ENSMUSG00000075179,Q8VF52,Olfr1079
144,ENSMUSG00000075179,Q7TR68,Olfr1079
145,ENSMUSG00000093839,Q5SW50,Olfr462
146,ENSMUSG00000051258,Q5SZZ8,Olfr1362
147,ENSMUSG00000057050,Q8VEZ6,Olfr397
148,ENSMUSG00000111611,Q9QZ20,Olfr157
149,ENSMUSG00000044994,Q8VG74,Olfr1426
150,ENSMUSG00000095917,E9PV79,Olfr740
151,ENSMUSG00000045559,Q8VEV5,Olfr827
152,ENSMUSG00000075066,A0A1L1SRF4,Olfr32
153,ENSMUSG00000075066,Q7TQZ0,Olfr32
154,ENSMUSG00000075066,A0A1L1STL6,Olfr32
155,ENSMUSG00000043698,L7MU75,Olfr62
156,ENSMUSG00000051160,Q8VGG6,Olfr853
157,ENSMUSG00000110804,A0A1L1STZ9,Olfr1084
158,ENSMUSG00000075100,A0A1L1SU13,Olfr1223
159,ENSMUSG00000070311,Q9EQB2,Olfr894
160,ENSMUSG00000070311,A0A1D5RLT8,Olfr894
161,ENSMUSG00000051611,Q8C0S2,Olfr112
162,ENSMUSG00000051611,G3UXE1,Olfr112
163,ENSMUSG00000075065,Q8VGP3,Olfr1270
164,ENSMUSG00000075062,Q8VG62,Olfr1271
165,ENSMUSG00000034583,A0A140LHY9,Olfr1347
166,ENSMUSG00000034583,Q7TQV2,Olfr1347
167,ENSMUSG00000034583,Q8VF33,Olfr1347
168,ENSMUSG00000075187,Q7TR75,Olfr1057
169,ENSMUSG00000075203,A2ARY1,Olfr1040
170,ENSMUSG00000056564,A0A2I3BQT1,Olfr324
171,ENSMUSG00000056564,A0A2I3BQD6,Olfr324
172,ENSMUSG00000056564,Q5NCC7,Olfr324
173,ENSMUSG00000111306,Q7TR70,Olfr1065
174,ENSMUSG00000111863,Q8VGK2,Olfr347
175,ENSMUSG00000094764,Q8VGJ7,Olfr346
176,ENSMUSG00000063221,Q9EQ99,Olfr930
177,ENSMUSG00000083706,A0A1L1STN9,Olfr1118
178,ENSMUSG00000083706,A0A0J9YUE7,Olfr1118
179,ENSMUSG00000073969,E9Q549,Olfr556
180,ENSMUSG00000073959,Q7TRS0,Olfr584
181,ENSMUSG00000073959,Q8VGW0,Olfr584
182,ENSMUSG00000095586,Q7TQY1,Olfr1287
183,ENSMUSG00000047048,E9Q8M2,Olfr432
184,ENSMUSG00000081836,Q0VB29,Olfr1180
185,ENSMUSG00000095928,E9Q8M0,Olfr204
186,ENSMUSG00000096679,A0A0R4J0X9,Olfr498
187,ENSMUSG00000044897,Q8VG45,Olfr821
188,ENSMUSG00000061387,A0A1L1SVH0,Olfr1490
189,ENSMUSG00000061387,Q7TQQ5,Olfr1490
190,ENSMUSG00000075185,Q7TR72,Olfr1061
191,ENSMUSG00000075168,Q8VG37,Olfr1099
192,ENSMUSG00000046650,Q8VFV4,Olfr1440
193,ENSMUSG00000111732,A0A0N4SVC3,Olfr785
194,ENSMUSG00000050504,Q8VF35,Olfr1323
195,ENSMUSG00000095248,Q3SXH8,Olfr681
196,ENSMUSG00000050266,Q8VH18,Olfr690
197,ENSMUSG00000054526,Q7TQQ3,Olfr1500
198,ENSMUSG00000059411,Q8VF17,Olfr434
199,ENSMUSG00000094493,Q8VFM5,Olfr700
200,ENSMUSG00000075151,Q0VBI4,Olfr1136
201,ENSMUSG00000060017,Q5CZY0,Olfr121
202,ENSMUSG00000096169,K7N6V7,Olfr1564
203,ENSMUSG00000096169,A0A140LIE7,Olfr1564
204,ENSMUSG00000058200,F8VQ01,Olfr66
205,ENSMUSG00000075107,Q7TR05,Olfr1216
206,ENSMUSG00000073967,E9Q550,Olfr557
207,ENSMUSG00000111259,B1ARV2,Olfr1328
208,ENSMUSG00000111259,A0A1L1SQF6,Olfr1328
209,ENSMUSG00000073948,E9Q564,Olfr608
210,ENSMUSG00000059887,A0A0U1RNV5,Olfr1507
211,ENSMUSG00000059887,Q0VEP0,Olfr1507
212,ENSMUSG00000059887,A0A0U1RPC3,Olfr1507
213,ENSMUSG00000059887,A0A0U1RNW4,Olfr1507
214,ENSMUSG00000043892,A2ASV3,Olfr1018
215,ENSMUSG00000049028,A0A2I3BPK1,Olfr873
216,ENSMUSG00000049028,E9PX82,Olfr873
217,ENSMUSG00000049028,Q8VFJ0,Olfr873
218,ENSMUSG00000111273,A0A1L1SV77,Olfr789
219,ENSMUSG00000060765,Q5NCD2,Olfr325
220,ENSMUSG00000111456,A0A1L1SQJ6,Olfr1245
221,ENSMUSG00000071481,Q8VEV1,Olfr437
222,ENSMUSG00000061367,Q8VFH6,Olfr771
223,ENSMUSG00000073932,Q8VGX6,Olfr641
224,ENSMUSG00000073898,Q920G5,Olfr713
225,ENSMUSG00000073898,Q9EPG3,Olfr713
226,ENSMUSG00000051362,Q8VGV8,Olfr589
227,ENSMUSG00000064084,Q8VF98,Olfr1202
228,ENSMUSG00000081234,Q8VGT7,Olfr1120
229,ENSMUSG00000056782,Q7TRP4,Olfr667
230,ENSMUSG00000049708,Q9EQ90,Olfr27
231,ENSMUSG00000095322,Q9EQB7,Olfr957
232,ENSMUSG00000095957,Q7TRG9,Olfr832
233,ENSMUSG00000109219,Q7TQX5,Olfr1299
234,ENSMUSG00000044025,Q8VGJ3,Olfr790
235,ENSMUSG00000044025,Q7TRI0,Olfr790
236,ENSMUSG00000075219,Q8VF73,Olfr994
237,ENSMUSG00000049372,Q8VFF8,Olfr1183
238,ENSMUSG00000049372,A0A2I3BQA3,Olfr1183
239,ENSMUSG00000052508,Q8VFE9,Olfr536
240,ENSMUSG00000052508,A0A1B0GT87,Olfr536
241,ENSMUSG00000067545,Q7TQS2,Olfr1419
242,ENSMUSG00000071065,Q8VFI2,Olfr806
243,ENSMUSG00000062878,Q7TS06,Olfr298
244,ENSMUSG00000075161,A2AT96,Olfr1109
245,ENSMUSG00000051051,Q7TRU1,Olfr523
246,ENSMUSG00000051051,Q8VFE7,Olfr523
247,ENSMUSG00000050853,Q8VEY3,Olfr958
248,ENSMUSG00000095484,A0A140LIR8,Olfr1480
249,ENSMUSG00000095484,Q7TQQ6,Olfr1480
250,ENSMUSG00000101391,Q8VGG1,Olfr1217
251,ENSMUSG00000056946,Q8VFZ4,Olfr512
252,ENSMUSG00000056946,Q7TRU5,Olfr512
253,ENSMUSG00000094496,Q7TRH9,Olfr792
254,ENSMUSG00000068431,A2RTP5,Olfr742
255,ENSMUSG00000069818,Q8VEZ7,Olfr390
256,ENSMUSG00000069818,A0A0U1RPX5,Olfr390
257,ENSMUSG00000070983,Q8VFN0,Olfr270
258,ENSMUSG00000070983,Q7TS19,Olfr270
259,ENSMUSG00000045479,Q924H8,Olfr459
260,ENSMUSG00000056863,A0A140LHK1,Olfr702
261,ENSMUSG00000056863,A0A140LJI4,Olfr702
262,ENSMUSG00000056863,Q920Z2,Olfr702
263,ENSMUSG00000094778,A0A1L1SSC2,Olfr143
264,ENSMUSG00000094778,F8VQN7,Olfr143
265,ENSMUSG00000058802,Q8VFE1,Olfr97
266,ENSMUSG00000048356,B9EHG2,Olfr1496
267,ENSMUSG00000048356,Q7TQQ4,Olfr1496
268,ENSMUSG00000093877,F6VB59,Olfr1348
269,ENSMUSG00000093877,A0A140LJG5,Olfr1348
270,ENSMUSG00000093877,A0A140LIG4,Olfr1348
271,ENSMUSG00000093877,A0A140LI03,Olfr1348
272,ENSMUSG00000093877,A0A140LIL8,Olfr1348
273,ENSMUSG00000093877,Q8VGH3,Olfr1348
274,ENSMUSG00000093877,A0A140LIK2,Olfr1348
275,ENSMUSG00000081945,A0A2I3BPQ9,Olfr607
276,ENSMUSG00000081945,A0A2I3BR67,Olfr607
277,ENSMUSG00000073965,E9Q554,Olfr568
278,ENSMUSG00000039608,Q8VFP0,Olfr303
279,ENSMUSG00000050813,A0A0N4SUS0,Olfr332
280,ENSMUSG00000050813,Q5NC45,Olfr332
281,ENSMUSG00000111567,Q7TQZ3,Olfr1251
282,ENSMUSG00000094063,Q8VH20,Olfr638
283,ENSMUSG00000094063,Q7TRQ2,Olfr638
284,ENSMUSG00000046210,A0A286YCU8,Olfr735
285,ENSMUSG00000046210,Q7TRM4,Olfr735
286,ENSMUSG00000093866,Q8VGJ2,Olfr802
287,ENSMUSG00000096554,Q7TQY5,Olfr1282
288,ENSMUSG00000045812,Q8VFN1,Olfr984
289,ENSMUSG00000095194,J3KMV2,Olfr936
290,ENSMUSG00000094192,Q7TRV8,Olfr452
291,ENSMUSG00000056853,Q7TRI6,Olfr765
292,ENSMUSG00000075091,Q8VGN0,Olfr1233
293,ENSMUSG00000043357,E9QNM5,Olfr187
294,ENSMUSG00000091531,B2RT33,Olfr102
295,ENSMUSG00000049217,Q8VFI0,Olfr788
296,ENSMUSG00000078624,E9PYB4,Olfr613
297,ENSMUSG00000046450,Q9QZ18,Olfr71
298,ENSMUSG00000111448,A0A1L1SSS5,Olfr912
299,ENSMUSG00000110008,A0A338P761,Olfr560
300,ENSMUSG00000110008,A0A1B0GSU5,Olfr560
301,ENSMUSG00000048173,Q7TQW2,Olfr1324
302,ENSMUSG00000048173,Q8VEU7,Olfr1324
303,ENSMUSG00000063660,Q8VFD9,Olfr98
304,ENSMUSG00000075209,A2ASV2,Olfr1016
305,ENSMUSG00000096273,Q7TQQ8,Olfr1474
306,ENSMUSG00000096273,A0A140LJA9,Olfr1474
307,ENSMUSG00000045528,E9Q843,Olfr891
308,ENSMUSG00000082980,A0A1L1SQ02,Olfr1274
309,ENSMUSG00000059279,M9MMJ7,Olfr224
310,ENSMUSG00000062782,Q7TRT9,Olfr527
311,ENSMUSG00000050198,Q8VGC4,Olfr768
312,ENSMUSG00000058114,Q8VF25,Olfr127
313,ENSMUSG00000090874,Q14AK5,Olfr733
314,ENSMUSG00000094539,L7N1Z8,Olfr191
315,ENSMUSG00000093884,A0PK55,Olfr239
316,ENSMUSG00000093884,A0A2I3BQR4,Olfr239
317,ENSMUSG00000058628,Q7TRE5,Olfr875
318,ENSMUSG00000075387,Q8VGK9,Olfr341
319,ENSMUSG00000058820,Q60884,Olfr146
320,ENSMUSG00000058820,A0A1L1SSX4,Olfr146
321,ENSMUSG00000058820,A0A1L1SV60,Olfr146
322,ENSMUSG00000042796,A2ATE5,Olfr1032
323,ENSMUSG00000091601,A0A140LHU3,Olfr93
324,ENSMUSG00000091601,Q6UAH1,Olfr93
325,ENSMUSG00000074965,Q8VF41,Olfr1277
326,ENSMUSG00000061616,Q60894,Olfr12
327,ENSMUSG00000075095,Q7TQZ9,Olfr1229
328,ENSMUSG00000075165,Q7TR58,Olfr1105
329,ENSMUSG00000095002,Q7TRH8,Olfr798
330,ENSMUSG00000045126,Q8VFW9,Olfr1445
331,ENSMUSG00000075155,Q7TR44,Olfr1133
332,ENSMUSG00000048919,Q8VF69,Olfr223
333,ENSMUSG00000099486,Q8VGM9,Olfr1228
334,ENSMUSG00000099486,Q7TR00,Olfr1228
335,ENSMUSG00000059867,Q9EQ85,Olfr960
336,ENSMUSG00000059867,Q8VET5,Olfr960
337,ENSMUSG00000044801,Q9QZ19,Olfr159
338,ENSMUSG00000109403,Q8VET0,Olfr1311
339,ENSMUSG00000066672,F8VQB1,Olfr417
340,ENSMUSG00000059106,Q9EQ84,Olfr961
341,ENSMUSG00000035626,A0A0U1RNG2,Olfr1509
342,ENSMUSG00000035626,Q7TQQ0,Olfr1509
343,ENSMUSG00000035626,A0A0U1RQ73,Olfr1509
344,ENSMUSG00000109659,E9Q838,Olfr605
345,ENSMUSG00000049573,Q8VEU0,Olfr780
346,ENSMUSG00000047286,E9Q848,Olfr370
347,ENSMUSG00000049561,Q8VFE2,Olfr95
348,ENSMUSG00000096109,P34983,Olfr1537
349,ENSMUSG00000096109,A0A1L1SSP9,Olfr1537
350,ENSMUSG00000071629,Q7TQQ7,Olfr1477
351,ENSMUSG00000062649,Q9EQB8,Olfr44
352,ENSMUSG00000062649,Q7TRB0,Olfr44
353,ENSMUSG00000048067,A0A140LI49,Olfr1349
354,ENSMUSG00000048067,Q7TQV1,Olfr1349
355,ENSMUSG00000048067,A0A140LIS9,Olfr1349
356,ENSMUSG00000054431,Q8VF81,Olfr450
357,ENSMUSG00000075068,Q60878,Olfr140
358,ENSMUSG00000045792,Q8VH17,Olfr578
359,ENSMUSG00000047207,Q8VEZ4,Olfr1495
360,ENSMUSG00000064252,M9MMK4,Olfr329
361,ENSMUSG00000064252,M9MMK5,Olfr329
362,ENSMUSG00000068437,Q05A45,Olfr725
363,ENSMUSG00000075214,Q8VFK2,Olfr1002
364,ENSMUSG00000059205,A0A1L1SQT2,Olfr1130
365,ENSMUSG00000061626,E9PYY2,Olfr68
366,ENSMUSG00000056921,Q8VGR5,Olfr394
367,ENSMUSG00000068809,A2AV10,Olfr1188
368,ENSMUSG00000068809,Q7TR15,Olfr1188
369,ENSMUSG00000073973,E9Q545,Olfr552
370,ENSMUSG00000054036,Q8VFD8,Olfr279
371,ENSMUSG00000070459,Q7TS13,Olfr290
372,ENSMUSG00000111021,Q8VGK5,Olfr50
373,ENSMUSG00000060170,Q7TQT7,Olfr1371
374,ENSMUSG00000075172,Q8VGA6,Olfr1090
375,ENSMUSG00000075069,Q9R0K2,Olfr1264
376,ENSMUSG00000056600,A0A140LHF9,Olfr90
377,ENSMUSG00000056600,Q0VEL5,Olfr90
378,ENSMUSG00000075084,Q8VGM7,Olfr1243
379,ENSMUSG00000096167,Q9EQA6,Olfr887
380,ENSMUSG00000096167,A0A1D5RLF5,Olfr887
381,ENSMUSG00000094970,Q7TRB5,Olfr943
382,ENSMUSG00000094970,Q9EQ92,Olfr943
383,ENSMUSG00000093825,E9PZU2,Olfr723
384,ENSMUSG00000058659,Q7TRF6,Olfr58
385,ENSMUSG00000058659,A0A1D5RLX2,Olfr58
386,ENSMUSG00000095483,Q7TRI3,Olfr776
387,ENSMUSG00000048501,Q9EQ93,Olfr938
388,ENSMUSG00000091873,Q8VFT5,Olfr732
389,ENSMUSG00000073956,E9PYB3,Olfr592
390,ENSMUSG00000073956,A0A2I3BPE8,Olfr592
391,ENSMUSG00000100923,Q60883,Olfr10
392,ENSMUSG00000057149,Q8VGE7,Olfr1301
393,ENSMUSG00000050818,Q8VGD9,Olfr330
394,ENSMUSG00000045341,Q8VGJ5,Olfr167
395,ENSMUSG00000061457,Q7TRF0,Olfr871
396,ENSMUSG00000073920,Q99NH4,Olfr661
397,ENSMUSG00000059762,Q8VG33,Olfr767
398,ENSMUSG00000067524,A0A140LIZ3,Olfr1428
399,ENSMUSG00000067524,Q0VDY1,Olfr1428
400,ENSMUSG00000075104,Q7TR04,Olfr1219
401,ENSMUSG00000096029,Q8VGV0,Olfr679
402,ENSMUSG00000083947,W4VSP0,Olfr122
403,ENSMUSG00000083947,Q7TRJ3,Olfr122
404,ENSMUSG00000060556,Q7TQS3,Olfr1418
405,ENSMUSG00000094520,K7N6B1,Olfr635
406,ENSMUSG00000094520,Q7TRQ3,Olfr635
407,ENSMUSG00000075153,Q7TR42,Olfr1135
408,ENSMUSG00000047444,Q60891,Olfr139
409,ENSMUSG00000073971,E9Q546,Olfr554
410,ENSMUSG00000048080,F8VQB9,Olfr731
411,ENSMUSG00000095448,Q7TRF5,Olfr859
412,ENSMUSG00000075133,Q8VFG1,Olfr1170
413,ENSMUSG00000075144,A2AVC3,Olfr1156
414,ENSMUSG00000048996,Q7TQT9,Olfr1366
415,ENSMUSG00000048996,A0A1W2P740,Olfr1366
416,ENSMUSG00000068815,Q8VEU8,Olfr1143
417,ENSMUSG00000068815,Q7TR37,Olfr1143
418,ENSMUSG00000073111,Q8VEV0,Olfr446
419,ENSMUSG00000095527,Q9EQA5,Olfr888
420,ENSMUSG00000095527,A0A1D5RLR5,Olfr888
421,ENSMUSG00000044029,E9Q9T3,Olfr178
422,ENSMUSG00000059460,A0A2I3BRN0,Olfr286
423,ENSMUSG00000059460,A0A2I3BRI6,Olfr286
424,ENSMUSG00000095156,Q7TQY6,Olfr1281
425,ENSMUSG00000075164,Q7TR57,Olfr1106
426,ENSMUSG00000111689,A0A1L1SUC9,Olfr1082
427,ENSMUSG00000061336,Q923Q6,Olfr116
428,ENSMUSG00000045883,A0A140LI90,Olfr1461
429,ENSMUSG00000045883,Q8VEV7,Olfr1461
430,ENSMUSG00000044039,Q7TQY0,Olfr1288
431,ENSMUSG00000109884,Q8VFD2,Olfr490
432,ENSMUSG00000057817,Q8VFX4,Olfr1446
433,ENSMUSG00000057817,A0A140LHG4,Olfr1446
434,ENSMUSG00000063994,Q8VFQ2,Olfr120
435,ENSMUSG00000063994,Q7TRJ4,Olfr120
436,ENSMUSG00000075208,Q8VGS3,Olfr1019
437,ENSMUSG00000108674,Q7TQU5,Olfr1359
438,ENSMUSG00000061875,Q7TR35,Olfr1148
439,ENSMUSG00000051680,Q8VF89,Olfr693
440,ENSMUSG00000093942,Q8VGJ4,Olfr46
441,ENSMUSG00000093942,Q7TRT4,Olfr46
442,ENSMUSG00000054940,Q8VFC2,Olfr137
443,ENSMUSG00000094080,Q60892,Olfr8
444,ENSMUSG00000096289,Q8VEU6,Olfr1484
445,ENSMUSG00000096289,A0A140LI27,Olfr1484
446,ENSMUSG00000063137,E9Q7W1,Olfr177
447,ENSMUSG00000073769,A0A2I3BRQ0,Olfr1331
448,ENSMUSG00000073769,K7N684,Olfr1331
449,ENSMUSG00000049168,A0A0N4SVD5,Olfr449
450,ENSMUSG00000049168,Q8VGW8,Olfr449
451,ENSMUSG00000045306,Q8VFT4,Olfr734
452,ENSMUSG00000059964,Q7TRJ5,Olfr119
453,ENSMUSG00000059473,Q8VH10,Olfr979
454,ENSMUSG00000109212,Q8VGF0,Olfr126
455,ENSMUSG00000075150,Q7TR40,Olfr1137
456,ENSMUSG00000046016,Q5SZS9,Olfr1364
457,ENSMUSG00000075427,E9Q1P2,Olfr288
458,ENSMUSG00000091983,Q8VGP5,Olfr457
459,ENSMUSG00000111869,Q8VGK7,Olfr342
460,ENSMUSG00000047039,Q8VFQ8,Olfr1151
461,ENSMUSG00000063188,Q7TRK4,Olfr107
462,ENSMUSG00000035932,E9Q0Z1,Olfr750
463,ENSMUSG00000075170,A2AVA9,Olfr1097
464,ENSMUSG00000068647,Q8VF39,Olfr1278
465,ENSMUSG00000043827,Q6UAH0,Olfr94
466,ENSMUSG00000043827,A0A286YD85,Olfr94
467,ENSMUSG00000050776,Q8VF84,Olfr1317
468,ENSMUSG00000047545,Q0VBH3,Olfr629
469,ENSMUSG00000047050,E9PW59,Olfr914
470,ENSMUSG00000070875,Q8VFM1,Olfr1100
471,ENSMUSG00000075189,A2AVX9,Olfr1055
472,ENSMUSG00000075189,A0A087WS05,Olfr1055
473,ENSMUSG00000095667,Q8VFF1,Olfr854
474,ENSMUSG00000095667,Q7TRF9,Olfr854
475,ENSMUSG00000111179,Q7TRA0,Olfr996
476,ENSMUSG00000046881,Q7TRY0,Olfr374
477,ENSMUSG00000045421,Q8VGW9,Olfr1390
478,ENSMUSG00000099820,Q7TR85,Olfr1036
479,ENSMUSG00000094878,Q8VFC1,Olfr130
480,ENSMUSG00000095187,Q7TQT4,Olfr1381
481,ENSMUSG00000061210,Q8VF18,Olfr47
482,ENSMUSG00000051200,Q8VFZ3,Olfr513
483,ENSMUSG00000062103,Q7TRB8,Olfr924
484,ENSMUSG00000044213,Q8VF13,Olfr1094
485,ENSMUSG00000075196,Q8VGS0,Olfr1047
486,ENSMUSG00000100899,Q7TR26,Olfr1167
487,ENSMUSG00000063020,L7N1Y8,Olfr194
488,ENSMUSG00000051591,Q8VFM4,Olfr697
489,ENSMUSG00000058515,Q9EQA0,Olfr933
490,ENSMUSG00000094488,Q8VGR6,Olfr393
491,ENSMUSG00000073931,Q8VGW2,Olfr646
492,ENSMUSG00000057801,Q8VEY4,Olfr135
493,ENSMUSG00000075073,Q8VGP1,Olfr1256
494,ENSMUSG00000108931,Q8VF29,Olfr1284
495,ENSMUSG00000096555,Q9EQ91,Olfr944
496,ENSMUSG00000046493,Q8VGX5,Olfr1352
497,ENSMUSG00000046493,A0A0N4SV02,Olfr1352
498,ENSMUSG00000045204,Q7TRG7,Olfr835
499,ENSMUSG00000111517,Q8VG59,Olfr1238
500,ENSMUSG00000047960,Q8VEX5,Olfr186
501,ENSMUSG00000043385,A2AM35,Olfr267
502,ENSMUSG00000056961,Q7TRC1,Olfr919
503,ENSMUSG00000056961,Q8VF78,Olfr919
504,ENSMUSG00000049648,Q8VG87,Olfr273
505,ENSMUSG00000051793,Q8VET7,Olfr284
506,ENSMUSG00000051793,A0A0U1RP76,Olfr284
507,ENSMUSG00000059043,P23275,Olfr15
508,ENSMUSG00000075102,L7MU53,Olfr1221
509,ENSMUSG00000062314,Q7TQQ2,Olfr1505
510,ENSMUSG00000094353,Q60895,Olfr150
511,ENSMUSG00000046150,E9PVZ7,Olfr918
512,ENSMUSG00000046150,Q7TRC2,Olfr918
513,ENSMUSG00000094119,L7N462,Olfr612
514,ENSMUSG00000059366,Q9EQ86,Olfr959
515,ENSMUSG00000078420,A0A1L1STV1,Olfr141
516,ENSMUSG00000052012,Q8VGJ1,Olfr796
517,ENSMUSG00000057903,E9Q1P0,Olfr739
518,ENSMUSG00000059862,Q8VFU6,Olfr826
519,ENSMUSG00000063844,Q8VF40,Olfr1276
520,ENSMUSG00000073997,E9Q519,Olfr521
521,ENSMUSG00000047716,Q8VFT6,Olfr736
522,ENSMUSG00000094588,A0A1L1SRP1,Olfr898
523,ENSMUSG00000094588,L7N1Z5,Olfr898
524,ENSMUSG00000059371,E9Q7E7,Olfr427
525,ENSMUSG00000073954,Q7TRR4,Olfr594
526,ENSMUSG00000049618,Q920Y8,Olfr103
527,ENSMUSG00000049528,Q7TRW1,Olfr429
528,ENSMUSG00000073914,Q8VF06,Olfr677
529,ENSMUSG00000075072,Q8VGN4,Olfr48
530,ENSMUSG00000075204,A2ARY0,Olfr1039
531,ENSMUSG00000075166,A2AVB5,Olfr1104
532,ENSMUSG00000049018,Q8VF22,Olfr368
533,ENSMUSG00000063120,Q8VEZ0,Olfr480
534,ENSMUSG00000063120,A0A0R4J0V9,Olfr480
535,ENSMUSG00000055033,E9Q4G0,Olfr420
536,ENSMUSG00000068819,Q7TR45,Olfr1131
537,ENSMUSG00000068819,A0A1L1SQ35,Olfr1131
538,ENSMUSG00000068816,G3X9L8,Olfr152
539,ENSMUSG00000068816,Q7TR38,Olfr152
540,ENSMUSG00000043354,Q8VH11,Olfr577
541,ENSMUSG00000048101,Q9JHB2,Olfr19
542,ENSMUSG00000094822,E9PV96,Olfr243
543,ENSMUSG00000049674,Q7TRN0,Olfr714
544,ENSMUSG00000063764,Q8VG42,Olfr508
545,ENSMUSG00000057761,L7MTT3,Olfr1022
546,ENSMUSG00000043855,Q7TRV1,Olfr479
547,ENSMUSG00000096069,Q8VGM2,Olfr61
548,ENSMUSG00000096069,A0A1B0GSM2,Olfr61
549,ENSMUSG00000073897,Q7TRM9,Olfr17
550,ENSMUSG00000055971,Q8VGT2,Olfr378
551,ENSMUSG00000073953,F8VQ26,Olfr596
552,ENSMUSG00000094745,Q7TRB1,Olfr954
553,ENSMUSG00000094745,Q9EQB6,Olfr954
554,ENSMUSG00000062128,Q7TRX9,Olfr20
555,ENSMUSG00000109376,Q7TRJ0,Olfr761
556,ENSMUSG00000094422,Q7TS37,Olfr205
557,ENSMUSG00000111454,Q8VF76,Olfr998
558,ENSMUSG00000052058,Q7TRD1,Olfr901
559,ENSMUSG00000062037,Q7TS17,Olfr285
560,ENSMUSG00000109631,Q8VG07,Olfr494
561,ENSMUSG00000069823,Q8VGI1,Olfr1
562,ENSMUSG00000069823,B0QZP2,Olfr1
563,ENSMUSG00000095075,Q7TRI2,Olfr782
564,ENSMUSG00000075379,Q7TRY5,Olfr358
565,ENSMUSG00000075382,Q8VGK0,Olfr353
566,ENSMUSG00000075158,Q7TR55,Olfr1111
567,ENSMUSG00000051095,Q8VFN6,Olfr986
568,ENSMUSG00000094819,A0A1B0GT15,Olfr53
569,ENSMUSG00000094819,Q8VGL8,Olfr53
570,ENSMUSG00000094819,A0A1B0GRH8,Olfr53
571,ENSMUSG00000063615,F8VPZ8,Olfr64
572,ENSMUSG00000063240,Q8VG94,Olfr133
573,ENSMUSG00000063240,G3UXU0,Olfr133
574,ENSMUSG00000050803,Q8VFI7,Olfr866
575,ENSMUSG00000047868,Q8VGC2,Olfr770
576,ENSMUSG00000046678,Q8VEU2,Olfr981
577,ENSMUSG00000044814,E9PWI5,Olfr543
578,ENSMUSG00000063780,A0A0U1RP22,Olfr282
579,ENSMUSG00000063780,A1L1B4,Olfr282
580,ENSMUSG00000048197,A2AVC0,Olfr1153
581,ENSMUSG00000048197,A0A1L1SUW4,Olfr1153
582,ENSMUSG00000063715,Q8VFU2,Olfr816
583,ENSMUSG00000073938,Q9EPN9,Olfr632
584,ENSMUSG00000096229,Q7TRI5,Olfr774
585,ENSMUSG00000073977,E9Q542,Olfr549
586,ENSMUSG00000096840,Q8VG72,Olfr136
587,ENSMUSG00000070855,E9PXB8,Olfr1116
588,ENSMUSG00000070855,A0A1L1SRZ5,Olfr1116
589,ENSMUSG00000062793,A2BHP7,Olfr1158
590,ENSMUSG00000096858,Q8VFI4,Olfr805
591,ENSMUSG00000096858,A0A0N4SW83,Olfr805
592,ENSMUSG00000108534,K9J6X0,Olfr1360
593,ENSMUSG00000055838,Q8VFP4,Olfr357
594,ENSMUSG00000096747,Q7TRH2,Olfr823
595,ENSMUSG00000094673,E9Q5G9,Olfr1354
596,ENSMUSG00000060049,E9Q9Z6,Olfr235
597,ENSMUSG00000063230,Q8VGL3,Olfr535
598,ENSMUSG00000045514,Q8VF31,Olfr460
599,ENSMUSG00000050788,E9Q0Y7,Olfr419
600,ENSMUSG00000094721,Q8VFW3,Olfr1462
601,ENSMUSG00000047626,Q8VGJ0,Olfr791
602,ENSMUSG00000061549,Q7TS04,Olfr301
603,ENSMUSG00000048469,E9PWA8,Olfr564
604,ENSMUSG00000075061,Q8VGN8,Olfr1272
605,ENSMUSG00000062868,Q7TRH0,Olfr830
606,ENSMUSG00000062868,Q8VFJ5,Olfr830
607,ENSMUSG00000095525,Q7TRG8,Olfr834
608,ENSMUSG00000070423,Q8VGZ7,Olfr558
609,ENSMUSG00000094380,Q7TRC9,Olfr904
610,ENSMUSG00000107645,Q7TQT5,Olfr1380
611,ENSMUSG00000047149,A2AVX6,Olfr1052
612,ENSMUSG00000073896,Q9EPG6,Olfr716
613,ENSMUSG00000073896,A0A1B0GR93,Olfr716
614,ENSMUSG00000073896,A0A1B0GR72,Olfr716
615,ENSMUSG00000069421,Q8VFH9,Olfr810
616,ENSMUSG00000110259,A0A1B0GSF4,Olfr65
617,ENSMUSG00000110259,E9PYY9,Olfr65
618,ENSMUSG00000070421,Q8VGV5,Olfr658
619,ENSMUSG00000070421,A0A1B0GRF3,Olfr658
620,ENSMUSG00000075222,Q7TRA1,Olfr988
621,ENSMUSG00000050366,Q7TRU0,Olfr524
622,ENSMUSG00000059687,Q8VFA1,Olfr108
623,ENSMUSG00000059687,F6Z8L7,Olfr108
624,ENSMUSG00000044824,Q9WU94,Olfr545
625,ENSMUSG00000051118,Q8VEY9,Olfr77
626,ENSMUSG00000096365,Q7TQR3,Olfr1463
627,ENSMUSG00000094464,Q8VGK8,Olfr339
628,ENSMUSG00000036744,Q9D3U9,Olfr701
629,ENSMUSG00000095910,Q8VF66,Olfr469
630,ENSMUSG00000075079,L7MU51,Olfr1249
631,ENSMUSG00000063582,Q8VH00,Olfr666
632,ENSMUSG00000044487,A2ATA0,Olfr1112
633,ENSMUSG00000059874,L7N1Y4,Olfr603
634,ENSMUSG00000066242,L7N455,Olfr467
635,ENSMUSG00000066242,Q7TRV2,Olfr467
636,ENSMUSG00000051182,E9Q252,Olfr655
637,ENSMUSG00000075141,A2AVT0,Olfr1160
638,ENSMUSG00000075141,A0A1W5DU97,Olfr1160
639,ENSMUSG00000045392,Q8VFK5,Olfr1033
640,ENSMUSG00000045392,A0A1L1SU63,Olfr1033
641,ENSMUSG00000044454,Q7TRF3,Olfr867
642,ENSMUSG00000044454,A0A1D5RM81,Olfr867
643,ENSMUSG00000096708,Q8VEV6,Olfr1475
644,ENSMUSG00000102091,A0A1L1ST14,Olfr1034
645,ENSMUSG00000058244,Q7TRU6,Olfr506
646,ENSMUSG00000071185,Q7TQU7,Olfr1357
647,ENSMUSG00000094734,Q8VGI7,Olfr799
648,ENSMUSG00000048425,Q8VGX3,Olfr686
649,ENSMUSG00000073924,Q7TRP8,Olfr656
650,ENSMUSG00000073924,Q8VGX9,Olfr656
651,ENSMUSG00000050134,E9Q5F1,Olfr430
652,ENSMUSG00000109497,Q8VFD1,Olfr492
653,ENSMUSG00000044705,Q7TRP3,Olfr670
654,ENSMUSG00000096436,Q7TQR7,Olfr1437
655,ENSMUSG00000109542,Q8VF65,Olfr470
656,ENSMUSG00000075167,Q7TR59,Olfr1101
657,ENSMUSG00000051180,Q8VGL1,Olfr522
658,ENSMUSG00000066061,F7D7G9,Olfr1335
659,ENSMUSG00000066061,B2RVY8,Olfr1335
660,ENSMUSG00000073945,K7N6B3,Olfr618
661,ENSMUSG00000046486,E9Q0M4,Olfr231
662,ENSMUSG00000049280,Q8VF20,Olfr509
663,ENSMUSG00000066897,E9PVW2,Olfr872
664,ENSMUSG00000096773,A0A1B0GSE1,Olfr675
665,ENSMUSG00000096773,Q7TRP1,Olfr675
666,ENSMUSG00000075221,Q8VGC6,Olfr992
667,ENSMUSG00000075221,A0A1L1SQP4,Olfr992
668,ENSMUSG00000058270,Q7TRD6,Olfr25
669,ENSMUSG00000058270,A0A1D5RMF9,Olfr25
670,ENSMUSG00000043274,A2AT85,Olfr1123
671,ENSMUSG00000043274,A0A2I3BR64,Olfr1123
672,ENSMUSG00000064006,K7N5T5,Olfr190
673,ENSMUSG00000062497,Q8VFC4,Olfr1411
674,ENSMUSG00000060878,Q8VF55,Olfr1420
675,ENSMUSG00000053391,Q8VGH2,Olfr211
676,ENSMUSG00000060030,Q5NCD6,Olfr317
677,ENSMUSG00000046431,Q8VEW1,Olfr518
678,ENSMUSG00000094701,Q8VG53,Olfr916
679,ENSMUSG00000055610,Q8VFN8,Olfr307
680,ENSMUSG00000042774,Q8VGU8,Olfr1353
681,ENSMUSG00000059429,Q8VFT2,Olfr365
682,ENSMUSG00000094347,Q8VFZ9,Olfr784
683,ENSMUSG00000044560,Q7TQX4,Olfr1302
684,ENSMUSG00000044560,Q8VGE9,Olfr1302
685,ENSMUSG00000051313,A2ATM2,Olfr1262
686,ENSMUSG00000051313,A0A1L1STZ0,Olfr1262
687,ENSMUSG00000051313,Q8VGN2,Olfr1262
688,ENSMUSG00000059189,E9Q716,Olfr913
689,ENSMUSG00000060254,Q8VH08,Olfr980
690,ENSMUSG00000075093,Q7TQZ8,Olfr1231
691,ENSMUSG00000074995,Q7TS38,Olfr201
692,ENSMUSG00000069430,Q60885,Olfr9
693,ENSMUSG00000109801,Q8VG12,Olfr1316
694,ENSMUSG00000109801,Q7TQW7,Olfr1316
695,ENSMUSG00000043087,Q7TRF8,Olfr855
696,ENSMUSG00000060583,Q7TRE2,Olfr881
697,ENSMUSG00000060583,Q8VF63,Olfr881
698,ENSMUSG00000075383,Q8VGK1,Olfr351
699,ENSMUSG00000075145,Q8VFR3,Olfr1155
700,ENSMUSG00000064223,K7N641,Olfr694
701,ENSMUSG00000094285,L7N1Y2,Olfr743
702,ENSMUSG00000066263,Q8VGY8,Olfr639
703,ENSMUSG00000047702,Q8VFA3,Olfr1388
704,ENSMUSG00000039962,K7N5P3,Olfr906
705,ENSMUSG00000036658,Q60890,Olfr11
706,ENSMUSG00000075119,Q7TR13,Olfr1197
707,ENSMUSG00000045013,Q9EPG2,Olfr711
708,ENSMUSG00000100016,A3KGY3,Olfr1215
709,ENSMUSG00000042219,F8VPJ9,Olfr631
710,ENSMUSG00000074947,Q8VF10,Olfr1312
711,ENSMUSG00000110912,Q7TR67,Olfr1080
712,ENSMUSG00000050478,Q8VGI9,Olfr807
713,ENSMUSG00000059864,Q8VFA7,Olfr1393
714,ENSMUSG00000078118,Q8VG05,Olfr483
715,ENSMUSG00000053815,Q7TRM0,Olfr744
716,ENSMUSG00000068814,A2AVC7,Olfr1145
717,ENSMUSG00000068814,A2AV42,Olfr1145
718,ENSMUSG00000060335,Q7TRX8,Olfr384
719,ENSMUSG00000068535,Q7TS53,Olfr169
720,ENSMUSG00000075198,Q7TR80,Olfr1045
721,ENSMUSG00000056995,Q7TR20,Olfr1178
722,ENSMUSG00000055088,Q8VGJ8,Olfr354
723,ENSMUSG00000067186,Q7TRI8,Olfr132
724,ENSMUSG00000066671,E9Q050,Olfr220
725,ENSMUSG00000073949,Q8VGZ8,Olfr606
726,ENSMUSG00000044985,Q8VGW6,Olfr124
727,ENSMUSG00000081649,Q7TS32,Olfr213
728,ENSMUSG00000061984,Q7TRX6,Olfr392
729,ENSMUSG00000060787,Q5SW48,Olfr464
730,ENSMUSG00000061972,Q8VFE4,Olfr99
731,ENSMUSG00000078080,E9PXW4,Olfr585
732,ENSMUSG00000075078,Q8VGM3,Olfr1250
733,ENSMUSG00000048226,Q7TR08,Olfr1212
734,ENSMUSG00000075085,Q8VGM6,Olfr1242
735,ENSMUSG00000075193,Q7TR76,Olfr1051
736,ENSMUSG00000062873,Q7TQU9,Olfr1355
737,ENSMUSG00000044170,Q8VFA8,Olfr1384
738,ENSMUSG00000059136,Q7TRT1,Olfr539
739,ENSMUSG00000059136,Q8VGL9,Olfr539
740,ENSMUSG00000073915,Q8VGZ9,Olfr676
741,ENSMUSG00000070377,Q7TRX1,Olfr43
742,ENSMUSG00000070377,A0A0U1RPU2,Olfr43
743,ENSMUSG00000109322,Q7TQY4,Olfr1283
744,ENSMUSG00000066257,Q8VGP9,Olfr206
745,ENSMUSG00000070943,Q8VFP5,Olfr356
746,ENSMUSG00000075097,Q8VGM5,Olfr1226
747,ENSMUSG00000075377,Q8VGV7,Olfr362
748,ENSMUSG00000061798,Q7TR10,Olfr1204
749,ENSMUSG00000059303,Q8VFJ3,Olfr836
750,ENSMUSG00000059303,Q7TRG6,Olfr836
751,ENSMUSG00000095774,Q8VFN3,Olfr970
752,ENSMUSG00000110819,Q7TQZ2,Olfr1252
753,ENSMUSG00000063823,Q8VGT4,Olfr532
754,ENSMUSG00000093934,Q9EQ96,Olfr971
755,ENSMUSG00000072709,Q8VGT3,Olfr380
756,ENSMUSG00000062142,Q8VGZ2,Olfr569
757,ENSMUSG00000066896,Q0VAX9,Olfr18
758,ENSMUSG00000066896,A0A2I3BPL2,Olfr18
759,ENSMUSG00000075197,Q7TR79,Olfr1046
760,ENSMUSG00000043529,Q8VFC3,Olfr266
761,ENSMUSG00000096695,E9PYP4,Olfr196
762,ENSMUSG00000110253,Q8VF12,Olfr495
763,ENSMUSG00000060888,A0A1B0GST0,Olfr566
764,ENSMUSG00000060888,Q7TRS5,Olfr566
765,ENSMUSG00000110970,Q8VGA9,Olfr156
766,ENSMUSG00000096566,A2BFL7,Olfr1306
767,ENSMUSG00000073952,L7N224,Olfr597
768,ENSMUSG00000095390,Q8VFN5,Olfr229
769,ENSMUSG00000064044,L7MTY4,Olfr319
770,ENSMUSG00000075117,Q7TR12,Olfr1198
771,ENSMUSG00000075142,A2BHP6,Olfr74
772,ENSMUSG00000049498,Q8VEV8,Olfr1449
773,ENSMUSG00000090951,Q8VGQ7,Olfr181
774,ENSMUSG00000090951,A0A0U1RQ48,Olfr181
775,ENSMUSG00000096424,Q7TRE0,Olfr885
776,ENSMUSG00000096409,A0A1L1SSA5,Olfr890
777,ENSMUSG00000096409,Q7TRD9,Olfr890
778,ENSMUSG00000073964,Q8VH12,Olfr570
779,ENSMUSG00000081724,Q7TRI9,Olfr129
780,ENSMUSG00000081724,Q8VEY1,Olfr129
781,ENSMUSG00000080990,Q7TRJ6,Olfr118
782,ENSMUSG00000056959,Q8VFG7,Olfr315
783,ENSMUSG00000108114,Q8VFH7,Olfr800
784,ENSMUSG00000075064,A2ATW2,Olfr1506
785,ENSMUSG00000070820,Q8VGB1,Olfr1339
786,ENSMUSG00000060688,F8VQ84,Olfr292
787,ENSMUSG00000044120,Q7TRN9,Olfr683
788,ENSMUSG00000044120,Q8VGV1,Olfr683
789,ENSMUSG00000057067,Q7TS07,Olfr297
790,ENSMUSG00000048693,Q8VFS3,Olfr435
791,ENSMUSG00000109835,E9Q8M3,Olfr730
792,ENSMUSG00000109835,A0A0U1RNX7,Olfr730
793,ENSMUSG00000064121,Q8VFE3,Olfr96
794,ENSMUSG00000057447,A2ATJ7,Olfr1205
795,ENSMUSG00000045148,Q7TQZ1,Olfr1255
796,ENSMUSG00000045148,A2AUA4,Olfr1255
797,ENSMUSG00000101078,Q7TR27,Olfr1166
798,ENSMUSG00000094266,Q8VGL0,Olfr340
799,ENSMUSG00000095901,Q7TRT5,Olfr538
800,ENSMUSG00000095696,Q8VFH8,Olfr786
801,ENSMUSG00000058251,Q8VFU1,Olfr822
802,ENSMUSG00000107573,Q8VGX0,Olfr1389
803,ENSMUSG00000094254,Q8VG89,Olfr969
804,ENSMUSG00000094269,Q7TRB2,Olfr951
805,ENSMUSG00000094269,Q9EQ94,Olfr951
806,ENSMUSG00000075125,Q7TR18,Olfr1181
807,ENSMUSG00000075111,A2ATG2,Olfr1213
808,ENSMUSG00000075120,Q7TR14,Olfr1196
809,ENSMUSG00000096703,Q7TQY2,Olfr1286
810,ENSMUSG00000063777,Q8VFW5,Olfr1469
811,ENSMUSG00000067529,Q8VFV0,Olfr1423
812,ENSMUSG00000049041,Q8VFY0,Olfr398
813,ENSMUSG00000059251,Q8VGK4,Olfr345
814,ENSMUSG00000059397,Q8VFE6,Olfr54
815,ENSMUSG00000090894,A2RT31,Olfr110
816,ENSMUSG00000042801,Q8K501,Olfr769
817,ENSMUSG00000075205,Q7TR84,Olfr1037
818,ENSMUSG00000073962,A0A0G2JFH3,Olfr576
819,ENSMUSG00000073962,A0A0G2JDQ4,Olfr576
820,ENSMUSG00000060918,Q8VGG9,Olfr51
821,ENSMUSG00000066273,Q8VGX7,Olfr33
822,ENSMUSG00000050815,Q8VFV3,Olfr1441
823,ENSMUSG00000062105,E9QKE8,Olfr183
824,ENSMUSG00000050015,Q8VFP8,Olfr350
825,ENSMUSG00000075110,A2ATG3,Olfr1214
826,ENSMUSG00000110621,Q8VFJ4,Olfr837
827,ENSMUSG00000096705,L7MTV4,Olfr1329
828,ENSMUSG00000075143,A2AVC4,Olfr1157
829,ENSMUSG00000059134,Q7TRH4,Olfr814
830,ENSMUSG00000048810,Q8VGQ3,Olfr202
831,ENSMUSG00000075201,Q8VFK4,Olfr1043
832,ENSMUSG00000044040,Q8VG11,Olfr1497
833,ENSMUSG00000094986,Q8VFW2,Olfr1454
834,ENSMUSG00000075160,Q7TS20,Olfr259
835,ENSMUSG00000063176,Q9EQ97,Olfr955
836,ENSMUSG00000096220,Q7TRI4,Olfr775
837,ENSMUSG00000108167,Q7TQT0,Olfr1386
838,ENSMUSG00000043310,E9Q407,Olfr571
839,ENSMUSG00000068818,Q8VG97,Olfr1132
840,ENSMUSG00000075136,A2AVT5,Olfr1164
841,ENSMUSG00000070417,Q9QWU6,Olfr2
842,ENSMUSG00000060105,Q7TRU7,Olfr504
843,ENSMUSG00000032987,Q8VET6,Olfr281
844,ENSMUSG00000092292,Q8VEU4,Olfr113
845,ENSMUSG00000063881,Q8VGI2,Olfr376
846,ENSMUSG00000063881,E9Q4M1,Olfr376
847,ENSMUSG00000058692,Q8VET8,Olfr846
848,ENSMUSG00000075075,A2AUA2,Olfr1253
849,ENSMUSG00000049864,A0A1L1STR2,Olfr250
850,ENSMUSG00000049864,E9PV37,Olfr250
851,ENSMUSG00000073893,Q8VG43,Olfr472
852,ENSMUSG00000056281,Q7TQW3,Olfr1322
853,ENSMUSG00000096068,Q8VFD0,Olfr486
854,ENSMUSG00000063374,Q8VGC1,Olfr763
855,ENSMUSG00000062042,F7CWV4,Olfr294
856,ENSMUSG00000062629,Q923Q8,Olfr114
857,ENSMUSG00000045381,Q7TRV9,Olfr433
858,ENSMUSG00000095831,Q7TRV7,Olfr453
859,ENSMUSG00000108948,Q8VFM3,Olfr695
860,ENSMUSG00000052182,Q8VFF6,Olfr849
861,ENSMUSG00000061561,E9Q4J3,Olfr373
862,ENSMUSG00000046643,E9PWV2,Olfr218
863,ENSMUSG00000059105,Q8VFQ4,Olfr1504
864,ENSMUSG00000109806,A0A1B0GSI9,Olfr663
865,ENSMUSG00000067525,Q8VFU9,Olfr1427
866,ENSMUSG00000060205,Q8VGU7,Olfr57
867,ENSMUSG00000075094,Q8VG58,Olfr1230
868,ENSMUSG00000096757,A0A1L1SRQ8,Olfr251
869,ENSMUSG00000096757,E9Q891,Olfr251
870,ENSMUSG00000095608,Q7TS26,Olfr247
871,ENSMUSG00000095608,E9PVJ7,Olfr247
872,ENSMUSG00000064333,Q9EQ98,Olfr926
873,ENSMUSG00000073972,Q7TRS6,Olfr553
874,ENSMUSG00000111239,A0A1L1SSZ5,Olfr1248
875,ENSMUSG00000073974,Q8VG23,Olfr551
876,ENSMUSG00000051340,Q7TRQ1,Olfr645
877,ENSMUSG00000075088,Q8VGM8,Olfr1239
878,ENSMUSG00000047544,Q3KPB0,Olfr616
879,ENSMUSG00000095893,Q7TRE1,Olfr884
880,ENSMUSG00000050742,Q8VF87,Olfr164
881,ENSMUSG00000095301,Q8VGI4,Olfr476
882,ENSMUSG00000070383,Q7TRX7,Olfr389
883,ENSMUSG00000051593,Q8VGA0,Olfr272
884,ENSMUSG00000057349,Q9EQ95,Olfr948
885,ENSMUSG00000049052,Q8VG64,Olfr812
886,ENSMUSG00000046272,Q8VFX2,Olfr1444
887,ENSMUSG00000062199,Q7TQR2,Olfr1465
888,ENSMUSG00000058904,Q8VGU3,Olfr1413
889,ENSMUSG00000062712,Q8VGL2,Olfr531
890,ENSMUSG00000111747,Q7TR43,Olfr1134
891,ENSMUSG00000068808,A2AV11,Olfr1189
892,ENSMUSG00000075113,Q3SXJ3,Olfr1209
893,ENSMUSG00000095239,Q8VG08,Olfr497
894,ENSMUSG00000109528,Q8VF83,Olfr1309
895,ENSMUSG00000109528,Q7TQW9,Olfr1309
896,ENSMUSG00000054236,Q8VGI5,Olfr481
897,ENSMUSG00000069816,Q7TRX4,Olfr23
898,ENSMUSG00000096427,A0A1D5RM29,Olfr895
899,ENSMUSG00000096427,L7N210,Olfr895
900,ENSMUSG00000063380,Q7TRB3,Olfr945
901,ENSMUSG00000063380,Q9EQB5,Olfr945
902,ENSMUSG00000053146,Q8VGJ9,Olfr352
903,ENSMUSG00000043331,Q8VG91,Olfr975
904,ENSMUSG00000070380,Q8VFX6,Olfr401
905,ENSMUSG00000096151,Q8VGI6,Olfr477
906,ENSMUSG00000069390,K7N662,Olfr707
907,ENSMUSG00000045395,Q8VG65,Olfr1499
908,ENSMUSG00000050215,Q80ZX9,Olfr70
909,ENSMUSG00000048153,Q9Z1V0,Olfr49
910,ENSMUSG00000049926,Q7TRC0,Olfr921
911,ENSMUSG00000062426,Q7TS03,Olfr304
912,ENSMUSG00000094535,Q8VFF2,Olfr850
913,ENSMUSG00000094535,Q7TRG1,Olfr850
914,ENSMUSG00000059821,Q8VFF4,Olfr847
915,ENSMUSG00000107417,Q7TQT2,Olfr1383
916,ENSMUSG00000049894,Q8VGI8,Olfr808
917,ENSMUSG00000033850,Q7TR94,Olfr1015
918,ENSMUSG00000063173,Q8VFI1,Olfr811
919,ENSMUSG00000047225,Q7TRN8,Olfr684
920,ENSMUSG00000075121,Q8VG21,Olfr1195
921,ENSMUSG00000063394,Q7TS10,Olfr293
922,ENSMUSG00000107662,Q8VGC5,Olfr772
923,ENSMUSG00000056822,Q8VGX2,Olfr166
924,ENSMUSG00000063583,Q8VFC5,Olfr1410
925,ENSMUSG00000063583,E9PYK6,Olfr1410
926,ENSMUSG00000090059,Q7TR71,Olfr1062
927,ENSMUSG00000050281,Q9EQQ7,Olfr630
928,ENSMUSG00000094295,K7N727,Olfr819
929,ENSMUSG00000094295,A0A1L1STW7,Olfr819
930,ENSMUSG00000075195,Q7TR78,Olfr1048
931,ENSMUSG00000075195,Q8VGS2,Olfr1048
932,ENSMUSG00000073922,Q8VGV6,Olfr659
933,ENSMUSG00000051172,Q8VG28,Olfr672
934,ENSMUSG00000048620,Q8VGH5,Olfr1336
935,ENSMUSG00000073979,E9PXN3,Olfr547
936,ENSMUSG00000049797,Q924X8,Olfr642
937,ENSMUSG00000048745,Q8VFU5,Olfr820
938,ENSMUSG00000067971,Q7TQW4,Olfr1321
939,ENSMUSG00000067519,Q8VFV8,Olfr262
940,ENSMUSG00000051528,E9Q0Q2,Olfr424
941,ENSMUSG00000075218,Q8VF74,Olfr995
942,ENSMUSG00000096254,K7N5X7,Olfr724
943,ENSMUSG00000107677,A0A0N4SVP2,Olfr316
944,ENSMUSG00000049737,Q8VFH0,Olfr1361
945,ENSMUSG00000043880,A0A0N4SWC2,Olfr323
946,ENSMUSG00000043880,Q5NCD0,Olfr323
947,ENSMUSG00000075105,L7MU54,Olfr1218
948,ENSMUSG00000075140,Q920P2,Olfr73
949,ENSMUSG00000074955,A2AVW3,Olfr1305
950,ENSMUSG00000043605,P34984,Olfr13
951,ENSMUSG00000075192,L7MU59,Olfr1053
952,ENSMUSG00000060112,Q8VGL4,Olfr60
953,ENSMUSG00000066269,Q7TRS3,Olfr575
954,ENSMUSG00000066269,Q8VH16,Olfr575
955,ENSMUSG00000043314,Q8VGD8,Olfr30
956,ENSMUSG00000095377,Q7TRL3,Olfr91
957,ENSMUSG00000095809,A0A140LIB8,Olfr1290
958,ENSMUSG00000095809,Q7TQX8,Olfr1290
959,ENSMUSG00000095809,A0A140LHL0,Olfr1290
960,ENSMUSG00000073925,Q7TRP9,Olfr654
961,ENSMUSG00000073925,Q8VF27,Olfr654
962,ENSMUSG00000049843,Q8VES2,Olfr1102
963,ENSMUSG00000047594,Q8VGT9,Olfr1122
964,ENSMUSG00000048933,Q8VFC8,Olfr722
965,ENSMUSG00000060759,A0A1B0GS35,Olfr503
966,ENSMUSG00000060759,Q7TRU8,Olfr503
967,ENSMUSG00000059023,Q8VGF5,Olfr1201
968,ENSMUSG00000110171,Q8VFD3,Olfr484
969,ENSMUSG00000068259,Q8VF30,Olfr461
970,ENSMUSG00000101750,Q8VFA6,Olfr1392
971,ENSMUSG00000056883,Q7TRT7,Olfr533
972,ENSMUSG00000074952,Q7TQX0,Olfr1308
973,ENSMUSG00000089892,Q8VF94,Olfr1199
974,ENSMUSG00000050603,Q8VGC7,Olfr1008
975,ENSMUSG00000073923,Q7TRP7,Olfr657
976,ENSMUSG00000061165,Q8VGE3,Olfr160
977,ENSMUSG00000075114,Q8VG47,Olfr1208
978,ENSMUSG00000048456,Q8VFX1,Olfr1448
979,ENSMUSG00000090129,E9PZS7,Olfr287
980,ENSMUSG00000094612,Q8VG06,Olfr491
981,ENSMUSG00000050865,Q8VGP8,Olfr1494
982,ENSMUSG00000045474,Q8VFG3,Olfr1368
983,ENSMUSG00000044923,Q8VFL5,Olfr1030
984,ENSMUSG00000096465,Q8VG02,Olfr488
985,ENSMUSG00000096485,Q8VFW4,Olfr1466
986,ENSMUSG00000109354,Q9EPF8,Olfr706
987,ENSMUSG00000093901,A0A1D5RML6,Olfr893
988,ENSMUSG00000093901,A0A1D5RMC3,Olfr893
989,ENSMUSG00000093901,K7N678,Olfr893
990,ENSMUSG00000059488,A2RTN7,Olfr727
991,ENSMUSG00000057443,Q7TRI7,Olfr138
992,ENSMUSG00000109058,Q9EPF7,Olfr705
993,ENSMUSG00000095218,A2ACY7,Olfr1338
994,ENSMUSG00000095218,A0A1L1SSB4,Olfr1338
995,ENSMUSG00000095189,Q7TQQ9,Olfr1472
996,ENSMUSG00000059379,Q7TR95,Olfr1014
997,ENSMUSG00000060114,Q8VG76,Olfr910
998,ENSMUSG00000044205,Q7TRA3,Olfr983
999,ENSMUSG00000044205,Q8VG90,Olfr983
1000,ENSMUSG00000049334,E9Q6Z7,Olfr902
1001,ENSMUSG00000044061,E9PWF9,Olfr225
1002,ENSMUSG00000044061,A0A1L1SQW2,Olfr225
1003,ENSMUSG00000095312,Q8VF79,Olfr382
1004,ENSMUSG00000058491,A0A2I3BRV7,Olfr869
1005,ENSMUSG00000070821,Q3KPC7,Olfr1340
1006,ENSMUSG00000066272,Q8VH14,Olfr559
1007,ENSMUSG00000043226,Q8VFK1,Olfr1009
1008,ENSMUSG00000089717,Q7TS18,Olfr275
1009,ENSMUSG00000062245,Q7TS52,Olfr170
1010,ENSMUSG00000062245,Q8VGL6,Olfr170
1011,ENSMUSG00000049057,Q8VGP0,Olfr1257
1012,ENSMUSG00000075127,A2AUS6,Olfr1179
1013,ENSMUSG00000075090,A2AVK5,Olfr1234
1014,ENSMUSG00000058513,Q8VEU1,Olfr801
1015,ENSMUSG00000058513,A0A0N4SV99,Olfr801
1016,ENSMUSG00000108265,Q5NCD7,Olfr318
1017,ENSMUSG00000049806,E9Q2B9,Olfr466
1018,ENSMUSG00000045780,F8VQI7,Olfr624
1019,ENSMUSG00000042863,Q7TR90,Olfr1026
1020,ENSMUSG00000071522,Q7TQT8,Olfr263
1021,ENSMUSG00000058084,Q8VFU7,Olfr825
1022,ENSMUSG00000068817,Q7TR39,Olfr1140
1023,ENSMUSG00000055820,Q7TRA6,Olfr967
1024,ENSMUSG00000068950,Q8VGK6,Olfr338
1025,ENSMUSG00000073901,Q9EPF5,Olfr703
1026,ENSMUSG00000045584,E9Q598,Olfr610
1027,ENSMUSG00000063106,E9PZZ6,Olfr1510
1028,ENSMUSG00000051046,Q8VG27,Olfr214
1029,ENSMUSG00000047535,F8VPJ8,Olfr67
1030,ENSMUSG00000075212,Q9QY00,Olfr154
1031,ENSMUSG00000094678,Q7TRF7,Olfr857
1032,ENSMUSG00000094678,A0A1L1SUS1,Olfr857
1033,ENSMUSG00000048378,Q8VET2,Olfr1394
1034,ENSMUSG00000043692,Q7TRX3,Olfr399
1035,ENSMUSG00000096714,Q7TRN3,Olfr699
1036,ENSMUSG00000095286,L7N1Z1,Olfr117
1037,ENSMUSG00000062987,E9Q725,Olfr715b
1038,ENSMUSG00000075176,Q7TR64,Olfr1085
1039,ENSMUSG00000070857,Q7TR54,Olfr1113
1040,ENSMUSG00000054498,Q8VFP2,Olfr308
1041,ENSMUSG00000059729,Q7TQT1,Olfr1385
1042,ENSMUSG00000071000,Q9QZ22,Olfr155
1043,ENSMUSG00000049456,Q8VGE1,Olfr1404
1044,ENSMUSG00000062121,Q60888,Olfr149
1045,ENSMUSG00000093920,Q5SW49,Olfr463
1046,ENSMUSG00000068574,Q8VF80,Olfr458
1047,ENSMUSG00000073909,Q6W049,Olfr688
1048,ENSMUSG00000063216,Q8VGU6,Olfr1351
1049,ENSMUSG00000058194,Q7TR49,Olfr1126
1050,ENSMUSG00000095030,L7N457,Olfr1513
1051,ENSMUSG00000083361,Q8VFP3,Olfr360
1052,ENSMUSG00000059503,E9Q1L6,Olfr248
1053,ENSMUSG00000096320,F6QVZ8,Olfr1471
1054,ENSMUSG00000043366,Q8VBV9,Olfr78
1055,ENSMUSG00000073946,Q8VGA1,Olfr617
1056,ENSMUSG00000042869,Q8VFG4,Olfr1370
1057,ENSMUSG00000072708,Q5SSP0,Olfr381
1058,ENSMUSG00000059610,Q7TS30,Olfr222
1059,ENSMUSG00000067513,A0PK57,Olfr1436
1060,ENSMUSG00000044286,B2RVX8,Olfr221
1061,ENSMUSG00000056858,Q8VG66,Olfr1502
1062,ENSMUSG00000043383,Q8VFY3,Olfr1342
1063,ENSMUSG00000047969,Q8VF14,Olfr1093
1064,ENSMUSG00000110947,A0A2I3BRV8,Olfr1333
1065,ENSMUSG00000110947,Q7TQV7,Olfr1333
1066,ENSMUSG00000096009,Q8VG95,Olfr134
1067,ENSMUSG00000096584,K7N609,Olfr611
1068,ENSMUSG00000095765,L7N1Y5,Olfr741
1069,ENSMUSG00000094133,Q8VF59,Olfr1431
1070,ENSMUSG00000063827,Q7TQT3,Olfr1382
1071,ENSMUSG00000063350,Q7TRE6,Olfr874
1072,ENSMUSG00000045678,Q8VFQ5,Olfr1489
1073,ENSMUSG00000062186,Q8VGR3,Olfr395
1074,ENSMUSG00000053251,Q7TS33,Olfr212
1075,ENSMUSG00000095839,Q7TRA7,Olfr965
1076,ENSMUSG00000075190,Q8VGS7,Olfr1054
1077,ENSMUSG00000094747,Q7TQX1,Olfr1307
1078,ENSMUSG00000056696,Q8VF34,Olfr1350
1079,ENSMUSG00000057207,Q7TR89,Olfr1028
1080,ENSMUSG00000054141,Q8VFM9,Olfr24
1081,ENSMUSG00000057424,Q9EQ87,Olfr934
1082,ENSMUSG00000046913,Q8VFX5,Olfr1451
1083,ENSMUSG00000044293,Q8VF26,Olfr794
1084,ENSMUSG00000070856,Q7TR53,Olfr1115
1085,ENSMUSG00000046790,Q7TQV4,Olfr1341
1086,ENSMUSG00000075188,A2AVY0,Olfr1056
1087,ENSMUSG00000066122,Q8VGM1,Olfr45
1088,ENSMUSG00000090097,Q7TR17,Olfr1182
1089,ENSMUSG00000111174,Q8VG73,Olfr1240
1090,ENSMUSG00000054666,Q8VBW9,Olfr63
1091,ENSMUSG00000094669,Q8VFS5,Olfr441
1092,ENSMUSG00000052818,Q7TRH5,Olfr813
1093,ENSMUSG00000073900,Q9EPF6,Olfr704
1094,ENSMUSG00000094805,Q5NC59,Olfr311
1095,ENSMUSG00000067522,A0A2I3BR00,Olfr76
1096,ENSMUSG00000067522,Q8VFV2,Olfr76
1097,ENSMUSG00000075220,Q8VF75,Olfr993
1098,ENSMUSG00000045150,Q7TR29,Olfr1161
1099,ENSMUSG00000094531,Q7TRP2,Olfr671
1100,ENSMUSG00000094531,A0A1B0GSN5,Olfr671
1101,ENSMUSG00000099687,E9Q382,Olfr623
1102,ENSMUSG00000073951,Q7TRR2,Olfr598
1103,ENSMUSG00000061361,Q8VF05,Olfr168
1104,ENSMUSG00000073998,E9Q518,Olfr520
1105,ENSMUSG00000092077,Q920Z0,Olfr101
1106,ENSMUSG00000093804,A2AVW1,Olfr1303
1107,ENSMUSG00000074996,F6ZUS0,Olfr199
1108,ENSMUSG00000059031,Q8VG03,Olfr482
1109,ENSMUSG00000073917,Q8VG79,Olfr665
1110,ENSMUSG00000075171,A3KPP7,Olfr1095
1111,ENSMUSG00000044798,F6WBH4,Olfr923
1112,ENSMUSG00000044798,Q7TRB9,Olfr923
1113,ENSMUSG00000048391,Q7TRG4,Olfr843
1114,ENSMUSG00000073913,Q8VG26,Olfr678
1115,ENSMUSG00000084336,Q8VEZ2,Olfr1269
1116,ENSMUSG00000043267,Q7TR87,Olfr1031
1117,ENSMUSG00000109813,Q8VF38,Olfr1279
1118,ENSMUSG00000109813,Q7TQY7,Olfr1279
1119,ENSMUSG00000045225,Q7TR34,Olfr1152
1120,ENSMUSG00000052537,Q7TS40,Olfr198
1121,ENSMUSG00000057503,Q8VFV9,Olfr1459
1122,ENSMUSG00000054938,Q8VGH6,Olfr1346
1123,ENSMUSG00000075202,Q7TR81,Olfr1042
1124,ENSMUSG00000075223,Q7TRA2,Olfr987
1125,ENSMUSG00000059910,Q8VEZ3,Olfr1265
1126,ENSMUSG00000045030,Q8VFW8,Olfr1443
1127,ENSMUSG00000051493,Q8VH09,Olfr974
1128,ENSMUSG00000036647,A0A0R4J0M0,Olfr6
1129,ENSMUSG00000050763,Q8VGD7,Olfr1395
1130,ENSMUSG00000050085,Q8VGY7,Olfr622
1131,ENSMUSG00000049011,Q8VET4,Olfr729
1132,ENSMUSG00000095929,Q7TRU9,Olfr487
1133,ENSMUSG00000049010,Q8VGB3,Olfr982
1134,ENSMUSG00000020168,Q7TS05,Olfr299
1135,ENSMUSG00000060503,Q8VG49,Olfr715
1136,ENSMUSG00000095095,Q8VGT1,Olfr385
1137,ENSMUSG00000051156,Q8VEZ5,Olfr1491
1138,ENSMUSG00000094858,Q8VGE8,Olfr1297
1139,ENSMUSG00000062608,Q8VGQ6,Olfr195
1140,ENSMUSG00000052417,Q8VF37,Olfr720
1141,ENSMUSG00000075215,Q7TR99,Olfr1000
1142,ENSMUSG00000046396,E9Q4X7,Olfr609
1143,ENSMUSG00000078116,Q8VFM8,Olfr828
1144,ENSMUSG00000057461,Q7TRR7,Olfr591
1145,ENSMUSG00000062892,Q8VF19,Olfr1450
1146,ENSMUSG00000057890,A0A0N4SUP0,Olfr1375
1147,ENSMUSG00000059030,Q7TRJ1,Olfr128
1148,ENSMUSG00000043119,Q8VES9,Olfr448
1149,ENSMUSG00000045132,E9PZ66,Olfr620
1150,ENSMUSG00000050028,Q7TRL9,Olfr745
1151,ENSMUSG00000050028,A0A2I3BQ89,Olfr745
1152,ENSMUSG00000095212,Q8VG44,Olfr473
1153,ENSMUSG00000094182,Q9EQB4,Olfr937
1154,ENSMUSG00000044441,Q0VEV7,Olfr1442
1155,ENSMUSG00000060523,E9Q8X3,Olfr726
1156,ENSMUSG00000096806,Q7TRZ9,Olfr312
1157,ENSMUSG00000056184,Q8VGU2,Olfr283
1158,ENSMUSG00000075092,Q8VEX7,Olfr1232
1159,ENSMUSG00000060974,Q8VFE8,Olfr530
1160,ENSMUSG00000057270,Q8VFQ3,Olfr1501
1161,ENSMUSG00000055571,Q7TS02,Olfr305
1162,ENSMUSG00000075112,Q7TR09,Olfr1211
1163,ENSMUSG00000062272,A2AV41,Olfr1129
1164,ENSMUSG00000071494,A0A0B4J1M2,Olfr455
1165,ENSMUSG00000075194,A2ARZ0,Olfr1049
1166,ENSMUSG00000067526,Q7TQS1,Olfr1425
1167,ENSMUSG00000067526,K7N659,Olfr1425
1168,ENSMUSG00000046975,Q8VFK7,Olfr1020
1169,ENSMUSG00000042849,Q8VGU5,Olfr1414
1170,ENSMUSG00000058662,E9Q7C5,Olfr69
1171,ENSMUSG00000058071,A0A0N4SVH6,Olfr818
1172,ENSMUSG00000058071,Q8VG46,Olfr818
1173,ENSMUSG00000062527,Q8VG32,Olfr1408
1174,ENSMUSG00000066262,E9Q7P5,Olfr640
1175,ENSMUSG00000043312,Q8VGC8,Olfr131
1176,ENSMUSG00000061342,Q7TR25,Olfr1168
1177,ENSMUSG00000070852,L7MTT1,Olfr1121
1178,ENSMUSG00000066241,Q8VFZ6,Olfr514
1179,ENSMUSG00000059873,A2ATE0,Olfr1029
1180,ENSMUSG00000109951,A2RS33,Olfr601
1181,ENSMUSG00000071764,A2AHM8,Olfr1320
1182,ENSMUSG00000057770,Q8VGW3,Olfr668
1183,ENSMUSG00000090675,Q7TRK1,Olfr111
1184,ENSMUSG00000050030,Q7TRM6,Olfr728
1185,ENSMUSG00000075139,Q7TR28,Olfr1162
1186,ENSMUSG00000044292,E9Q985,Olfr978
1187,ENSMUSG00000050023,Q8VG40,Olfr1176
1188,ENSMUSG00000074966,Q7TQY8,Olfr1275
1189,ENSMUSG00000070374,B1ARL3,Olfr59
1190,ENSMUSG00000070374,A0A0U1RQ21,Olfr59
1191,ENSMUSG00000070374,A0A0U1RPY7,Olfr59
1192,ENSMUSG00000059069,E9Q438,Olfr749
1193,ENSMUSG00000075146,L7MU57,Olfr1154
1194,ENSMUSG00000047511,Q7TQS8,Olfr1396
1195,ENSMUSG00000049015,Q8VFW1,Olfr1467
1196,ENSMUSG00000075181,A2AK62,Olfr1066
1197,ENSMUSG00000046300,Q8VET3,Olfr1412
1198,ENSMUSG00000073944,E9PV95,Olfr619
1199,ENSMUSG00000042909,Q8VG19,Olfr648
1200,ENSMUSG00000075101,Q7TR02,Olfr1222
1201,ENSMUSG00000070382,A0A0U1RNJ4,Olfr391
1202,ENSMUSG00000109487,Q8VGE6,Olfr1298
1203,ENSMUSG00000075206,A2ASU7,Olfr1024
1204,ENSMUSG00000094810,Q7TRC7,Olfr907
1205,ENSMUSG00000075210,Q8VFJ7,Olfr1012
1206,ENSMUSG00000054054,Q7TS01,Olfr309
1207,ENSMUSG00000058014,Q8VG09,Olfr502
1208,ENSMUSG00000111711,A0A1L1SRK6,Olfr1089
1209,ENSMUSG00000064110,Q7TRA9,Olfr963
1210,ENSMUSG00000067064,Q8VGU4,Olfr1416
1211,ENSMUSG00000058981,E9Q8X1,Olfr1406
1212,ENSMUSG00000073916,Q8VGU9,Olfr669
1213,ENSMUSG00000075174,Q7TR63,Olfr1087
1214,ENSMUSG00000044106,Q8VFI8,Olfr868
1215,ENSMUSG00000075186,Q7TR74,Olfr1058
1216,ENSMUSG00000101918,Q7TR01,Olfr1225
1217,ENSMUSG00000111772,A0A1L1SR98,Olfr228
1218,ENSMUSG00000096516,K7N6B2,Olfr628
1219,ENSMUSG00000075163,A2AVB8,Olfr1107
1220,ENSMUSG00000061039,E9Q413,Olfr920
1221,ENSMUSG00000082882,Q7TR16,Olfr1186
1222,ENSMUSG00000063116,Q8VFX7,Olfr410
1223,ENSMUSG00000063225,Q7TRC3,Olfr917
1224,ENSMUSG00000061489,Q8VGL5,Olfr525
1225,ENSMUSG00000101480,F7BL62,Olfr1220
1226,ENSMUSG00000070378,Q7TRX2,Olfr403
1227,ENSMUSG00000094692,L7N1X7,Olfr738
1228,ENSMUSG00000070438,Q5NC55,Olfr313
1229,ENSMUSG00000043911,Q8VG50,Olfr922
1230,ENSMUSG00000050654,Q8VF82,Olfr215
1231,ENSMUSG00000075137,Q8VFR4,Olfr1163
1232,ENSMUSG00000092413,Q7TRJ8,Olfr115
1233,ENSMUSG00000073960,Q8VG25,Olfr583
1234,ENSMUSG00000073907,Q8VG18,Olfr689
1235,ENSMUSG00000049362,E9QAT7,Olfr173
1236,ENSMUSG00000060742,A2AK60,Olfr1076
1237,ENSMUSG00000047667,Q7TRB7,Olfr26
1238,ENSMUSG00000051424,Q8VG86,Olfr1184
1239,ENSMUSG00000071510,E9Q8F6,Olfr172
1240,ENSMUSG00000095401,Q7TRH7,Olfr804
1241,ENSMUSG00000108827,Q8VF85,Olfr1310
1242,ENSMUSG00000066239,K7N645,Olfr519
1243,ENSMUSG00000066239,Q7TRU3,Olfr519
1244,ENSMUSG00000073926,E9PVA0,Olfr653
1245,ENSMUSG00000075380,Q8VFP6,Olfr355
1246,ENSMUSG00000096000,F6VS78,Olfr773
1247,ENSMUSG00000043948,Q8VGW5,Olfr691
1248,ENSMUSG00000066748,Q60882,Olfr145
1249,ENSMUSG00000075199,Q8VFL0,Olfr52
1250,ENSMUSG00000061614,Q7TRG2,Olfr845
1251,ENSMUSG00000060084,E9Q9Z0,Olfr748
1252,ENSMUSG00000095236,Q8VGP4,Olfr38
1253,ENSMUSG00000066240,Q7TRU4,Olfr517
1254,ENSMUSG00000061000,Q8VG13,Olfr507
1255,ENSMUSG00000062434,Q8VFZ5,Olfr516
1256,ENSMUSG00000110012,Q8VH21,Olfr644
1257,ENSMUSG00000063386,Q8VFA9,Olfr1387
1258,ENSMUSG00000051509,E9Q5P8,Olfr414
1259,ENSMUSG00000075175,Q8VFL9,Olfr1086
1260,ENSMUSG00000073928,Q8VG78,Olfr651
1261,ENSMUSG00000074945,A2AVL6,Olfr1314
1262,ENSMUSG00000109547,Q8VGE5,Olfr1294
1263,ENSMUSG00000049073,Q8VGB4,Olfr985
1264,ENSMUSG00000073975,E9Q544,Olfr550
1265,ENSMUSG00000062914,Q8VFH3,Olfr777
1266,ENSMUSG00000075115,A2ATJ4,Olfr1200
1267,ENSMUSG00000050128,A2ASU6,Olfr1023
1268,ENSMUSG00000108919,Q8VF48,Olfr1295
1269,ENSMUSG00000072707,E9Q3K2,Olfr31
1270,ENSMUSG00000101874,Q8VFA4,Olfr1391
1271,ENSMUSG00000073970,E9Q547,Olfr555
1272,ENSMUSG00000074946,Q7TQW8,Olfr1313
1273,ENSMUSG00000108995,A0A140LJF5,Olfr485
1274,ENSMUSG00000048299,Q60887,Olfr148
1275,ENSMUSG00000111715,Q7TQZ6,Olfr1246
1276,ENSMUSG00000061520,Q7TR48,Olfr153
1277,ENSMUSG00000052625,Q7TRG0,Olfr851
1278,ENSMUSG00000075378,Q8VF16,Olfr361
1279,ENSMUSG00000090631,B2RT27,Olfr456
1280,ENSMUSG00000073963,Q8VGZ3,Olfr572
1281,ENSMUSG00000096477,L7N475,Olfr92
1282,ENSMUSG00000063867,E9PWU0,Olfr1511
1283,ENSMUSG00000109824,V9GXN4,Olfr643
1284,ENSMUSG00000051190,Q7TQU8,Olfr1356
1285,ENSMUSG00000051392,Q8VET1,Olfr1402
1286,ENSMUSG00000062757,A2ATJ9,Olfr1206
1287,ENSMUSG00000059504,Q7TRZ7,Olfr314
1288,ENSMUSG00000050343,Q8VGH0,Olfr1378
1289,ENSMUSG00000093980,Q8VEW5,Olfr493
1290,ENSMUSG00000045581,Q9EP55,Olfr710
1291,ENSMUSG00000058856,Q8VFD7,Olfr952
1292,ENSMUSG00000051003,Q8VGB9,Olfr161
1293,ENSMUSG00000044899,Q8VGW1,Olfr649
1294,ENSMUSG00000045508,Q8VFG2,Olfr1367
1295,ENSMUSG00000096228,Q60889,Olfr5
1296,ENSMUSG00000054890,Q7TQU0,Olfr1535
1297,ENSMUSG00000094200,K9J725,Olfr237
1298,ENSMUSG00000107711,Q7TRZ4,Olfr320
1299,ENSMUSG00000068947,Q7TRY4,Olfr366
1300,ENSMUSG00000096209,Q8VEW6,Olfr510
1301,ENSMUSG00000073927,B9EHE6,Olfr652
1302,ENSMUSG00000075169,A2AVB0,Olfr1098
1303,ENSMUSG00000063842,Q8VFJ1,Olfr862
1304,ENSMUSG00000075200,Q8VGR9,Olfr1044
1305,ENSMUSG00000095804,Q8VFU4,Olfr824
1306,ENSMUSG00000059112,Q8VG63,Olfr1263
1307,ENSMUSG00000070379,Q8VFX8,Olfr402
1308,ENSMUSG00000069998,Q7TRY2,Olfr372
