,Olfr,PC1 (1.41%),PC2 (1.11%),Zone,rtp_ko,stress_score
0,Olfr1,-9.866987488474617,0.8864237258804709,3,,3.6862189327667534
1,Olfr10,4.965849518565237,-10.477786732473568,,,0.4269954916286116
2,Olfr1000,-7.315688287391811,-1.2593248670297608,2,uOR,1.2148909203591327
3,Olfr1002,3.8700126011020357,11.440541181438418,1,uOR,2.7398686712492477
4,Olfr1006,6.954555041816309,6.702562791295482,2,uOR,1.544004074771662
5,Olfr1008,6.627521338048117,-2.5313398167849663,5,oOR,2.1728252866054807
6,Olfr1009,-4.463089865216296,6.606771051192459,1,uOR,1.212650027533896
7,Olfr101,-2.757689248517623,6.866461617073584,2,oOR,2.608582220688893
8,Olfr1012,4.908974450615949,6.609974730949544,2,oOR,1.5968895238274614
9,Olfr1013,8.140616853476836,5.836196884083555,2,oOR,1.4248505042907158
10,Olfr1014,6.896134216518739,2.9916713056981448,2,uOR,3.1027788357746986
11,Olfr1015,-1.2485250204800695,-7.1975062276202335,2,uOR,3.1466718844497708
12,Olfr1016,9.556533177574659,-3.0609413463804165,2,,1.793360353596838
13,Olfr1018,12.71078370307471,-3.8015115930907997,2,uOR,-2.4061138218312896
14,Olfr1019,12.945041865343795,0.6259873741808523,1,oOR,1.6251196952715572
15,Olfr102,0.5046848163280645,6.675482383074246,,oOR,0.222974338433652
16,Olfr1020,9.650817902861283,-4.941699103614148,1,,2.890568671776649
17,Olfr1022,13.061355042489836,0.08525813883151612,,,2.207117921132053
18,Olfr1023,13.061355042489836,0.08525813883151612,2,,1.1637760140515063
19,Olfr1024,6.886595550508415,2.5371211387008743,1,,0.7044825409133976
20,Olfr1025-ps1,12.888276148600598,2.5098125285502926,,,1.0642295831207835
21,Olfr1026,-5.864210460904459,3.315648048533302,1,uOR,2.7207978375643185
22,Olfr1028,14.980679965951431,2.449232259686604,1,,0.7000649720930341
23,Olfr1029,14.446901024931188,2.118117906259025,1,uOR,1.038704338571193
24,Olfr103,11.444792144114693,5.982706859232399,2,oOR,0.2121289332283319
25,Olfr1030,13.75032593418202,-3.994282724193703,1,uOR,0.3121434050903424
26,Olfr1031,9.240736119952501,-1.1653310183946262,1,,0.0791462339822835
27,Olfr1032,4.959387265809465,-7.0320945386619,1,uOR,2.417035663896137
28,Olfr1033,4.159280489316413,11.229982188353008,1,,-0.2245357151675701
29,Olfr1034,-9.300602916895633,-0.9618269611878912,1,uOR,1.892425506861508
30,Olfr1036,-9.55178754308735,-1.3396162606468969,1,uOR,2.161224545564722
31,Olfr1037,-5.106088572688,-0.18859266331865482,1,uOR,-0.0488495241957233
32,Olfr1038,-11.771479152414063,2.4346291409145318,,,
33,Olfr1038-ps,-11.771479152414063,2.4346291409145318,1,,1.3567907925032896
34,Olfr1039,8.650368043005495,6.058415471462889,1,uOR,2.7786315369809302
35,Olfr104-ps,-5.4671571479410765,0.8134933528716175,,,0.0721375086315353
36,Olfr1040,3.821243063087801,10.241674235107135,,oOR,2.3053766483981204
37,Olfr1042,-0.434581475582786,9.858852872789669,1,uOR,3.060447264799414
38,Olfr1043,-4.816057177855792,-6.582011737969319,1,uOR,3.5497950969724497
39,Olfr1044,-2.113292214431981,5.770569028002027,1,uOR,1.8863181233647788
40,Olfr1045,10.572494830349589,-4.352415881825838,1,uOR,1.0849963318392968
41,Olfr1046,-7.89188562669551,-3.7308511647513756,1,uOR,3.19041674397943
42,Olfr1047,10.907258548860042,-0.3687777917129054,1,uOR,2.9417991356576265
43,Olfr1048,0.7716982280076142,5.115059734592388,1,uOR,1.7794034826802696
44,Olfr1049,-8.691823628939009,0.594872024354033,2,uOR,2.2582135994913464
45,Olfr105-ps,-0.5858840545696259,-0.22190661377080226,,,1.3594830888958005
46,Olfr1051,-7.235788136264243,2.7827674765304753,1.5,uOR,1.1236084518049148
47,Olfr1052,10.994601331652657,6.992037736993251,1,uOR,0.7409766682309735
48,Olfr1053,0.7716982280076142,5.115059734592388,,uOR,3.4050193468354037
49,Olfr1054,-7.606186091926831,1.462729164987638,1,,1.9737302210458003
50,Olfr1055,1.0337168358357525,10.27332414030755,1,,1.775389365806636
51,Olfr1056,-8.25643475589042,1.6163502662586648,1,oOR,1.12234098715693
52,Olfr1057,2.1651608932530837,5.497487375000517,1.5,oOR,-0.2076644993997426
53,Olfr1058,-3.266973409098768,2.199368237772073,,,4.109290365950349
54,Olfr106-ps,-1.72267724969232,-4.135258411026557,,,0.9484079174819676
55,Olfr1061,-5.86498382667591,4.6301794660421525,,oOR,2.113502387014372
56,Olfr1062,9.743979583707302,-7.207873811949803,2,,0.7981434692757041
57,Olfr1065,-5.827993075592787,4.985153671881488,1.5,uOR,3.24209782898045
58,Olfr1066,-8.882105793067712,0.42048621551508103,,,2.231953892441425
59,Olfr107,7.797140403332135,-9.220774137462252,1.5,uOR,0.4671305244022266
60,Olfr1076,-4.76269943085017,-1.0348140165731616,,,2.0740104376256854
61,Olfr1079,-10.099895002090859,2.4568010041303214,1.5,oOR,0.1490821095417342
62,Olfr108,5.237062783127131,-5.517683983365819,,,1.7024377995174755
63,Olfr1080,-9.413315321109492,2.5207938450938716,3,oOR,0.3913569709938551
64,Olfr1082,10.907258548860042,-0.3687777917129054,2.5,,0.7634142622932732
65,Olfr1084,-1.61059764605471,9.551792375162908,,,1.6186280164413558
66,Olfr1085,-6.394573373728763,2.666305429539859,2,uOR,1.7471892947119558
67,Olfr1086,5.643706389127852,3.8640852692033594,1,,0.4021477894767305
68,Olfr1087,6.471991849961894,-10.02423478545231,2,uOR,2.514267390689063
69,Olfr1089,-8.727244926290757,3.8749133194842806,2.5,oOR,4.689877602285093
70,Olfr109,-4.2232487442279,-1.0699489517027128,2.5,oOR,0.7847572461270326
71,Olfr1090,-5.9256059648672,5.156859176016522,2.5,uOR,1.201894403748491
72,Olfr1093,-3.2215297114424564,-8.21050713279378,3.5,uOR,1.5306429444661385
73,Olfr1094,6.801726106700419,0.9796614900390662,1.5,uOR,0.2100688845988953
74,Olfr1095,-1.5466285902109322,4.975685114178112,1.5,,-0.4506338394920142
75,Olfr1096,-7.476198806697471,-3.742155146921906,,,
76,Olfr1097,-3.62005931689626,-9.02284648830883,4,uOR,0.1430810667464285
77,Olfr1098,-8.177488120725284,-3.350426457753335,4,uOR,-0.022441622549961
78,Olfr1099,-6.708907316934793,-2.368693636681202,3.5,uOR,0.4131922362622945
79,Olfr11,-3.1457829358042435,-3.5665606671657164,3,uOR,2.085145814719433
80,Olfr110,1.377366617863651,3.2737944292241865,3,oOR,0.1926097277151182
81,Olfr1100,3.0380842422543464,-3.5772701665291335,3,uOR,0.3405378073393776
82,Olfr1101,11.695184002692,-2.6916125139812412,1.5,,1.228432456943848
83,Olfr1102,10.009057373585012,3.367979301964188,1,uOR,1.5968558776576396
84,Olfr1104,7.341309883302192,0.6637092454137397,1.5,uOR,0.862271643132608
85,Olfr1105,-1.2751444519467952,0.20530326961217416,1.5,oOR,-1.2964515054974457
86,Olfr1106,12.611021282199083,-7.094085068718592,1,uOR,0.660529217005694
87,Olfr1107,7.288312729023352,-9.412037137702082,3,oOR,-1.9677803007423544
88,Olfr1109,6.292832631086551,-11.785258188074653,1.5,,3.4372645509694397
89,Olfr111,3.7991248863135816,5.17625018479976,2.5,oOR,-0.1540627475003459
90,Olfr1110,6.292832631086551,-11.785258188074653,3,oOR,1.1455717924101592
91,Olfr1111,6.187696134348497,-6.96406523734498,1.5,uOR,1.0851802291867918
92,Olfr1112,-2.145810646024182,-7.703199537359982,3.5,uOR,-0.8491361586454237
93,Olfr1113,-3.547853649810511,-0.5808245617657951,1,,-0.3318600397921777
94,Olfr1115,0.737270142781881,-0.05594088162815482,2,uOR,-0.5632730550658608
95,Olfr1116,9.045137479985476,0.22619619505279911,,,-0.1277272430665832
96,Olfr1118,10.932919051207246,-0.052996338283429416,3.5,uOR,0.9816028578587728
97,Olfr112,3.8599725219535523,-1.2396659771703555,2.5,uOR,1.133035668506654
98,Olfr1120,-3.9076508414864093,-0.11708212502768514,3,,0.1258681690784505
99,Olfr1121,-5.231994324202165,-0.2514362144538849,2.5,uOR,1.3248565846752716
100,Olfr1122,11.4409593447563,-0.7776161524609022,1.5,,0.3196598795619894
101,Olfr1123,10.619881882407032,-3.3276164050821953,3,uOR,-0.4742055253581564
102,Olfr1124,-0.44668808936697474,0.9968413310310713,3,,0.696181227526894
103,Olfr1126,8.100096010482082,1.610417275722903,3,,0.8041894588044384
104,Olfr1128,1.1608659633142908,9.78003631852033,,,-0.8747044052490256
105,Olfr1129,-1.3966693968305937,-1.6714607089009887,3,uOR,-0.1609996428338869
106,Olfr113,3.6091742811507053,10.577204565734132,3,,1.4409021528588997
107,Olfr1130,9.092273235761125,-1.4510512454181401,2.5,uOR,0.603634345470557
108,Olfr1131,-1.4453604672889315,-9.615564708166762,1,uOR,2.502862969279876
109,Olfr1132,-2.237377005928534,-9.36909834601322,1,oOR,3.4412367758738758
110,Olfr1133,-1.2353170029513032,5.081315804139361,1.5,uOR,3.8960518567300935
111,Olfr1134,-2.220376143626237,1.8084366969916423,2,uOR,2.854527584084525
112,Olfr1135,-2.237377005928534,-9.36909834601322,2,uOR,1.9569845822313456
113,Olfr1136,-8.779378716063817,-2.774090206001971,,,3.586565418789415
114,Olfr1137,9.317631455561923,-9.60286731633263,1,uOR,2.3437184656308583
115,Olfr1138,11.832332632374891,1.183512117599386,2,,2.431392055393012
116,Olfr114,5.016964414169734,0.056337553162393465,3,uOR,3.964939829212368
117,Olfr1140,-4.732450891083705,-5.306270246556027,1.5,uOR,2.338325077362436
118,Olfr1141,-0.5685482156330193,-0.7163499015466778,,,3.042477414351511
119,Olfr1143,3.42355566761729,-8.677415644001302,2,uOR,3.020717714762191
120,Olfr1145,5.925862656734542,-8.357395882108055,2,,1.9508972107512796
121,Olfr1148,-2.7900302944778628,-0.8234624185891011,2.5,uOR,0.6999273366253723
122,Olfr115,0.8698055326177405,9.346699781136,2.5,,3.3003111127675138
123,Olfr1150-ps1,6.066698276838717,-7.106962896841024,,,1.174135520826831
124,Olfr1151,0.8462917711765129,-6.77673703379964,2,uOR,2.574441886675685
125,Olfr1152,3.222009391050436,-5.086228583423154,2.5,uOR,-0.12237793330539
126,Olfr1153,2.1415566916377937,-10.37840001413791,2,,2.9705303450436404
127,Olfr1154,3.550334243831898,13.02584321810766,1,uOR,2.387085521026927
128,Olfr1155,-8.08174310888274,-1.6234695499302652,1,uOR,2.609023840081296
129,Olfr1156,6.255952922468908,7.860951717881623,1,,0.2757575668286507
130,Olfr1157,-1.3433544684738647,3.895190932611065,1,uOR,2.051921705154782
131,Olfr1158,3.550334243831898,13.02584321810766,,,2.8324911776349704
132,Olfr116,-2.1631631748361264,3.5784522859257963,3,uOR,2.8685639366059053
133,Olfr1160,12.58042073636526,2.3281507535093167,,uOR,1.9747445706959008
134,Olfr1161,-10.5227062099688,-0.963528439810697,,uOR,2.238883205302559
135,Olfr1162,6.236992094986474,-4.141313725026197,1,uOR,1.5529104568567862
136,Olfr1163,-0.878679077450791,-7.212605931113957,1.5,,1.9336951733313728
137,Olfr1164,-8.084841571410484,-0.057582754012477436,,,3.764096815289455
138,Olfr1166,-6.742343609970733,-3.159514749648123,1.5,,2.4517921399002964
139,Olfr1167,-3.569222608515409,0.4327359456195014,1,,0.0833689371000434
140,Olfr1168,-1.3571429724550026,2.8694645962170564,1.5,oOR,1.137514460494915
141,Olfr117,3.8078302572408105,-9.637807648321012,3,,0.1432999471513243
142,Olfr1170,-5.831634131411279,-0.37293079205855184,1,uOR,1.4719449058100451
143,Olfr1173,-5.831634131411279,-0.37293079205855184,1,,0.1112736184193382
144,Olfr1174,-8.007315798077363,2.89839511275374,,,
145,Olfr1174-ps,-8.007315798077363,2.89839511275374,,,1.1758264197681112
146,Olfr1175,-9.498508780037138,3.427561333291439,,,
147,Olfr1175-ps,-9.498508780037138,3.42756133329144,,,0.3801546829498375
148,Olfr1176,5.3306867084846346,-0.7437602185235581,1,uOR,0.8700663304964624
149,Olfr1177,7.573574678187702,-7.177822648021106,,,
150,Olfr1177-ps,7.573574678187702,-7.177822648021106,,,0.6901585080604492
151,Olfr1178,5.612080939783878,3.8879146284885504,4,uOR,-0.2950969639356487
152,Olfr1179,7.264108747164523,-1.3920943008286406,5,,-3.8291692814553673
153,Olfr118,-0.07642634802136433,-0.959932187372126,2,oOR,0.3061067070292507
154,Olfr1180,3.2724065615190243,-3.726318754035628,5,,-0.3664622793345449
155,Olfr1181,-0.35314576377826745,-0.20146837443624327,5,,0.7501413928806361
156,Olfr1182,-2.2132925240005252,1.3205877556066894,4,uOR,
157,Olfr1183,2.2798470809539793,-8.831152938595642,4.5,uOR,-2.006899355889862
158,Olfr1184,3.5605667123394693,-0.4053779940637069,4,uOR,0.1755669426328402
159,Olfr1185-ps1,0.38949378842160265,4.301730312231577,,,-5.244096959827516
160,Olfr1186,4.669987858022507,-1.854400823599525,4.5,,-1.4717586260168274
161,Olfr1188,-4.276007454754095,-1.8915865123461506,,,4.034642881187586
162,Olfr1189,-0.49979372468731786,-2.2186904793458226,2,,-1.1308545491067887
163,Olfr119,0.6692364906152344,4.898021936948903,2.5,oOR,0.2638896536325136
164,Olfr1191-ps1,0.9211274760124176,-2.1772180995019528,,,-1.101346878688293
165,Olfr1192-ps1,2.710347824178449,-5.334296421909732,,,-1.4080868441473813
166,Olfr1193,0.35770131010239736,-1.7912154644829135,4,oOR,-0.512435538004111
167,Olfr1195,1.7851096556874884,-0.02776961618051185,4.5,oOR,0.7154112149068242
168,Olfr1196,4.607445659744084,2.637750224044745,4,uOR,-1.663928104840129
169,Olfr1197,-4.799274895426405,4.401765262665352,4,oOR,-1.9452305279635924
170,Olfr1198,-4.700373124270224,1.1878480357525767,4,uOR,-1.0743043597468471
171,Olfr1199,3.2069545854870682,1.868555073256384,5,,0.1563957196334755
172,Olfr12,10.121810322384562,-1.7906001055744893,4,uOR,-0.0035725016130339
173,Olfr120,-0.07642634802136433,-0.959932187372126,2,oOR,-0.4849790113731351
174,Olfr1200,6.107429265174426,3.3382638680245167,4,uOR,-0.4002356448600195
175,Olfr1201,3.960307625454032,2.6400889477925396,5,,-3.5619606037836165
176,Olfr1202,-3.1064139392053045,-5.2931057303934095,5,uOR,-0.2484893183729721
177,Olfr1204,-4.570091247005087,-4.7553408348674875,5,,-0.575044464360576
178,Olfr1205,-2.1202165983846384,3.093701894389792,5,uOR,-1.1048229142963857
179,Olfr1206,-6.378598412020129,2.607863150030759,5,uOR,-2.692025774199773
180,Olfr1208,0.5248809661174995,3.2912329662479567,,uOR,-0.8716779390872925
181,Olfr1209,5.263438344941352,0.6672899341034211,3.5,oOR,-0.7992072282656197
182,Olfr121,-0.4720637179310587,0.11680600849536363,2.5,uOR,-0.3763753127451771
183,Olfr1211,0.5895360288868529,-6.133850818871597,5,uOR,-2.653659653738525
184,Olfr1212,-8.610739737824126,0.2773594457909465,4.5,uOR,-2.3715879634811627
185,Olfr1213,5.81079563965679,9.41435634963146,4.5,oOR,
186,Olfr1214,-4.010606377393173,-7.358707357967195,3.5,,-0.0562871776242442
187,Olfr1215,-3.235874024897973,1.8178023579602316,2.5,uOR,0.9461460616236932
188,Olfr1216,-2.1220681296739987,-1.5782898616812853,2.5,,0.3416213100697056
189,Olfr1217,-4.347759203033322,5.730995000892143,2,uOR,-1.0038799856723126
190,Olfr1218,-1.2329320710941747,0.21299464995233292,2.5,,-0.900972151667583
191,Olfr1219,-5.678740878469094,4.054464665255677,2,oOR,-4.0828070618933365
192,Olfr122,0.8672522966078987,4.907883937715817,2.5,uOR,-0.1260171547485475
193,Olfr1220,-6.14954787848878,0.7388902044806914,4.5,,-1.7755774600828769
194,Olfr1221,-6.388198576827336,-3.2623500522832733,3,uOR,-1.1973480882179806
195,Olfr1222,-1.4690828155132014,-6.953588680228941,2.5,uOR,-1.493084127434067
196,Olfr1223,-7.263345144493982,0.851311455537138,3.5,,-1.7716292161621527
197,Olfr1224-ps1,-9.980744685451421,0.5678747658705775,,,0.3318284275103957
198,Olfr1225,-3.1297081814344723,-0.20641952789575235,2,uOR,0.1610372237033747
199,Olfr1226,-6.328506755099467,-1.425805430339026,4,oOR,-3.0844940078000307
200,Olfr1228,0.41178055967145333,-8.366715265465393,5,uOR,-1.1354837013616317
201,Olfr1229,0.7637329657224088,7.166438118116385,4,uOR,-2.0910767538040043
202,Olfr123,3.4756927696717064,-6.581643820262167,3.5,uOR,-1.3796623013469518
203,Olfr1230,-4.6664449502017185,-3.373818297805491,4.5,,-2.407003376550369
204,Olfr1231,-2.252522808505942,-3.2950807724244835,2,oOR,-1.122816764214093
205,Olfr1232,3.4092675932343037,0.8178715688809454,3.5,,-0.3560135299496332
206,Olfr1233,-4.8562026012150366,-0.8462311552339138,2,uOR,0.3789655355151775
207,Olfr1234,-4.326527432330462,-2.3778463518565736,2.5,uOR,-1.0567249064470463
208,Olfr1238,-3.0282472735564,0.03217783859355885,3,uOR,-0.4174071134860986
209,Olfr1239,-6.95024984065527,0.24330760328328888,3,oOR,-1.746446619647464
210,Olfr124,5.672259954101051,-7.2218242615214825,4.5,uOR,-4.826295342694108
211,Olfr1240,0.5123361953919061,-4.630407530100783,3,uOR,-0.2457032908840856
212,Olfr1241,-1.9508473171858778,-2.0735804968474043,4,uOR,-0.6872513948421347
213,Olfr1242,-2.49517819010378,-7.833580081750419,4,uOR,-4.420415687756299
214,Olfr1243,-3.426566564713569,-3.1787735646573605,3.5,oOR,-1.9861170122148848
215,Olfr1245,-0.6830112912715108,-2.9023456633163347,,,-0.2889958114555838
216,Olfr1246,-1.4076534705442516,-2.0604206923855775,3,uOR,0.4385800011646829
217,Olfr1247,-0.43831432047592084,-1.4162988709075564,3,,-0.1754761031404252
218,Olfr1248,-2.068343804377174,-1.7728254163853348,3,,-0.449899412175091
219,Olfr1249,-0.6388019609014894,-1.5217005872546998,,,-2.6137910411941947
220,Olfr125,-3.4832322389820867,-5.675582963055761,3,uOR,0.6981999005815668
221,Olfr1250,-1.8830775117464977,-1.7881095877423736,3,oOR,-0.1141091059491778
222,Olfr1251,0.7341866270264585,-2.1868364325381875,3,uOR,-0.8070477591875936
223,Olfr1252,-2.273638971856494,-2.329584479567723,3,uOR,-0.1892907589695493
224,Olfr1253,2.0820401113513762,1.6482947895103,2,uOR,1.0786698425006231
225,Olfr1254,0.37656735055037516,1.434394401518169,4,uOR,-0.5822371724853123
226,Olfr1255,1.448081308739455,3.7954964791190204,2.5,uOR,-1.1966641472702877
227,Olfr1256,-4.562217238511941,-0.9773152956203827,4.5,uOR,-1.5848226120518492
228,Olfr1257,1.485813329360775,-9.134933117428005,4,oOR,-0.4000196401720575
229,Olfr1258,-5.853412329263715,-5.8752782290458825,2.5,uOR,0.5280012621175985
230,Olfr1259,1.187708607461201,4.72165698287206,2,uOR,0.2140488164578327
231,Olfr126,5.830945147964957,-6.571325853195803,4,,0.3182477504219679
232,Olfr1260,-1.5098204246774611,-5.040324593820248,5,uOR,-0.8375662248640025
233,Olfr1261,-2.2131720599773512,-1.374441461227924,4,uOR,-1.416236676262537
234,Olfr1262,-3.8447692113371756,-4.954369580173479,3.5,uOR,0.8308841257532555
235,Olfr1263,-2.2131720599773512,-1.374441461227924,4,uOR,0.0360801293411712
236,Olfr1264,5.641281714616879,0.6467821663474294,4.5,uOR,-1.723184308116239
237,Olfr1265,8.12810857347994,-2.223104943859188,4,,-0.3164050488118746
238,Olfr1269,-2.3333781694585576,-6.579104819689794,2,oOR,0.053957406926137
239,Olfr127,1.092442117880724,-6.773810879114091,4,uOR,-0.6873539954381752
240,Olfr1270,-2.311499541343246,0.3074554205380843,2,uOR,0.570686306253199
241,Olfr1271,-2.2550380066926894,1.1325510437850481,3,,0.9177581698588824
242,Olfr1272,-1.4251095490782912,3.513017607953679,2.5,,2.715314791110587
243,Olfr1274,-2.4408605015488023,-5.718037864864382,,,
244,Olfr1274-ps,-2.4408605015488023,-5.718037864864382,2,,-0.2733876707222648
245,Olfr1275,-6.998778904087686,-1.202696367483926,5,oOR,-3.948422269132656
246,Olfr1276,-0.06280214917317442,-7.838174481770432,5,,0.0058086294930612
247,Olfr1277,-2.527086565074639,-1.907640066474621,5,,-0.6505002506597927
248,Olfr1278,-3.1321306622358924,1.0310311559942915,5,oOR,-1.7496856935475464
249,Olfr1279,4.657604513315799,0.7397269985197191,5,,-2.9554690010211644
250,Olfr128,3.8821358328609814,-3.6408175642341885,4,,0.703938864594111
251,Olfr1280,-4.949919986407373,-3.159267352793802,5,oOR,-1.0200426712145838
252,Olfr1281,-1.8990555322211617,1.5929201415675183,5,oOR,-2.953765306043573
253,Olfr1282,-0.35181960401878676,-0.21984867883817347,4.5,,-2.7026383707448747
254,Olfr1283,-4.949919986407373,-3.159267352793802,4.5,oOR,-1.0662295764568326
255,Olfr1284,4.657604513315799,0.7397269985197191,4.5,,-0.1179591497526401
256,Olfr1285,-8.358502663691699,-1.6457709879103006,,,
257,Olfr1286,-8.358502663691699,-1.6457709879103006,3.5,oOR,-1.6662563826335155
258,Olfr1287,-0.35181960401878665,-0.21984867883817322,,,0.87906147534181
259,Olfr1288,-0.7217060820492623,-3.6210265438227642,3,oOR,-1.798980937177686
260,Olfr1289,-1.0721815278196094,1.0289125017245204,3,oOR,-0.656328608247114
261,Olfr129,-1.403626183165753,6.707041752788683,2,oOR,-1.1726405424935542
262,Olfr1290,2.2398966804032305,-10.504434534242133,3,uOR,1.6885177221170644
263,Olfr1291-ps1,6.754705056747714,-7.386865946721782,,,-0.5601448592562118
264,Olfr1293-ps,-1.0721815278196094,1.0289125017245204,,,-0.7067971334806885
265,Olfr1294,2.565219325144197,-2.4576491298969625,3.5,uOR,0.9366259320219844
266,Olfr1295,-2.709245253030149,-1.0735773484084572,3,oOR,-1.063280149644211
267,Olfr1297,-2.709245253030149,-1.0735773484084572,2.5,oOR,0.7947707203625383
268,Olfr1298,2.36158476204823,2.2988276427294903,3.5,,-0.5850848460703137
269,Olfr1299,-1.6491913433082905,-4.048710893152232,2,oOR,1.7431622232501416
270,Olfr13,-5.669681858554131,2.136855278011258,2,uOR,0.0898066048494561
271,Olfr130,3.2242194824733157,-9.58734575809595,3,uOR,-0.1597450262896777
272,Olfr1301,2.139521397004581,-9.010615536095866,3.5,uOR,1.122576986131691
273,Olfr1302,1.0492443637028195,-8.108438496784984,2,uOR,1.326436533300407
274,Olfr1303,-5.193667751202419,1.9798750048950282,2.5,oOR,-2.341745938727894
275,Olfr1305,-8.008548507323022,0.8908878973038343,3.5,,-2.312151962071366
276,Olfr1306,-7.916692428063032,-3.2343974078792015,4,,-4.665555910144958
277,Olfr1307,-7.188614519823401,-4.190677568525354,4,uOR,-0.1461971880795838
278,Olfr1308,-3.140551513800095,1.2236340615775039,3.5,uOR,-1.761365064427252
279,Olfr1309,-7.188614519823401,-4.190677568525354,4.5,uOR,-3.0356941031681246
280,Olfr131,-0.2717116861344432,0.912230163874931,2,oOR,0.1930952905281429
281,Olfr1310,3.8556224642659545,5.843474229210578,4,,-0.5305064278997579
282,Olfr1311,-4.145258446376582,-3.108056765821368,3.5,uOR,-1.5913786127964369
283,Olfr1312,-9.72440364810657,-0.12353413588633663,4,uOR,-2.0046615964387304
284,Olfr1313,0.7652264839667203,4.620380515924774,3.5,uOR,-0.5209025448920136
285,Olfr1314,-9.202803077856776,-0.23461745389130717,,,0.4418054047294652
286,Olfr1315-ps1,-0.9403299204174281,-4.804525682344706,,,-0.7625853960477899
287,Olfr1316,-0.7056197313627215,-5.266479958041725,4,uOR,-1.8398147653537775
288,Olfr1317,0.8817816105448315,-1.1769387683403414,3.5,,-2.537946469048023
289,Olfr1318,-0.9134869696967219,-2.4346616882804146,3,oOR,-0.1953361756550101
290,Olfr132,4.63163130308409,-5.8272310871641,3,uOR,-0.3154774579432265
291,Olfr1320,4.004700740810731,0.8808047098660391,2.5,uOR,3.5577226948648697
292,Olfr1321,-2.7113326031888043,1.007496950051556,4.5,uOR,-0.0320734616555456
293,Olfr1322,9.069395085959957,2.9512863144424575,4,uOR,-1.138878775724743
294,Olfr1323,3.100270279524772,-10.338842794503204,4,uOR,-0.6962409631447409
295,Olfr1324,-1.3994257789181153,-0.06224820393156395,2.5,uOR,2.0195779766201407
296,Olfr1325,-0.7646700402890714,-0.33102406485938424,2.5,uOR,-2.200395811735165
297,Olfr1326-ps1,5.365057885479034,3.3413365703105544,,,-2.7179484819892408
298,Olfr1328,-0.24014332698749766,-0.04143657255812019,1,oOR,0.7982989657849536
299,Olfr1329,0.41365958769556777,-0.9646032881015496,1,,2.3026942222733258
300,Olfr133,-9.016783228413948,0.8291332075671767,1,uOR,2.152004043543269
301,Olfr1330,-1.7585402037995312,2.7202559400365196,2,uOR,0.0610953175673306
302,Olfr1331,-9.727575259066066,2.8235381470655887,2,uOR,2.3733749451131776
303,Olfr1333,-7.687971043345611,-1.7567464874654308,1.5,,2.354849268256036
304,Olfr1334-ps1,-8.574914476905159,0.6313289362996507,,,
305,Olfr1335,-8.574914476905159,0.6313289362996507,,,0.6985780657021186
306,Olfr1336,0.6815819208572406,-5.624747405225945,4,oOR,-0.6991084553391396
307,Olfr1337,-10.21342629030932,1.1954740857484722,,,5.432620832656137
308,Olfr1338,3.265033321177802,3.102154126077666,,,2.197826409185762
309,Olfr1339,-8.340296003331307,-3.4449129318138207,1,uOR,0.4271533581622845
310,Olfr134,-0.7174666796335026,-9.122650615628913,1,oOR,2.722015557733032
311,Olfr1340,7.154399520420042,-7.8255047656586685,1,uOR,0.7817442470351841
312,Olfr1341,-4.817107708230263,-2.7543489960089884,2,uOR,-0.2048753943777697
313,Olfr1342,6.016022940248271,-3.898515379250345,2.5,uOR,-0.3281463789663933
314,Olfr1344,-0.7234637072181296,3.7739621475722083,2,uOR,-0.81499106732072
315,Olfr1346,5.740434202022685,-5.843724574237643,5,oOR,-1.1783406122825038
316,Olfr1347,3.121389360359956,-9.343725513489863,4,oOR,-2.72987779531132
317,Olfr1348,2.9040290583227835,-9.38217012870427,4,oOR,-2.0040070443249096
318,Olfr1349,2.509598745042309,3.670469683689655,3.5,uOR,-0.9105598973595844
319,Olfr135,-1.736820054083936,-8.754152600097981,2,uOR,3.3559498298269976
320,Olfr1350,2.552404086727421,4.529903095522594,2,uOR,0.7308263789161894
321,Olfr1351,-3.2712489500884896,0.9946541676521845,1.5,,2.5817237947804155
322,Olfr1352,-2.545045904379612,1.12513166843724,2.5,uOR,0.5853554458640683
323,Olfr1353,-5.808599481987011,0.8138314276371438,3,,2.196564213256398
324,Olfr1354,-8.441433979768865,-1.9572433236875388,3,uOR,2.0870170667847847
325,Olfr1355,-3.478643968695752,-0.14325286306384374,3,,4.264905276583533
326,Olfr1356,9.906088554118787,1.7267373911507744,1.5,uOR,0.1735675271296441
327,Olfr1357,-7.0734169256562325,-2.0523693358745816,1,oOR,1.5237793727759428
328,Olfr1358,-1.5270543409719435,7.046060161126126,,,0.272685287464151
329,Olfr1359,4.468094388679625,-5.985098895043355,,oOR,-3.901198830988896
330,Olfr136,-7.255198173789972,4.147015756886015,2,uOR,0.3673291203984444
331,Olfr1360,4.468094388679625,-5.985098895043355,4,,-4.205219717540305
332,Olfr1361,7.479290862543945,-7.404395554633426,1,uOR,0.6495328485046477
333,Olfr1362,7.859258215967253,3.9281511613268365,1,oOR,-1.912975615055286
334,Olfr1364,2.4490326554429958,-5.738837575693384,4,uOR,-2.698440917927284
335,Olfr1365,1.9646958457368828,-4.76596421757834,,,
336,Olfr1366,-9.180465350011264,0.6558390977919263,1,uOR,1.5098883800308742
337,Olfr1367,3.424101046258785,-6.709707255927754,,,0.2464644176435101
338,Olfr1368,2.684328066537579,-1.7544309057657068,4,uOR,-2.7995431516662
339,Olfr1369-ps1,3.592434153426048,-3.006929173663739,,,-1.1492466588413912
340,Olfr137,2.9246338159246874,-9.708136291859901,2,,-1.950784652939716
341,Olfr1370,4.129098379554678,-11.176074050218396,2,oOR,0.8968909873429524
342,Olfr1371,2.3134940313044816,-8.083381153256441,4,,-0.4492511546207922
343,Olfr1373,-1.189954874676167,-3.640029594926212,,,0.2714413520760791
344,Olfr1375,-2.3201145075039404,8.20638970608155,,,0.4462862231045395
345,Olfr1375-ps1,-2.3201145075039404,8.20638970608155,,,
346,Olfr1377,-4.528299362487192,3.4402375888508576,1,,1.4466068741578462
347,Olfr1378,-6.68637897629756,-0.5984711293124482,2,,1.6882813011773978
348,Olfr138,-6.000329254047064,3.6435884703258257,3.5,uOR,0.6279682039695799
349,Olfr1380,1.8857316099873547,-4.068559773251694,3.5,uOR,-0.3533663576333415
350,Olfr1381,-0.026863474480327356,-5.383998994721894,3.5,oOR,-0.3936743915535948
351,Olfr1382,-0.7042641119010123,-6.04314289515936,4,oOR,-0.7019212912082898
352,Olfr1383,7.527813392900429,-1.349689961765572,3.5,,-1.834318637525652
353,Olfr1384,5.641803824742823,1.9473398442294292,4,uOR,1.010013976876177
354,Olfr1385,1.268687253266927,-2.0990526222809542,3,,-0.2574790568404898
355,Olfr1386,6.202142924316406,-7.890780929482481,2.5,oOR,-0.8117877321232888
356,Olfr1387,1.9929994037826408,-3.666682155534031,2.5,oOR,-0.2150260439447641
357,Olfr1388,-1.1243743893395781,-7.870250793251383,2,oOR,-0.1073877254126978
358,Olfr1389,8.310141447209507,-4.315786429572058,1,uOR,-0.7242283154702122
359,Olfr139,8.001861895018537,-10.316525121020248,1,uOR,1.1277052244768797
360,Olfr1390,-9.550627876166448,1.708907420218268,,oOR,-2.176748663020125
361,Olfr1391,2.7250172145482074,-3.1615568830615515,3.5,oOR,-1.8189412078113367
362,Olfr1392,6.065109421802749,-5.702461404004926,3.5,uOR,-1.6114818773152295
363,Olfr1393,4.903215813426146,-10.09714922665529,3.5,uOR,-2.128229144803293
364,Olfr1394,7.687029646829459,-4.576727413616684,2,,1.2268790747502258
365,Olfr1395,-0.9444093450539156,-9.953322966895206,2,oOR,0.5915290322277402
366,Olfr1396,-0.6542477158051384,2.7805957501350758,2.5,oOR,1.059020898674965
367,Olfr140,-4.063247853597846,8.181773532920879,4,,-2.7069166779180924
368,Olfr1402,-0.44776193334879116,-0.0289436761572111,3,,-0.0315263885857953
369,Olfr1404,5.728540971482102,-0.0673904769002251,1,oOR,-0.7553743981220126
370,Olfr1406,-1.8846268145905005,-2.2065280684514033,1,uOR,1.4057487395438288
371,Olfr1408,-0.05614521013641797,-0.8871203730930013,1,uOR,1.779649208954364
372,Olfr141,-1.5466285902109322,4.975685114178112,1,uOR,1.4878677573456331
373,Olfr1410,3.959150721159931,-10.496441171010515,3,uOR,-1.915880763459154
374,Olfr1411,3.959150721159931,-10.496441171010515,3.5,,-1.8997461677419631
375,Olfr1412,8.02326645314789,-9.702711682115986,3.5,uOR,1.0929821200735477
376,Olfr1413,10.709536934318756,-8.783864275393448,3.5,,1.3044367871776472
377,Olfr1414,-4.170046350763465,-6.981152393107,4,uOR,-1.6688013471091372
378,Olfr1415,6.167283777497532,4.784969100751638,4,,-5.020638160177612
379,Olfr1416,6.259266039786013,6.111707324947447,4,oOR,-0.8041266880259632
380,Olfr1417,0.51396852120427,10.724645073421177,4,uOR,-1.2978294021042531
381,Olfr1418,1.189386893046588,11.209807889943011,3.5,,-0.4844866960875664
382,Olfr1419,7.475810286859535,-3.4219786908532286,3.5,uOR,0.1419770100750917
383,Olfr142,-2.0294799590640897,2.844005691365809,2,uOR,2.0806397120130806
384,Olfr1420,-0.29647791595066014,6.1160093202838,3.5,,-0.5080972126195833
385,Olfr1423,3.0797476406070183,-2.800396525441949,3.5,,-0.5106552977347618
386,Olfr1424,1.5649401800043858,4.833904978766611,3.5,uOR,-0.4367844122631807
387,Olfr1425,0.9881770794593251,1.6783528646787258,3.5,oOR,-0.7942549275174005
388,Olfr1426,-4.414877082726094,-0.8245020598179175,3.5,uOR,-0.5780907594328467
389,Olfr1427,3.0797476406070183,-2.800396525441949,3.5,uOR,-2.2283122906688204
390,Olfr1428,-0.6258103125425206,2.8620528278086512,3,uOR,-0.2794597327663093
391,Olfr143,-7.037036664765288,2.1100618735645122,1,oOR,0.4965666597447126
392,Olfr1431,4.617118809228928,1.8609225155914602,2.5,uOR,0.9729130391439672
393,Olfr1432,5.632550386341647,-4.45944104172753,,,4.157590902450321
394,Olfr1433,-1.9875849162652186,3.403018028647386,,,
395,Olfr1434,-1.9875849162652186,3.403018028647386,,,2.395475142593189
396,Olfr1436,8.174258650907614,9.636249225911651,2,,2.349024493343597
397,Olfr1437,2.8304026233701345,5.18896664528846,2,uOR,2.517468188822856
398,Olfr1438-ps1,7.189603954490475,-4.889113602451426,,,0.4868593085286791
399,Olfr144,5.353589415716468,8.594237017184227,,uOR,
400,Olfr1440,1.031445683930735,3.8357532164527455,2.5,uOR,0.7308270719648289
401,Olfr1441,-0.3933281270219595,-0.6650553470817463,,,0.0690098078975991
402,Olfr1442,9.164915356576346,4.3858957767051105,4,oOR,0.0957450973275777
403,Olfr1443,11.441906732475363,4.6305517607509135,4.5,uOR,-2.4877539886004274
404,Olfr1444,5.480942538775122,10.288311821514107,1,uOR,2.6227477425442047
405,Olfr1445,0.8440203706830992,4.112186569058429,1,,4.679297623807401
406,Olfr1446,9.765461601935172,4.181776579473099,2,uOR,3.313675406998289
407,Olfr1447,-1.3301014551092576,8.358931803806383,2,uOR,4.195658633336416
408,Olfr1448,9.991103894663832,4.354553327249074,1,oOR,0.7287344675012984
409,Olfr1449,6.938522546368014,8.072007519250937,1,,3.687161950591564
410,Olfr145,-5.342046704043907,2.216773185126439,1,oOR,1.322569611169777
411,Olfr1450,-3.623777513684278,3.080838869629963,2,,4.691071645351411
412,Olfr1451,-2.3936963565188267,4.025921679164562,1.5,uOR,5.720695340314328
413,Olfr1453,8.899439660510826,10.572028039248915,,,2.0432890117647
414,Olfr1454,13.21412834187046,-3.757283530495151,2.5,uOR,2.463984350728885
415,Olfr1457,2.193790061877844,9.008160570334645,2.5,,4.496579807394775
416,Olfr1458,3.9264134922369816,5.303209147187383,,,0.8500501036251381
417,Olfr1459,-2.6159409595247074,8.197889533716005,2,,1.4976085607183836
418,Olfr146,-0.1277698932543755,10.032283030178528,1,uOR,4.890978719204516
419,Olfr1461,7.432845353954798,-7.560441317541028,2.5,uOR,1.913755929777552
420,Olfr1462,10.385573542832452,-2.1435072460174,,,3.719599365119205
421,Olfr1463,13.383214135865256,2.0087325184500044,3,uOR,1.956571740679548
422,Olfr1465,8.899439660510826,10.572028039248915,,,4.573026348450631
423,Olfr1466,9.345731193961603,-1.7960967451284482,2,oOR,3.4593844137787126
424,Olfr1467,-1.2680692975800727,9.634790295000258,1,uOR,1.6132876898115045
425,Olfr1469,-4.187901973856518,0.734195698502586,2,,1.8987781792559757
426,Olfr147,2.8473265477688465,-11.163019410361091,1,uOR,1.9821904901233345
427,Olfr1471,12.925682487562453,1.2950227429129582,,uOR,1.5561758752155992
428,Olfr1472,12.17583434192614,-6.8065419902577595,2,uOR,4.212182618109837
429,Olfr1474,2.036582461246493,0.8348432472558598,2,,2.636879771061339
430,Olfr1475,3.244129158589923,5.057802086947234,,oOR,2.3597260648137173
431,Olfr1477,12.17583434192614,-6.8065419902577595,3,uOR,3.446466438389024
432,Olfr148,-2.7753893207930154,-6.585644037767544,1,uOR,0.0118511288258056
433,Olfr1480,-1.5018624638358233,0.3327058240980399,3.5,,-0.264618111966077
434,Olfr1484,-4.604898320435181,-0.27207601471755327,3,uOR,0.4599675067099739
435,Olfr1487,-2.9463454291197584,-1.7441841033063412,2,uOR,0.8858877519540505
436,Olfr1489,12.084922127099453,-0.16407925454488936,3,,0.9054013915108472
437,Olfr149,-4.341204392848805,-6.571905458536078,1,uOR,0.0813011237450883
438,Olfr1490,-3.744041338029451,4.377495254080557,2.5,uOR,0.8319414956095533
439,Olfr1491,-0.4420944976775584,0.114958903775851,2.5,uOR,0.7910670202037612
440,Olfr1493-ps1,-2.729410423522483,4.7985468041441255,,,-0.3665103840156113
441,Olfr1494,-0.4420944976775584,0.114958903775851,3,uOR,-4.091216744683051
442,Olfr1495,3.0861697989175956,6.099480918273691,1,uOR,3.200011175191268
443,Olfr1496,-3.140702305688471,2.0228672954528943,1,,1.8702193849269149
444,Olfr1497,5.2283630780309664,5.249578685071095,1,uOR,0.0855442710063197
445,Olfr1499,6.419637193773461,0.6521156197150556,1,,0.2060710566682207
446,Olfr15,1.0702644694892967,0.22794577045138356,3,oOR,-1.846427106721781
447,Olfr150,-11.643723955589275,-0.6131353618376513,1,uOR,1.8909399632871355
448,Olfr1500,1.838293251310839,-3.9448139636309656,1,uOR,0.2987093360233653
449,Olfr1501,6.113830627626973,3.2441098224496026,2,,0.5609514650335972
450,Olfr1502,6.617434542627536,1.713041812431095,,,2.311146538129196
451,Olfr1504,8.843686095040828,6.989848583857316,2.5,,-0.2874897691887945
452,Olfr1505,5.864315605053558,4.232542966992461,1.5,oOR,0.7434150577744495
453,Olfr1506,-2.150983310229717,-4.972475730153202,2,,-1.019197550304228
454,Olfr1507,-0.8113110910488848,-0.7304859455872786,5,oOR,0.6482658280223568
455,Olfr1508,1.7753221632492728,-6.822595934129092,5,oOR,-1.7730302077305835
456,Olfr1509,-5.28421999092394,-2.8406590912108896,5,oOR,-2.409260312333488
457,Olfr151,-7.819849625573538,4.691186075424673,1,,1.421446640278314
458,Olfr1510,0.6330741479066498,-4.576663015211444,1,uOR,0.972436851571246
459,Olfr1511,2.0399526422522003,-6.021550152558073,1,uOR,0.1943167724986939
460,Olfr1512,4.322596918939888,-0.9886014640957392,1,,0.7224913337905785
461,Olfr1513,5.225271050501875,-4.11698365521498,1,uOR,1.157811449462863
462,Olfr1514,6.454019381015086,-5.489968427678052,,,
463,Olfr152,5.1339452863246,3.198570072178206,1,oOR,-0.050226507413267
464,Olfr153,-8.779378716063817,-2.774090206001971,1,,3.4325467503781493
465,Olfr1532,3.3614558366120293,-8.51954235222646,,,
466,Olfr1532-ps1,3.3614558366120293,-8.51954235222646,2.5,,-0.5876164075233393
467,Olfr1534-ps1,14.980679965951431,2.449232259686604,,,
468,Olfr1535,1.9646958457368828,-4.76596421757834,3.5,oOR,-0.846391328952288
469,Olfr1537,5.353589415716468,8.594237017184227,,,5.194143560034799
470,Olfr154,1.4923650193625357,13.120241978757239,1.5,,3.0678331150318616
471,Olfr155,2.1344878533104206,2.4606884327707976,,uOR,1.33323973958566
472,Olfr1555-ps1,-2.517227013357996,-0.5315003497907517,,,3.667757942784673
473,Olfr156,4.600790945247552,2.8697896228403854,,uOR,-0.2301079546343802
474,Olfr1564,4.775664963078858,-1.633994780021939,,,-1.5406747154179203
475,Olfr1565,-2.150983310229717,-4.972475730153202,,,
476,Olfr157,4.600790945247552,2.8697896228403854,,oOR,0.9021410768424536
477,Olfr159,2.9650486706225445,2.58857994015496,,,3.131975375701074
478,Olfr16,3.426936508587273,-2.508343736746473,1,oOR,0.7399483137514568
479,Olfr160,-6.952774074941447,-4.620640863521108,,,2.0868755989549053
480,Olfr161,8.461979365635088,4.554429750953278,1.5,oOR,1.3530947800926558
481,Olfr164,7.969680884572407,-4.371695816002841,2,,2.07542327685749
482,Olfr165,-1.3253348015086077,6.431301376359826,2.5,,0.2293464766010915
483,Olfr166,-2.403876419921691,1.8289890043448211,4,oOR,-1.925606030941362
484,Olfr167,-0.6238303464504269,0.4167054133775138,4,uOR,-2.494778969325986
485,Olfr168,-3.697798052928877,0.07230312274047694,4,oOR,-0.6791434475321659
486,Olfr169,0.5212338673757035,0.48448146820215116,4,oOR,-1.015695451825606
487,Olfr17,-3.113283455489217,-6.655867029667211,2,uOR,-0.0419048548144811
488,Olfr170,2.663261810690263,-0.3403423846946829,4,uOR,-0.9517671770024128
489,Olfr171,0.5212338673757035,0.48448146820215116,4,,-0.8258692398343321
490,Olfr172,9.0069601048976,2.629736953900489,3,oOR,1.985112915026747
491,Olfr173,9.819088964040409,0.4268694144686672,2.5,oOR,1.3033661518081008
492,Olfr175,0.36641197873325954,4.71741828358318,,,
493,Olfr175-ps1,0.36641197873325954,4.71741828358318,3,,1.937746350470919
494,Olfr177,5.11062368209996,3.090400136228199,,uOR,1.3032469706183631
495,Olfr178,3.050808586906934,6.568499370079428,2,uOR,4.315372283934011
496,Olfr179,-4.8798141557453025,-1.3339834908610886,1.5,,
497,Olfr18,-7.930876415273919,4.355878826129357,2,uOR,1.588821875983087
498,Olfr180,1.1407578289136013,-1.2437375774555877,3,,2.574026840354215
499,Olfr181,-0.3194224193917079,-4.129015423134966,3.5,uOR,1.5407921664104909
500,Olfr183,-6.005056425302399,-5.632897986748362,5,uOR,0.0515836864966372
501,Olfr186,-6.392891817087588,0.9589980776120545,3,,0.7595125456620901
502,Olfr187,-7.139143543899531,-4.40525025811602,3,,1.0721440697970086
503,Olfr19,-2.633240808009947,2.0933040889232393,1,uOR,2.403855298634298
504,Olfr190,-7.730448678117608,1.9794568634532574,4.5,uOR,-1.098890464603308
505,Olfr191,-0.8983272540349383,-2.94821933818525,4,oOR,-0.039053121161012
506,Olfr193,-2.559124492360651,-4.232788213141669,4,,-0.4963016126238499
507,Olfr194,6.694217763901911,-8.54883129321117,2.5,oOR,1.4154963178940738
508,Olfr195,3.963322469204499,-3.1343618137733387,4.5,uOR,0.932559477702646
509,Olfr196,-1.6764606551917096,2.4484024896503453,2.5,,1.8288924304684424
510,Olfr198,-5.399783458074343,5.117011235168421,2,uOR,1.0130829949793951
511,Olfr199,5.446607999939457,-9.078114646577593,,uOR,2.334676699651836
512,Olfr2,-3.7037108239438132,-8.10187802316066,4,uOR,-3.354411913026379
513,Olfr20,-2.9306397790462095,5.746037203265952,1,oOR,2.319710351467952
514,Olfr201,8.410524215250142,-3.252097126404303,,,-0.146329567831731
515,Olfr202,-9.3319007089807,2.0843217358826376,2,,3.4174499113383567
516,Olfr203,-1.5559613827738712,5.368376293528819,2.5,oOR,1.5556168556307886
517,Olfr204,7.384263100523817,9.704976958220193,2,oOR,0.5403491680506094
518,Olfr205,10.567152579839822,-5.73051278997687,2.5,oOR,1.6173186114236144
519,Olfr206,-5.007937770817089,-6.544291867474081,2.5,uOR,1.5942408892475328
520,Olfr209,8.112257013853279,0.37309715858836645,2.5,oOR,1.023668612742686
521,Olfr211,4.249543737784349,10.377827223225754,3.5,uOR,-0.8173843632069657
522,Olfr212,-6.2514175459961425,-0.5398154661168749,3.5,uOR,-1.4614566445572437
523,Olfr213,-5.100033500472188,-0.74604887417318,4,,-0.3707808225990819
524,Olfr214,-6.833572335585664,1.2207460585583527,3,oOR,0.0152919581688911
525,Olfr215,-2.640187404954062,5.116839804917603,2.5,uOR,-0.0388673515591871
526,Olfr218,9.94194948542647,-3.7407405418742075,1,oOR,0.1707962040174179
527,Olfr220,-10.79912935563864,0.6825325523260161,3,oOR,-1.1622292439907498
528,Olfr221,6.454019381015086,-5.489968427678052,1.5,uOR,1.252884109142644
529,Olfr222,6.627377000653943,-10.386400107514408,2,uOR,-1.3532730852687282
530,Olfr223,0.5243387560899777,-3.349389192279416,1,,3.764563004977438
531,Olfr224,-3.5302761308337787,-8.420243260633466,4.5,uOR,0.0291509638306501
532,Olfr225,-0.5779644011861794,3.3000077209500844,5,,2.3433617163618385
533,Olfr228,-9.941509266519983,-0.22776244011583005,1,uOR,2.212031342842021
534,Olfr229,-11.52392738265252,0.9665477959771783,1,oOR,0.5842908787642463
535,Olfr23,-11.478188099600079,2.986336900055601,1,uOR,2.478646947116743
536,Olfr231,4.030522189509542,-2.7278955459038454,1,uOR,4.126500857886553
537,Olfr234,-3.800728248475221,-0.6598780330424087,,,
538,Olfr235,0.5214633498082689,3.2712717304342203,2.5,uOR,1.9800356653861448
539,Olfr237,-7.61034510623975,3.9164993149433815,,,
540,Olfr237-ps1,-7.61034510623975,3.9164993149433815,1,,1.5837899454946311
541,Olfr239,-0.7154150584918759,0.040619699496743086,2.5,uOR,-0.4244478075903616
542,Olfr24,-9.039674183215602,2.935478794182387,1.5,oOR,0.0286249362782436
543,Olfr243,-9.224619702813357,-0.12272908943826548,fishOR,,-1.0166588687849498
544,Olfr247,1.250983683757964,-9.071724361056573,1,uOR,6.01586741396119
545,Olfr248,1.210160483258487,-5.05631001782594,,,0.538009877269792
546,Olfr25,-4.037169682618071,7.510441993980317,2.5,,-1.0980511801464956
547,Olfr250,4.097808796323705,-4.629043881658655,1,uOR,2.681903737481836
548,Olfr251,-3.2129576145386283,7.766254023948671,2.5,oOR,1.4951173436142886
549,Olfr259,10.186722970073992,-5.085656635928612,2.5,uOR,-0.0507893566960474
550,Olfr26,-6.075138319121303,2.799204393982592,,,0.8447990765374522
551,Olfr262,-1.6325962238081644,5.554388678093965,,,1.74750771894793
552,Olfr263,2.533495927712757,-3.1237740014852204,5,uOR,-4.536058518917314
553,Olfr263-ps1,2.533495927712757,-3.1237740014852204,,,
554,Olfr266,-2.98386485826089,2.233887454675443,3,,1.426084123799252
555,Olfr267,7.101534731500286,-8.176469628077179,,uOR,1.3427056156251502
556,Olfr27,-7.60667122101895,5.113545234055057,,,0.9624263838179342
557,Olfr270,8.249302695814997,-2.75509839276428,,uOR,-0.8349529440603002
558,Olfr272,3.1344498924031403,3.3778333387668615,,uOR,0.8081123225180219
559,Olfr273,1.380758635816682,2.082220147873711,,uOR,1.7359929230383484
560,Olfr275,9.753147854607874,-7.185544256109698,,uOR,0.6811839026736901
561,Olfr279,-3.800728248475221,-0.6598780330424087,4,uOR,-0.6180038142496942
562,Olfr281,6.010980866863744,-9.571378992420165,4.5,uOR,-0.5085390362433728
563,Olfr282,9.26955418808267,0.5160108797571543,3,,4.3155161210281525
564,Olfr283,3.919893036540952,-9.79557037523578,,uOR,1.184647074860993
565,Olfr284,2.8391120996836254,6.64105041726985,2,uOR,0.8829681044169498
566,Olfr285,-3.880818825622795,-5.011210261397502,4,uOR,0.0962782764548372
567,Olfr286,-5.17848337293017,2.782170974798482,5,oOR,-1.1605939014844162
568,Olfr287,-4.8868259391168465,4.73941609510927,5,,-3.020729676549004
569,Olfr292,-3.9498822230604853,-7.311449711124586,3.5,,4.476113783978378
570,Olfr293,-2.72101065150763,-3.8319128908088875,3,,2.653076630035056
571,Olfr294,0.1938820529386589,-0.18054319811893807,,,1.4265493984427942
572,Olfr295,-4.9424971049272175,-6.751804047335284,3,,2.375314087635566
573,Olfr297,-4.9424971049272175,-6.751804047335284,3,uOR,3.0029260122074475
574,Olfr298,-0.15174448024899692,0.3083441123252634,,uOR,3.107472334178903
575,Olfr299,-5.153112892212593,-3.87240386891311,,,3.122661388438229
576,Olfr3,-9.597990973642352,0.29946747904539367,1.5,uOR,1.5803406194305136
577,Olfr30,2.715654678868917,-7.096633272870458,1,uOR,-0.7448520684200214
578,Olfr301,-1.5318522156472036,-9.067278441986014,2.5,uOR,6.146077948565584
579,Olfr303,-5.785408854992483,-2.099675714551458,2.5,uOR,-0.6931588539280344
580,Olfr304,-1.8254365632731957,0.008315576338606278,,,1.7086736760493648
581,Olfr305,-1.1872090664682022,-0.14458522465275186,3,uOR,2.119503000390965
582,Olfr307,1.8015456074123481,0.038336539232369175,2.5,uOR,3.0170254019939
583,Olfr308,2.5737288815191692,-3.7120956332550192,2.5,uOR,-1.637372892232697
584,Olfr309,6.563606263564169,-6.581754948363934,2,uOR,-0.419422191334057
585,Olfr31,-2.7190813267341634,0.48732281419857254,4,,-0.4627342978785297
586,Olfr310,10.244662296844325,-1.7843484198497586,,oOR,3.5177257024122297
587,Olfr311,-0.6873318823348787,9.874764299559319,1.5,uOR,1.790851549853721
588,Olfr312,8.352872111751237,-2.0885279282282685,2.5,uOR,1.7339817734780685
589,Olfr313,0.01234144643545451,11.039647481915758,1.5,uOR,1.0997815445897512
590,Olfr314,4.43012546856169,9.375873068754512,4,uOR,-0.6234826968599803
591,Olfr315,7.159613585104813,9.132873850962273,4.5,,-3.753735299187616
592,Olfr316,7.718863866553585,-0.8059388012423245,2,uOR,2.8269421767523464
593,Olfr317,-4.8798141557453025,-1.3339834908610886,1,uOR,-1.012818434061686
594,Olfr318,5.079257415002464,-8.13186258875369,3.5,uOR,-0.3897320108192318
595,Olfr319,7.499640317515415,0.3777377311880678,2.5,uOR,0.1067985908834907
596,Olfr32,-2.7537780091045763,1.0699673344888723,2,uOR,1.5016289229681554
597,Olfr320,5.043373046917183,-0.9647264199869269,2.5,,-1.7817025220373122
598,Olfr322,2.3071838952050445,-0.6556781828870203,,,-0.8618533036953281
599,Olfr323,7.869015241552518,5.944325183575411,5,,-1.0231484073551116
600,Olfr324,-0.6703083156336982,-1.607279949680557,,uOR,1.2409739112767249
601,Olfr325,-3.2806840055355626,-8.75803134981367,4.5,uOR,-0.3408116028030027
602,Olfr328,-2.0024223649571984,-7.534382194996165,4.5,uOR,0.1085873921070795
603,Olfr329,-4.766355416039903,-7.49817687875952,,,
604,Olfr329-ps,-4.766355416039903,-7.49817687875952,5,,-0.2770648872476513
605,Olfr33,2.5877487535437798,6.543165097270729,fishOR,oOR,-2.0822497895013314
606,Olfr330,-2.011628088742329,-9.234220597689134,4,uOR,-0.441433859089114
607,Olfr331,-0.5781772670926345,-4.153705783162535,4.5,,-1.5571285393486614
608,Olfr332,10.99880632569135,2.7165330832546637,2,uOR,0.7885298917069106
609,Olfr335,-8.136060808631974,-0.5315498152228962,,,
610,Olfr335-ps,-8.136060808631974,-0.5315498152228962,,,-0.4498994121750911
611,Olfr338,-6.603235553939987,-0.3261027654632738,1,uOR,0.17618500320971
612,Olfr339,-5.98058712641072,3.7778316304523143,1.5,oOR,0.9579440852118282
613,Olfr340,5.624338737724568,9.363413085243947,,oOR,3.607241645098283
614,Olfr341,-5.18775805290358,-0.5185591377139028,1.5,uOR,2.2405192307789945
615,Olfr342,-7.015097367167859,-1.9145921668874941,3,,1.3196038912282466
616,Olfr344,0.20151821150334048,7.494583450726608,,,0.852914193190508
617,Olfr345,-2.060510120964614,7.2083100114327205,,,2.5023666491985126
618,Olfr346,-7.0772510932487025,2.3260245373285793,4,uOR,-0.2284481138304225
619,Olfr347,6.21928928732425,10.11662286946068,3,uOR,3.893791355247957
620,Olfr348,-8.457948257324981,2.418633219650051,1,uOR,3.4670042151753004
621,Olfr350,0.5894552507142518,0.8333939986472804,2,uOR,2.5199650171772
622,Olfr351,-1.3715087573247902,-0.15303708601414137,1,oOR,0.08743620576185
623,Olfr352,-8.160193848848216,3.3002907633086553,1,,4.162384812654254
624,Olfr353,-3.461669762547386,1.5231254124168687,2,oOR,0.3136088629726198
625,Olfr354,8.10088283897804,-5.857299734670165,2,uOR,0.1404396784700945
626,Olfr355,6.791474651791329,2.9197679183916745,1,,1.140755249480369
627,Olfr356,-1.0147005589712208,0.3709740450026896,1.5,,2.644683279799376
628,Olfr357,-5.600485168614392,-1.0348334631968041,3.5,uOR,0.6323309942196542
629,Olfr358,5.766624654288281,6.992732790650619,1.5,uOR,-0.3735431205219708
630,Olfr360,9.595641945299583,-1.0252121337052413,2,uOR,-0.3618136814212735
631,Olfr361,10.857996752330944,2.555480879557509,3.5,,-0.2892155870564828
632,Olfr362,-2.694966530483957,-4.494678786386079,3,,0.1549198917212721
633,Olfr364-ps1,10.387608234610044,-6.838674294900156,,,0.039779117571146
634,Olfr365,-2.043728242155107,-0.2817650502121688,1.5,oOR,-0.3382319110906615
635,Olfr366,-2.470810781115057,-0.2052960295015393,2,oOR,-0.6724942258415753
636,Olfr368,3.9062925972100255,-7.452772007748102,1,oOR,1.3486134736239848
637,Olfr370,3.6917567190541525,9.326547132220547,3.5,oOR,-2.5333496948934804
638,Olfr371,-0.8539357381529586,5.612594205204381,1.5,,2.6353477513986983
639,Olfr372,3.569734708849553,-2.7092798963735056,1,uOR,-0.1091831353929079
640,Olfr373,5.4993780247427315,-4.266426714249387,1.5,uOR,-0.4115345247881731
641,Olfr374,-6.006539416397447,-4.10065417211526,3,,-0.3137880810047009
642,Olfr376,-5.528041776673459,5.3383405019840575,1,uOR,1.8087172366147912
643,Olfr378,-6.194748713110276,2.4512039867706643,3,,2.450686847002283
644,Olfr38,-3.6517413524179343,-0.2920070552593919,1.5,uOR,-1.6000744512243723
645,Olfr380,-2.700527277135628,7.2610315679131165,2.5,,1.08721271866043
646,Olfr381,-1.6501148525352032,0.7406004851898589,2.5,,2.411083980123278
647,Olfr382,-1.6501148525352032,0.7406004851898589,2.5,,1.1567664050940023
648,Olfr384,-11.478188099600079,2.986336900055601,,,6.260030571473801
649,Olfr385,3.8778853021502955,10.387918600943252,,,2.680296837437306
650,Olfr386,-11.478188099600079,2.986336900055601,,,
651,Olfr389,7.532372589721164,9.511845440574945,3.5,uOR,3.253023353622632
652,Olfr39,-2.009273376296273,2.790157764617275,2,uOR,2.130955219964876
653,Olfr390,0.47463762506429846,2.0675571414016787,3.5,uOR,0.7795191643449633
654,Olfr391,4.387128062992772,10.779297157821029,,,
655,Olfr391-ps,4.387128062992772,10.779297157821029,3.5,,4.163697142551701
656,Olfr392,0.053289278821118724,8.6443131463854,3,uOR,1.641213592225209
657,Olfr393,-1.315157379737307,6.905027610059692,2.5,,0.5205978658181363
658,Olfr394,-4.871724164554224,4.391009352574013,2,uOR,1.7889898612339454
659,Olfr395,3.2449207928756967,12.89888935298326,,,2.262963753984331
660,Olfr397,-3.297137614817993,6.160486044117971,2.5,uOR,-0.5350008302413449
661,Olfr398,-3.5679674421423173,-5.678813469891151,3.5,oOR,-0.3357067085318875
662,Olfr399,10.991163686913051,-4.793287674572402,1,uOR,0.5396194327411018
663,Olfr4,-4.063247853597846,8.181773532920879,,,
664,Olfr4-3,1.4923650193625357,13.120241978757239,,,
665,Olfr401,6.420809822567336,6.397033024533449,1,,3.2244436440787827
666,Olfr402,3.293660919474336,10.806508656341052,1,,0.5155485756088117
667,Olfr403,-3.3828364063500533,-0.45912399644585355,2.5,oOR,-0.4426413478714747
668,Olfr406,-1.0895643138956772,0.10146535773932788,,,-0.6035575754186728
669,Olfr406-ps,-1.0895643138956772,0.10146535773932788,,,
670,Olfr410,7.477731656724177,11.565336800892942,1,uOR,1.171738808550323
671,Olfr411,7.477731656724177,11.565336800892942,1,uOR,1.247139530629053
672,Olfr412,-3.250574375827471,1.0122898430776262,1,,-1.2021788627288528
673,Olfr414,2.8818508192951784,11.862935735414478,3.5,oOR,-1.861529641880204
674,Olfr417,-8.088487392196152,1.3654542865889694,3,uOR,0.0783227918160159
675,Olfr418,8.622732767766271,-0.19659802695221656,,,-0.3685558240584291
676,Olfr419,6.6109654316574735,0.49694295875977773,1,uOR,0.767078422686019
677,Olfr42,2.533495927712757,-3.1237740014852204,,,
678,Olfr420,5.86352209578306,-7.49029701538279,1,,1.1584015492723894
679,Olfr424,8.693106801982509,-3.068374343138779,1,uOR,3.661983459044771
680,Olfr427,-3.2610285609146827,-5.440102417931518,,,1.7153074689889545
681,Olfr429,9.503669973690302,3.716888198922783,2,,0.0831974518130294
682,Olfr43,-3.3828364063500533,-0.45912399644585355,3,oOR,-0.855468421460607
683,Olfr430,11.242296864588338,0.018030431557882462,1,uOR,-0.3409021975666633
684,Olfr432,-3.042561279219266,-3.030856042155115,1,oOR,0.6153789485593801
685,Olfr433,-4.223768577792198,-2.9500367511515755,1,uOR,0.9549012056008562
686,Olfr434,-5.906301169386637,2.0646407370155444,2,uOR,0.8765109172863883
687,Olfr435,-5.909482241099178,1.5488957394694192,1.5,uOR,2.7526983476123656
688,Olfr437,8.916758001369974,-2.3461690132743294,1,uOR,1.1795149422070106
689,Olfr44,-10.310438709010741,0.8785921330584915,1.5,uOR,2.3450549736206843
690,Olfr441,-7.493033602004957,3.3802922354800544,1.5,,-0.7619305298107596
691,Olfr444,-8.550921852361787,4.09846220261299,1,,0.5110311353621031
692,Olfr446,-8.03319625439508,1.5761552979554354,1,,0.3003669292333152
693,Olfr447,-7.393816210055449,1.1632745413100136,1.5,oOR,-0.8722399930183017
694,Olfr448,-4.181883734672556,1.3254842203186685,1,uOR,1.0778473754781273
695,Olfr449,-10.134780210773473,-0.9263222262557131,2.5,oOR,-0.8723806813427123
696,Olfr45,-2.067945096476388,4.027277486077783,3.5,uOR,0.0948590549960665
697,Olfr450,4.906133684556914,-6.962893340412285,,uOR,1.1156796892600287
698,Olfr452,2.7583989485314806,-8.613147610723276,2,uOR,-1.6407400487817017
699,Olfr453,-3.6517413524179343,-0.2920070552593919,2,uOR,-1.169911850937998
700,Olfr455,-1.01045124072387,-2.7927927865993896,4,uOR,-3.531271895498022
701,Olfr456,-5.628517407751505,1.0103930290989895,,,1.0466167614169712
702,Olfr457,-5.751677441705608,2.976390998370296,,uOR,1.4785144169808435
703,Olfr458,-4.654792191240485,-0.6626895261576712,,,0.4374264186793521
704,Olfr459,-8.905392524774987,0.503278392599741,,uOR,2.583151138933887
705,Olfr46,5.275351389069583,6.5057029533709665,3,uOR,-0.2375870435503086
706,Olfr460,-10.199252569359505,1.0665658985136026,,uOR,2.6773643638457534
707,Olfr461,-3.2733706736504202,-2.4509265004857315,,uOR,1.2206439199111272
708,Olfr462,-1.7706557379305368,1.1257724583497648,2,uOR,-0.6884421593988315
709,Olfr463,-4.738602316255168,-1.7921226634465823,2,uOR,-0.4748026428502848
710,Olfr464,-2.96074093907758,1.2642497838208842,2,uOR,-0.1969349461784285
711,Olfr465-ps1,5.940840150845631,4.524893676662549,,,2.793796409805155
712,Olfr466,13.042473125347493,2.5916351218505294,3,uOR,0.321395275973631
713,Olfr467,5.312396422026266,3.542972579614127,1,uOR,2.9774380544455483
714,Olfr469,3.225636663295831,6.1969591055855755,3,uOR,-1.476065520605924
715,Olfr47,-5.669681858554131,2.136855278011258,2,uOR,-0.2816793374580124
716,Olfr470,6.0690092818566015,-1.356375394926067,3,,0.5099983231479293
717,Olfr472,0.8822477183748927,-5.6605564451723955,3,,0.163442067035639
718,Olfr473,-0.8033910413354919,-7.932601624160128,2,uOR,2.1833693646877466
719,Olfr474,-2.776675312535335,0.5624526305208983,5,,0.3090657761745567
720,Olfr476,9.648055291204479,-3.9668687118581976,3.5,uOR,-1.3302331338779354
721,Olfr477,11.234244307826554,-4.211260288955847,3,,-0.6182216351363035
722,Olfr478,2.8746338025884177,12.500555933884314,1,uOR,2.5443544116626686
723,Olfr479,2.463971611717333,8.767569211968103,2,oOR,-1.6962784459993043
724,Olfr48,3.550882678399732,0.5065686245483398,4.5,uOR,0.790523602156567
725,Olfr480,1.7859232663555926,-9.421361703159008,1,,1.852589621658371
726,Olfr481,2.0230314883638885,-9.941233783115944,1,uOR,0.1219841205010348
727,Olfr482,7.079340914698483,3.440069673152938,1,uOR,4.9633007731083945
728,Olfr483,10.529681120079147,0.08801386538480145,1,uOR,4.001923858905659
729,Olfr484,8.190317631924446,4.187054259732275,2,uOR,1.579346733597565
730,Olfr485,5.622272633050172,7.184363997577419,,,2.878739938995435
731,Olfr486,7.366474433453101,4.896754017511226,1.5,,4.104171297980491
732,Olfr487,5.0835753089781015,12.575684466234218,1.5,uOR,3.909911033955152
733,Olfr488,10.618486714791766,2.556812307428871,1,uOR,3.16018703385653
734,Olfr49,-7.089091488992103,-2.1563627142682704,,,0.2798368702591382
735,Olfr490,4.083708761620471,2.9874116531395036,1,,2.8312424269076057
736,Olfr491,8.595694833974653,-5.238422065954025,3,uOR,0.5686131857859682
737,Olfr492,4.567592846542546,4.233181115210456,,,5.318634857464701
738,Olfr493,7.300940350978817,3.186257562273858,,,1.849970321592092
739,Olfr494,4.192246419578137,1.8880718468245155,1.5,,2.8846205807654304
740,Olfr495,3.8977153734977823,5.268352151143853,2,,3.8944638743714863
741,Olfr497,7.3243062568927835,4.19134023917004,,uOR,1.6512252896639033
742,Olfr498,5.671273624759023,1.3730247973918481,2.5,,3.778343508266476
743,Olfr5,1.272851983277428,-3.9226591193518807,4,,-4.025143869085004
744,Olfr50,-6.482033454186795,5.958437355656739,1,uOR,5.684777301476517
745,Olfr502,3.5562042376739282,8.516850971518588,2,uOR,2.058692894778844
746,Olfr503,2.3646067840175387,-1.9903240066080372,,,1.090337979371417
747,Olfr504,-4.301666891251787,-0.33126208221036335,,,
748,Olfr506,5.78240313743869,8.684432720154982,1,uOR,2.0489099604864185
749,Olfr507,1.452839108133163,5.2543829875510095,,,2.4944205948818863
750,Olfr508,4.8838416144992545,-3.904581791469397,1,uOR,1.0652530086490113
751,Olfr509,7.354105692838535,5.228100455349957,1.5,,-0.2103466689941505
752,Olfr51,-0.7500539546466916,2.625861809555112,1,uOR,0.0060331904741105
753,Olfr510,6.476093798486124,-3.7968822960464776,1,uOR,0.975476644460751
754,Olfr512,-6.927563756324857,-3.099217530598773,2,,3.283307090205806
755,Olfr513,-10.576071975290942,0.21809823912696638,4.5,,3.424377343008135
756,Olfr514,-8.859959132814598,-1.2255812393468537,,,0.4659485377852829
757,Olfr516,-5.10443754779931,-2.7862543038724374,1,uOR,0.2639336191640966
758,Olfr517,12.058213122255651,-1.588235086020559,1,uOR,-2.3448776397400097
759,Olfr518,-4.720360997295054,-1.1305405213478634,1,uOR,0.139578202886302
760,Olfr519,-7.9851229838640165,-3.232274126129577,1,oOR,0.3176986971007854
761,Olfr52,13.036908678783918,-0.7773112928311282,1,uOR,1.016368849006853
762,Olfr520,2.23057192895606,-1.780841857967262,1,,-0.299151280905426
763,Olfr521,2.5280753327411505,-2.244972654171117,1,uOR,1.0872480742621664
764,Olfr522,0.6645373755561781,-4.961612435378237,1.5,uOR,-0.448552044692579
765,Olfr523,0.4114079614759827,-7.834454690525154,2,uOR,-1.3185234283790506
766,Olfr524,-4.098091169696049,-3.7222136670296857,4,uOR,-2.989246395930241
767,Olfr525,10.873297706184736,-7.2356804702354385,2,uOR,-0.406541714070347
768,Olfr527,-1.1713961608431327,3.805061141304335,3,oOR,0.2541252582734822
769,Olfr53,8.121747832893838,3.310789699342949,3,oOR,1.7568807908966455
770,Olfr530,1.7668133096226655,5.522152023270291,2,uOR,0.7288808119346109
771,Olfr531,-1.6776651689133903,4.583363459967469,3,uOR,1.104939595886654
772,Olfr532,-9.927166946132328,0.1015548813517402,3.5,uOR,1.015254066764433
773,Olfr533,-10.705045748604666,-1.0037882825590039,3.5,uOR,0.0195926630970525
774,Olfr535,1.3630520165391087,-0.8918257024675469,3.5,uOR,-1.2588754402158653
775,Olfr536,-7.233234166728242,3.135422630197776,4,uOR,-0.5827191484878433
776,Olfr538,5.020326332464112,6.298697992254885,2.5,uOR,-0.688049539336282
777,Olfr539,-9.885937754716457,0.7040132542974966,3,,-0.295148551176278
778,Olfr54,-2.722920917675046,1.3805027253903561,1,uOR,0.8142653853799051
779,Olfr541,5.854963044960952,-0.02464605116735076,2.5,uOR,0.8934123263209577
780,Olfr543,0.6928047404239152,2.7255370275314776,fishOR,oOR,-2.3448639197895007
781,Olfr544,-1.1597473675579872,0.6636303561653878,fishOR,oOR,-2.474872862497488
782,Olfr545,1.6483397537324624,-0.5177389997897148,fishOR,oOR,-2.227407737660991
783,Olfr547,1.4139298034096508,4.942299903506568,fishOR,,-5.334023416265026
784,Olfr548-ps1,1.4139298034096508,4.942299903506568,,,-2.317528844565397
785,Olfr549,-0.9669441273716745,6.20610192334813,fishOR,,-2.778029705692333
786,Olfr55,-0.7955120977613227,0.062014329477840184,3,uOR,-0.1849853586429753
787,Olfr550,-0.8594677785303255,0.9656409948417919,fishOR,oOR,-1.993442500302536
788,Olfr551,4.7989743594188745,-9.083713091903597,fishOR,,-3.1695910209034834
789,Olfr552,0.30080325023445864,6.37433531811968,fishOR,,-0.413622200885672
790,Olfr553,-2.872941990098333,0.577726812322666,fishOR,uOR,-3.1850447180495647
791,Olfr554,8.008481492475225,1.8848076894107202,fishOR,,-6.450065957218353
792,Olfr555,-2.4258216890379676,4.671100503959112,fishOR,,0.1840020307647048
793,Olfr556,-4.4896106290421125,-1.5223097302342634,fishOR,uOR,-0.681608254766051
794,Olfr557,-4.231671470539058,-6.087080490462892,fishOR,oOR,-2.004569282267268
795,Olfr558,-0.5021636684953215,0.6822464765191624,fishOR,oOR,-2.7672436762212484
796,Olfr559,3.062967395702273,7.7798157151974925,fishOR,,-2.034721449852511
797,Olfr56,-4.839853879822584,-2.697507849092616,2.5,oOR,-3.3269466908623104
798,Olfr560,4.543620349204097,4.612829217326327,,,-0.3662624045260475
799,Olfr561,-6.990424657807609,1.9151143367919414,fishOR,,-0.6421098385834072
800,Olfr564,2.0206572434707284,3.088442728153149,,,4.339076071739241
801,Olfr566,5.928580752211362,4.379845052187832,fishOR,uOR,2.525363998926755
802,Olfr568,-1.4575026523023797,3.2983643541721284,,,-0.2519699666831991
803,Olfr569,2.210958093207975,-6.478321158558596,fishOR,uOR,-4.259453623321913
804,Olfr57,-7.017375644398621,-0.5952963568356107,1,oOR,1.877977635978245
805,Olfr570,-0.31861077690745687,-0.6204438305722618,fishOR,uOR,1.390705364537338
806,Olfr571,-2.4757013573368973,2.1346520855222155,fishOR,oOR,-2.082524241718562
807,Olfr572,1.8293213636242094,-4.563625306326572,fishOR,,-3.1640809206071325
808,Olfr573-ps1,-1.1669233885389716,0.8668698838171802,,,-0.449899412175091
809,Olfr574,-8.407948448787558,1.0496849376849016,,,-2.598791195812764
810,Olfr575,-0.31861077690745687,-0.6204438305722618,fishOR,,-0.6944280109796422
811,Olfr576,4.628543260693981,5.585325175382679,fishOR,,-1.2505668182598957
812,Olfr577,-3.5550502300682987,1.8372528902031533,fishOR,oOR,-2.6154170267124406
813,Olfr578,-0.4024995833932667,8.123908659751294,fishOR,oOR,-0.8084880691255749
814,Olfr58,-5.477125116765857,-1.764431063878816,2,,3.1927518180905365
815,Olfr582,3.0904011750219005,-9.569110782796617,fishOR,uOR,-1.4753815604438514
816,Olfr583,5.928580752211362,4.379845052187832,fishOR,,1.7717072114606138
817,Olfr584,3.0904011750219005,-9.569110782796617,fishOR,uOR,-0.9373110027551804
818,Olfr585,3.3939565921908126,2.962975558527678,fishOR,,1.0565102848851913
819,Olfr586,-0.8958662638134196,2.390823256593106,fishOR,uOR,-1.388009495938534
820,Olfr588-ps1,0.6496381765568606,3.9133960928671256,,,-1.1762645934907183
821,Olfr589,-1.0357342843634747,4.7413893436497085,fishOR,,-1.231959734495057
822,Olfr59,2.5132778172970105,10.803294065482177,3,uOR,-2.25521414014494
823,Olfr591,-0.30198193426363423,-0.21219166463907024,fishOR,,-2.154689661053385
824,Olfr592,2.622557690695633,1.7224747705090069,fishOR,uOR,-0.057167631784842
825,Olfr593,-0.6272568047730205,-0.27516897334086016,fishOR,,-2.041087606075961
826,Olfr594,6.9682440774752745,8.174142183569042,fishOR,uOR,-2.225343239124067
827,Olfr596,0.27272487041669774,-0.41348652836832045,fishOR,uOR,-1.606662389705087
828,Olfr597,4.24192035856955,-7.414069672304911,fishOR,uOR,-3.847137086593633
829,Olfr598,2.4779372228213483,-7.298719854045039,fishOR,uOR,-1.7834119534820516
830,Olfr599,7.482931874485584,0.8561732322908482,fishOR,uOR,-2.9772425592403104
831,Olfr6,-4.861074202151078,-3.124102349852052,4,uOR,-2.7354332603596574
832,Olfr60,6.154848704625176,-2.668456550568415,3.5,uOR,-1.7810222574890435
833,Olfr600,-2.1639422804009527,0.11577195375043371,fishOR,oOR,-0.0687649503844012
834,Olfr601,-0.45284965664542526,-0.5925774615372873,fishOR,uOR,-0.8368830448608869
835,Olfr603,0.27272487041669774,-0.41348652836832045,fishOR,,-1.9440619415186464
836,Olfr605,7.763016877715432,2.5274428306763093,fishOR,uOR,-1.057599127761588
837,Olfr606,-3.8396234761746255,0.4069494188946946,fishOR,uOR,-0.96339463960733
838,Olfr607,0.9286840648185242,-1.1039835816097747,,,-0.4807238096062498
839,Olfr608,-6.006669552690072,4.278993193886085,fishOR,uOR,0.1779812782310289
840,Olfr609,6.3966206286320855,1.7156970488999956,fishOR,oOR,-3.378448015461749
841,Olfr61,-2.067945096476388,4.027277486077783,3.5,uOR,-0.1406227993742895
842,Olfr610,0.5159025350626143,3.970550117409772,fishOR,uOR,-2.253974254189799
843,Olfr611,5.8543842157190324,6.166578085297331,fishOR,oOR,-1.300439658178376
844,Olfr612,-0.812273397200086,0.6495395937798971,fishOR,oOR,-1.538220935974951
845,Olfr613,-0.16129883471422593,8.60070781762098,,oOR,-1.2899358346699858
846,Olfr615,0.07236914011084551,2.6565069097330807,fishOR,,-2.65230281443842
847,Olfr616,-1.212362251865624,2.2104222123873267,fishOR,oOR,-2.241396918350552
848,Olfr617,5.209085359493647,6.460070191365228,fishOR,oOR,-3.5888117645622573
849,Olfr618,3.376989644348513,9.591368493478024,fishOR,uOR,-5.261625753998643
850,Olfr619,3.642544815473163,9.682338497023848,fishOR,,-2.501229905536117
851,Olfr62,-8.340296003331307,-3.4449129318138207,1,uOR,1.3381214138068336
852,Olfr620,0.8207967339190562,-1.126915100228248,fishOR,oOR,-1.2630769487363227
853,Olfr622,0.4490454061620615,4.370465762583104,fishOR,uOR,-0.7465719438292566
854,Olfr623,-1.7331386171735848,6.678653321976789,fishOR,uOR,-0.3013446836036598
855,Olfr624,-0.8691948543382529,-1.551618251899935,fishOR,,-0.0850013842145269
856,Olfr625-ps1,3.6222884887781523,7.771717337091701,,,
857,Olfr628,-9.357465077067113,-0.004930224176462564,fishOR,,-0.3527627928417863
858,Olfr629,-1.947347515601178,6.812415437291735,fishOR,uOR,-1.650311154747587
859,Olfr63,1.1479920530549201,0.6255060416119319,2.5,,-0.1577266643747947
860,Olfr630,-2.9138670847161388,0.03829114197153109,fishOR,uOR,-3.5594519860206835
861,Olfr631,0.8597073911556554,6.959748078271115,,,-1.31791652854785
862,Olfr632,-2.523677725435418,-3.4407778164275484,fishOR,oOR,1.0756831814721817
863,Olfr633,2.244440177583284,7.777476104946646,fishOR,uOR,-0.6149533727031965
864,Olfr634-ps1,2.253392789247507,-0.5541614955394586,,,2.0146589140662754
865,Olfr635,5.804248841725095,7.551395323518504,fishOR,uOR,-0.1487811087618679
866,Olfr638,6.2453905805979595,6.416875980693203,fishOR,,-2.517790738461348
867,Olfr639,-0.055979800732301174,2.4671362075170586,fishOR,,-0.1019048973544979
868,Olfr64,1.0340881579428032,0.3624562181993351,fishOR,oOR,-3.1066114538899816
869,Olfr640,0.8644146302074458,7.871128748057788,fishOR,uOR,-2.140195284902079
870,Olfr641,7.662372752183692,2.832015013230501,fishOR,,-0.5997715914046328
871,Olfr642,4.72057909053467,-2.0337899971673257,fishOR,oOR,-0.6185191693852669
872,Olfr643,-3.718898593519539,2.9993615989671736,fishOR,,-1.5983125925872983
873,Olfr644,2.5017070875258822,3.4236461337642505,fishOR,oOR,-2.2188217555439227
874,Olfr645,3.37945229391262,0.9336181510915488,fishOR,,0.1414612298215957
875,Olfr646,8.117515084991163,4.157284873918789,fishOR,uOR,-0.6192706557457057
876,Olfr648,3.2373402133259197,-3.811941062463593,fishOR,,0.7127436462494428
877,Olfr649,5.087987379818694,5.26886014188874,fishOR,,-2.6319746954625174
878,Olfr65,1.053600625128145,0.8293019381023786,fishOR,oOR,-4.285921401410531
879,Olfr651,3.268818767362312,-7.499638479381851,fishOR,oOR,-0.8831523198053708
880,Olfr652,-3.0897068266355023,1.8542345853112137,fishOR,uOR,-0.5999598165447373
881,Olfr653,4.222860033932528,8.445663675334817,fishOR,oOR,-3.3911997844663238
882,Olfr654,0.3614281396079402,-2.05067706823056,fishOR,,-2.225619746275585
883,Olfr655,-4.105338786488196,2.3911646649769396,fishOR,uOR,-0.6644851061134147
884,Olfr656,-0.9091717933151113,7.145515780788144,fishOR,,-1.3905692037725352
885,Olfr657,5.650983445850009,2.0920799507632273,fishOR,uOR,0.3063052896980814
886,Olfr658,7.17749982808982,-0.4947658323768985,fishOR,uOR,-0.6657588683611043
887,Olfr659,-3.6944565519030363,2.3220280945308565,fishOR,uOR,-1.7115541823846034
888,Olfr66,1.766396139216342,7.086834408514619,fishOR,uOR,-0.601183931936609
889,Olfr661,3.6629065562691494,-3.788241736142509,fishOR,,-1.1498917988252413
890,Olfr663,-1.398055668498477,5.816319136517123,,,
891,Olfr664,-1.568609653224525,2.7256868505244682,,,-1.743049188151257
892,Olfr665,-2.983782346470483,-3.1079291113728473,fishOR,uOR,-1.217976983156474
893,Olfr666,-5.8542366613700745,-0.413232500102764,fishOR,oOR,-2.6932007191542437
894,Olfr667,-1.1091975020230929,-3.115387863209157,fishOR,,-1.1246986557611698
895,Olfr668,-1.1091975020230929,-3.115387863209157,fishOR,uOR,-1.2332726737316284
896,Olfr669,-4.114091813318124,-5.71105356980585,fishOR,,-1.790289745399486
897,Olfr67,3.9752715041870204,8.097973805682752,fishOR,uOR,-2.94587538718216
898,Olfr670,-4.789399368825521,0.7623312052970784,fishOR,uOR,-3.359568538642584
899,Olfr671,0.3353444672076122,8.328610822793891,fishOR,uOR,0.4635198066730128
900,Olfr672,-7.25951920021409,-2.955588614937213,fishOR,oOR,-1.5052156648551376
901,Olfr675,-0.516781573320289,5.175916515922845,fishOR,uOR,1.8301849890247603
902,Olfr676,-3.9950595258275077,4.255617410930559,fishOR,uOR,-0.1411471213425925
903,Olfr677,-2.5583828769124115,0.620054027832879,fishOR,uOR,-0.6121366195514154
904,Olfr678,3.28995740281449,2.0221155411138163,fishOR,oOR,-1.359278434278222
905,Olfr679,-5.677759532604785,4.849257222052003,fishOR,oOR,-1.128825757727388
906,Olfr68,2.523261136249921,-4.012223823696336,fishOR,uOR,1.29696213679961
907,Olfr680-ps1,-2.9058673890755666,-0.5288010623399462,,,-1.5841854819589378
908,Olfr681,-4.806344576173392,4.230750603107045,fishOR,uOR,-1.2948134560888132
909,Olfr682-ps1,0.024663925631705327,-2.4060383074824916,,,1.6711905371177769
910,Olfr683,-0.09625846829319584,-0.9136624733655846,fishOR,uOR,0.4372470074187912
911,Olfr684,2.473319019598991,6.1674249197233255,fishOR,uOR,0.1702272427893799
912,Olfr685,-4.670538705458917,-2.49238890887906,fishOR,,-3.355796380485104
913,Olfr686,-0.3280547870335759,-6.9328145286592155,fishOR,uOR,1.608765284362796
914,Olfr688,7.512230828373195,0.5657065421878638,,,1.149234633472421
915,Olfr689,1.9296226201839077,-7.426325026226377,fishOR,uOR,0.1600246888625354
916,Olfr69,3.0279560058387553,-2.7330872600978324,fishOR,uOR,0.7060477043885355
917,Olfr690,8.074868994258734,1.2384538376090155,fishOR,oOR,-0.0442785111000001
918,Olfr691,-5.50213340015845,3.008740612699308,fishOR,oOR,-2.0416200481902766
919,Olfr692,0.7517796269495693,3.304957125869586,fishOR,uOR,-2.1874517587313336
920,Olfr693,-7.084878431909951,0.46244371807459067,2,uOR,3.090198503852937
921,Olfr694,-6.65035441556453,2.3917418881166417,2,uOR,2.272079937179486
922,Olfr695,5.0528705532166205,8.55669997535792,3,uOR,0.9977310478438898
923,Olfr697,1.104465260762548,4.793412423407763,2.5,,3.12824517768338
924,Olfr698,-3.0724586342997906,4.492443216827925,2,uOR,2.0002660290445795
925,Olfr699,-3.4106744886086506,3.5107589182454753,2.5,uOR,0.9574438873279372
926,Olfr7,5.353589415716468,8.594237017184227,,,
927,Olfr70,2.8617169936750075,2.4249216015555226,,uOR,0.9549071514617106
928,Olfr700,-3.908493801539303,0.6836426200090475,2,,3.356256466417863
929,Olfr701,-5.028243475275408,5.398242227356358,3,,1.823364068962086
930,Olfr702,-3.856226361336353,-8.302089215417196,2.5,,-1.450758840909422
931,Olfr703,-3.382911548412649,3.8368348513092143,2,uOR,1.1243420029490054
932,Olfr704,6.755760337146429,9.308137922214334,3,uOR,1.5422232484952636
933,Olfr705,-3.908493801539303,0.6836426200090475,3,uOR,1.6049308324200542
934,Olfr706,-6.65035441556453,2.3917418881166417,3,uOR,2.626749767973598
935,Olfr707,2.9512142568463062,-9.479292556995063,2.5,,-1.009923893968996
936,Olfr709-ps1,3.3614558366120293,-8.51954235222646,,,-0.3180659884237183
937,Olfr71,5.647362869490668,4.503433556103294,,,-0.1831968825039601
938,Olfr710,-1.162878148878368,-9.384473708843544,2,,-0.4334668194096319
939,Olfr711,9.025602769239008,-2.706707901007069,4,oOR,-4.375347263453284
940,Olfr713,7.956555051524709,5.455327945693731,2.5,uOR,0.015847624367413
941,Olfr714,11.507793073012017,-1.8195644191648244,2.5,uOR,-0.5446928061226436
942,Olfr715,0.5934581170707659,-8.451940407900683,2,oOR,-0.1190644328938693
943,Olfr715b,-2.940782788547099,0.06842837608437885,,,-0.0119199100157522
944,Olfr716,-1.5971934925005518,-8.499739177583947,2,uOR,0.6054633186514322
945,Olfr718-ps1,2.3522941290356574,-2.967456291321753,,,0.3671640558181648
946,Olfr720,-8.968361802434542,-0.2851080156159663,5,uOR,-0.5745932488760455
947,Olfr722,2.3618550561404827,-3.9572901773901163,3.5,uOR,-0.5867840145121933
948,Olfr723,-6.62342007746762,-0.7638828365015057,3.5,oOR,-1.3752007999542628
949,Olfr724,4.070157947720304,-3.536237176870032,3,oOR,-1.7371179211774954
950,Olfr725,-6.315500252120551,-0.6383937821117979,5,uOR,-0.8594992142965193
951,Olfr726,-6.876610499062962,-1.4372459196857994,5,uOR,-1.0290857129827615
952,Olfr727,-5.8051861353742975,-1.5766397073060188,5,oOR,0.4030345049421407
953,Olfr728,-7.011991700296796,-1.3984719058781196,4,uOR,-2.1489734531660565
954,Olfr729,4.857848147419185,-7.295630484694983,5,oOR,-1.2583184469272748
955,Olfr73,-2.153505001978115,8.231884845675946,1,oOR,0.2927258087696384
956,Olfr730,-0.4289839794915473,-0.03351678768947504,3,,0.2061209773157955
957,Olfr731,-0.20789690361878244,-0.05738513955299047,4,,-1.0187869129050149
958,Olfr732,-4.861530513148829,-1.701018983363469,3.5,oOR,-2.552646848462469
959,Olfr733,-2.639231842410333,-2.598868565359364,3.5,oOR,-0.9376314944353724
960,Olfr734,-5.012488952578434,-6.072401883396192,2,oOR,0.8571381084767824
961,Olfr735,-2.904138958784837,-6.447237764540409,3,oOR,-0.218277505588283
962,Olfr736,-4.408115819269622,-3.2725829574106324,2,uOR,0.1124138964262232
963,Olfr738,-5.805810916979749,-5.133711204332532,1,,0.2853187936215515
964,Olfr739,-4.893627084732475,5.290029398811194,1.5,,0.1546608750132281
965,Olfr74,-1.3987991258349017,2.4865558077013774,,,4.634464833944009
966,Olfr740,-6.222314453895944,3.0387604021021395,4,oOR,-1.5420848450816695
967,Olfr741,-5.615508184975562,4.735689488320319,4.5,uOR,-0.5779738113033145
968,Olfr742,-7.988720460715479,2.6987662507034855,4.5,uOR,-1.3414081455113371
969,Olfr743,-4.3453895137315,1.2830916263156156,5,oOR,-1.80507283794612
970,Olfr744,-7.8305205608301405,-0.373496554064588,1,uOR,-0.26416538695083
971,Olfr745,-7.075930412091898,0.045428860977877954,1,uOR,-0.0499731328836229
972,Olfr746,-3.2489079171276156,1.4088806237502385,1,uOR,-0.810959930404269
973,Olfr747,2.7359693781618386,-3.049130668976034,1.5,,-1.9630655945721809
974,Olfr748,-1.834464473638535,2.5856925154671915,1,oOR,-0.7042899286769047
975,Olfr749,1.2274915498326975,-2.020326247393646,1,uOR,-1.0096380079751537
976,Olfr750,6.120778876222235,-9.473209677331342,2,,-0.3120383428777408
977,Olfr76,5.253688910588101,-6.384809068254019,2,,-1.5153129980188311
978,Olfr761,7.288442033362851,-4.164317167848236,4,,-1.1152196454818308
979,Olfr763,6.924815846485743,5.109184235973122,1,uOR,-0.3462175910271747
980,Olfr764-ps1,-4.734265173286595,6.662161194188854,,,0.16084963510088
981,Olfr765,-5.145448597976081,-6.399658658686461,2.5,uOR,-0.1565151402098739
982,Olfr766-ps1,-5.678863986743547,6.841107452691744,,,1.079395908429846
983,Olfr767,-3.484798621135232,-8.525781303200647,2,,-0.0602394294879215
984,Olfr768,-10.370622069810771,-0.6315313868410843,1.5,uOR,1.077046166123495
985,Olfr769,6.48534533372028,5.186622820269217,2,oOR,0.6503677915740101
986,Olfr77,-2.056335931765255,0.2436114631477678,1,uOR,2.2005833970434767
987,Olfr770,2.794412626467455,8.457256775518161,2,,0.2379192382848654
988,Olfr771,3.585327204366228,2.6479176133307427,3,,-2.3764140531089986
989,Olfr772,-2.7706526333438366,8.066508038055487,2.5,uOR,0.9248111334746087
990,Olfr773,-1.6918837356944745,7.6512561153767225,2.5,,-2.1702315403886208
991,Olfr774,-2.2085834670894546,8.984994912283037,3.5,,-0.1473208488054512
992,Olfr775,-11.716222485053372,-1.075140483560695,2.5,,-0.5144867411631862
993,Olfr776,-11.716222485053372,-1.075140483560695,3,,-2.553202899027407
994,Olfr777,-5.23763597480697,-2.9408568750202226,3,,0.0951490250890558
995,Olfr780,-3.5633430532479275,7.158617291356167,2,,1.6856374444297677
996,Olfr781,-3.806146005679343,5.410873050861645,2,oOR,2.783096476301179
997,Olfr782,-6.922893689054713,-4.495452899979335,1.5,,1.819373534668139
998,Olfr784,-10.246393212431643,2.041077837796619,2,,-0.1070644110114795
999,Olfr785,1.254360310791985,7.6785010348817115,,,-0.2364845296467532
1000,Olfr786,-8.447800434566975,0.22085828288373333,2,uOR,-1.6845982413497618
1001,Olfr787,-4.102757229532923,5.133879472746361,3,uOR,-1.1547236153001927
1002,Olfr788,-7.786472448510528,-2.198520541271591,3,uOR,-1.5146210195009189
1003,Olfr789,-1.0359560430457118,9.47590202854969,,,-1.2349483887458217
1004,Olfr790,-8.632397163882578,-2.1616948470709216,2,oOR,-1.1906715926013374
1005,Olfr791,2.155598568491748,11.922511504795986,1.5,uOR,0.778230880088123
1006,Olfr792,-9.64996877516629,-1.3660352203610995,1,uOR,1.2374615210220368
1007,Olfr794,-3.080922881883375,8.997724042128908,2,oOR,0.627736481872388
1008,Olfr796,-4.835827574273245,-3.15113607434097,3,uOR,-0.023963322533615
1009,Olfr798,-9.64996877516629,-1.3660352203610995,1.5,oOR,0.8966103674285361
1010,Olfr799,-9.874290413839287,-0.7656955431044844,2,oOR,-0.2243357355113496
1011,Olfr8,-8.614176223167105,-1.426777611403388,3.5,uOR,1.2853300839173796
1012,Olfr800,-5.23763597480697,-2.9408568750202226,2,oOR,-0.3024317613914101
1013,Olfr801,-10.82494839600198,-0.6791407888263509,2.5,uOR,-1.5605226154525695
1014,Olfr802,-7.5923985742490725,3.673846320330278,2.5,,-0.2260207138460123
1015,Olfr803,-6.740020028927219,3.9644407435892997,2,,-0.7259426831623651
1016,Olfr804,-6.922893689054713,-4.495452899979335,2,,-0.2570845347643432
1017,Olfr805,-5.124253289611936,-0.7905949278549523,3.5,,-2.4633724927541527
1018,Olfr806,-9.671160345539386,-0.848775763038046,3,oOR,-0.9896469455390589
1019,Olfr807,7.017385453504916,6.337759935658295,1,uOR,2.2817465000061103
1020,Olfr808,9.645325573043223,1.4156123076851133,1,,1.5544154466742064
1021,Olfr809,-4.5633950264581875,-3.5254561442370687,1,uOR,2.878303886799477
1022,Olfr810,6.043945911492356,3.8163747822182064,1,oOR,0.800347443731089
1023,Olfr811,-5.124253289611936,-0.7905949278549523,1,,0.8452817434177443
1024,Olfr812,-6.020343402592388,5.964349637277002,1,oOR,2.088537558214913
1025,Olfr813,-1.6421606494206027,-10.064006881259631,1,uOR,1.676361920834747
1026,Olfr814,-3.929480617739723,5.229071551390539,1,,0.5073869294695601
1027,Olfr815,-6.020343402592388,5.964349637277002,1,uOR,2.457955698350831
1028,Olfr816,8.383944616604015,9.58843177290063,1,,2.032653330040934
1029,Olfr818,7.602146048371857,-2.9435450151929463,2,uOR,-0.0850903550505269
1030,Olfr819,10.677333603243712,-0.21976684333116422,1,uOR,3.996889332667677
1031,Olfr820,2.7997693861003454,4.205517825112714,3,uOR,-0.2551707234912905
1032,Olfr821,-10.477264758964749,-1.1791663913682986,1.5,,-0.0993531648478206
1033,Olfr822,8.383944616604015,9.58843177290063,1,,1.2060563322827835
1034,Olfr823,8.515415424176382,3.8174299028361274,2,,1.675901142167323
1035,Olfr824,3.4369053029144014,3.805025509616996,2.5,uOR,-1.182404485706155
1036,Olfr825,0.2596392109576986,3.7976844955078466,2,uOR,1.7252535117585963
1037,Olfr826,0.2596392109576986,3.7976844955078466,1.5,uOR,2.918905520929977
1038,Olfr827,10.76069434087145,3.7405361727015616,2,uOR,2.754319838274278
1039,Olfr828,-9.911705415603716,1.921843208039174,2,uOR,1.7341594605398862
1040,Olfr829,-1.4731166946481986,0.006323973396505465,2.5,,4.089332196529197
1041,Olfr830,-2.586587796684878,0.621745822451924,,,4.771067819459264
1042,Olfr832,-1.9450621848429757,-0.25367337535130213,,,2.396374253272125
1043,Olfr834,-1.9450621848429757,-0.25367337535130213,,,1.2662329786314137
1044,Olfr835,-6.1335139355362704,0.6879208446309318,2,uOR,1.6120239743790663
1045,Olfr836,-2.2040643713710724,0.26556613185967903,2.5,uOR,2.5581146481482837
1046,Olfr837,-4.374729934646997,-0.17754586345774154,,,4.501513078951888
1047,Olfr839-ps1,-7.472673219714724,-1.3540257655914782,,,0.0828029481645231
1048,Olfr843,-6.581498226236564,-1.3795816581900917,2,uOR,1.1449289405233587
1049,Olfr844,0.41867529114361646,-1.0289761755602271,,uOR,5.670763343935485
1050,Olfr845,-3.305748268788455,-1.0215643889571826,2,uOR,3.801672781732059
1051,Olfr846,-7.903326355032762,0.7510443869772621,1.5,uOR,0.8289297208443765
1052,Olfr847,-3.145130923060094,2.943599793318819,1.5,uOR,0.3992805448426326
1053,Olfr849,-5.143763469923274,4.9781273118747125,2,uOR,1.7107541125470294
1054,Olfr850,-2.3269074953855093,2.449333812787786,,,3.7916089917019313
1055,Olfr851,-2.906942626122068,-4.913765531067027,2.5,uOR,2.883305844392243
1056,Olfr853,-7.702285478549862,1.950780590911264,2,,-0.0148657616064432
1057,Olfr854,-5.418310833108356,0.0687974382232071,2,,6.879802069382057
1058,Olfr855,9.067706587796545,-1.6558527695233507,2,,4.92035749405684
1059,Olfr857,-8.452471845903599,-0.7978323096830021,2.5,uOR,5.268176762616839
1060,Olfr859,9.263850395229994,-6.361020333184089,2,,3.052028267391135
1061,Olfr860,-6.426426884511406,-0.38610390963929053,2,uOR,2.600110764276593
1062,Olfr862,1.3614370330125474,4.207313014871099,,,2.272684344131088
1063,Olfr866,-1.169692765598402,4.714524571934564,,,4.864559174451784
1064,Olfr867,-8.126092084924641,2.3337750175733953,2,uOR,1.524295413037544
1065,Olfr868,-3.2277291422730863,1.1906472042254233,3,uOR,1.90735073760776
1066,Olfr869,-6.797119557590674,0.6381889972358864,2.5,uOR,1.9815022940016256
1067,Olfr870,-1.628617027008289,-0.10899036053832528,2,uOR,1.9502323536466373
1068,Olfr871,-2.1309680061403125,0.09372453504257552,2,,3.4235935027322517
1069,Olfr872,-2.079317435951783,-0.040211293657563256,2,uOR,2.823224454892224
1070,Olfr873,6.096390791142527,3.0479259010835738,2,oOR,0.9708422657597556
1071,Olfr874,11.443714799058332,-4.561890911737505,1,uOR,2.015868184160657
1072,Olfr875,10.208728585729133,3.233440640512253,1,,1.1874341686314638
1073,Olfr876,0.043529964610359816,3.546523429312854,1,,1.4382145139968778
1074,Olfr877,1.3443599683200207,-4.806337204090368,1,,2.578184901196317
1075,Olfr878,11.324265044803235,1.528743860848427,1,uOR,1.9931502309538045
1076,Olfr881,-0.46443479115658143,-9.61682593402785,1,uOR,3.916369429068293
1077,Olfr883,-5.154156839270802,-6.019044554476001,,,3.541568346780571
1078,Olfr884,-6.397610969220448,-4.953560251612375,1,uOR,3.389019462282887
1079,Olfr885,-4.483082013675202,-5.682264630873339,1,,2.7855510572357285
1080,Olfr887,-10.100163010174574,-0.8106556934368776,2.5,uOR,0.5631915760241254
1081,Olfr888,-5.893130642617425,-4.072362703197646,1.5,,2.256934017865416
1082,Olfr889,-9.864968944438024,0.19054680378034897,2,,0.4681356966121149
1083,Olfr890,-10.370672109774556,-1.3805882156354383,2,uOR,2.2255985931355866
1084,Olfr891,-4.8305048589400705,0.2327828452694296,,,
1085,Olfr893,-8.872950206926156,-0.6539007616371579,1.5,,0.5765603140274199
1086,Olfr894,-11.272332180471604,2.2384708445001866,1.5,uOR,3.737362285974825
1087,Olfr895,-11.64592734537138,0.6842776170315503,1.5,,1.1965212532465357
1088,Olfr896-ps1,-10.033118156111085,0.6056306901269793,,,1.9595757129947071
1089,Olfr898,-2.23753138639519,8.672350772682424,2.5,uOR,0.932165793499422
1090,Olfr9,5.516604966439859,8.355304121135886,1,,0.063834386894807
1091,Olfr90,-1.1727405729997848,-8.4571447382932,2,,-0.1828406503279814
1092,Olfr901,-6.467775496905983,-2.3967292448499213,2,oOR,2.2623070410516943
1093,Olfr902,-6.933341758890133,-2.2682792676493615,1.5,,2.012278168120232
1094,Olfr904,1.0724802669160647,-9.528403840424934,1,,2.033318394620085
1095,Olfr905,-1.2764904793541492,-7.083287321012525,1,,0.742633937332518
1096,Olfr906,5.511880933055134,-9.738458007502567,1.5,,0.6346577224194155
1097,Olfr907,0.025091677846586842,-8.441136027801262,2.5,oOR,1.2256472718330351
1098,Olfr91,-2.929092037312691,-7.660499649902325,2,uOR,0.9825760595107768
1099,Olfr910,-0.684643010287777,-6.475493904163705,2,uOR,1.8223870286212815
1100,Olfr911-ps1,-5.254096094753374,0.6656415145090495,2,,1.187811029921748
1101,Olfr912,-1.2034199652914748,-6.780899698508904,3,uOR,2.263060040883373
1102,Olfr913,-4.841426917029964,1.7166022121884006,3,uOR,1.7273503026794106
1103,Olfr914,-2.3582728821198526,-5.544629267817656,3,,0.0732585155964566
1104,Olfr916,2.1494973795157626,-3.6566673857486194,1,uOR,2.487574944165488
1105,Olfr917,2.5152169819457133,-9.293871191188158,1,,2.585748020705411
1106,Olfr918,3.3131905386989025,-12.231027986004996,1,uOR,3.0230280326537637
1107,Olfr919,0.780884881266359,11.827161749419709,1,uOR,1.0650528389182126
1108,Olfr92,-6.731710391672038,-4.052374850507792,2.5,oOR,1.5756390826328248
1109,Olfr920,1.9908933471566632,-8.9107386066167,2.5,uOR,-0.0324603682143047
1110,Olfr921,-3.625967730167634,-6.954953132432999,3.5,uOR,0.0331023603605031
1111,Olfr922,-6.855937381240512,-5.5136582335259,1,uOR,0.15335884508326
1112,Olfr923,-6.245869101580234,-7.235517227530938,1,uOR,1.513667035656742
1113,Olfr924,-3.948328550146812,-8.563433468637069,1,uOR,1.0555026510910093
1114,Olfr926,-6.384948408673106,-5.131353174264484,1,,
1115,Olfr93,-7.223657672605022,-3.489480956017341,2.5,uOR,-0.3703709293053767
1116,Olfr930,-9.458386957869202,0.8887459238809746,1.5,,3.1309852320740474
1117,Olfr933,-7.445513955821603,3.529624680289105,1,uOR,2.307175943137852
1118,Olfr934,-4.605536473023268,-5.539829851071028,1,,1.9538091290069204
1119,Olfr935,-11.900282269307967,-0.03258178184682678,1,oOR,4.3926695884585225
1120,Olfr937,-11.668059003651095,0.530629108209656,1,uOR,4.011568316021034
1121,Olfr938,0.5506546362671169,-9.006600936480657,,uOR,5.037528076404426
1122,Olfr94,-2.0213329448658524,2.9323987599566164,2.5,,-0.8829511700134072
1123,Olfr943,-9.666111163118876,1.0278874894308168,2.5,uOR,1.2440039558883569
1124,Olfr944,-4.320681132463023,5.059125669561937,2,,3.2788001500345816
1125,Olfr945,-6.052517661585142,4.346557297019456,,,3.961604400538001
1126,Olfr948,-10.751764685307096,0.9611415724159632,2,uOR,4.759959693569239
1127,Olfr95,5.902530825495079,-3.300970970255276,2,uOR,0.4636911671343613
1128,Olfr951,-6.359284749379892,4.248551720802904,1.5,,4.220982095871381
1129,Olfr952,-2.4274128114874824,-5.3006119017282725,1.5,,0.2714413520760789
1130,Olfr954,-6.388968247249237,6.056587455251238,1.5,,2.7787050818098327
1131,Olfr955,-4.91628739236233,-7.818745953828221,1.5,,1.7932531620238767
1132,Olfr957,9.924449971184428,4.114541640906761,1,uOR,3.346904403872081
1133,Olfr958,9.293003359660737,4.137503244106631,1,uOR,2.596259467171943
1134,Olfr959,6.300063089353653,-0.5842351833307527,1,oOR,1.0956228463043396
1135,Olfr96,2.2957102130493836,-5.880083371376948,2.5,uOR,2.43175286677068
1136,Olfr960,4.654195856797024,2.9981396589061964,1,,1.3881063362764128
1137,Olfr961,6.8915852140393286,0.6305027605455376,1,uOR,1.7397940556319962
1138,Olfr963,6.059703747034696,0.8551435128600783,1,uOR,0.9837956989498982
1139,Olfr965,-9.789990642909054,-1.8173295108924379,1,uOR,1.9188675118499543
1140,Olfr967,-5.444550823740747,-6.93531415265944,1,uOR,0.3875399041021315
1141,Olfr968,-7.037946547154447,-2.3103554892401363,1,oOR,3.08899966093631
1142,Olfr969,-3.420127764589991,-7.057746026024623,1,uOR,3.401990240592403
1143,Olfr97,5.237062783127131,-5.517683983365819,2,uOR,0.6445042971676515
1144,Olfr970,-3.899445622472391,-8.393612010083526,1.5,oOR,2.02331808027242
1145,Olfr971,1.4255073718122968,9.373185227642335,1,uOR,3.8263314408684312
1146,Olfr972,9.236528892485063,-6.713313472285587,2,,4.551295603215857
1147,Olfr973,-11.52392738265252,0.9665477959771783,,,
1148,Olfr974,4.924165860372137,5.531927254207167,2,uOR,3.1628054298436585
1149,Olfr975,7.900938967302818,2.74971762276519,1,,0.1710620829675291
1150,Olfr976,6.236114823273582,-5.135158814885485,1,uOR,0.8199557200649523
1151,Olfr978,0.5564821590464897,-7.490919770106669,1,,0.1231810148511992
1152,Olfr979,-2.3760714969525294,-6.489068549444492,1,,0.1235068626661211
1153,Olfr98,0.7801042882702579,-5.371193601099164,2.5,,1.5966564412269952
1154,Olfr980,-2.039794701449847,-4.793338641928493,1,,0.5547749941515238
1155,Olfr981,4.192938764898946,-11.06291805727683,1,uOR,0.3891331159600258
1156,Olfr982,5.8156920930968825,8.387240430275554,1,uOR,0.4331375577299054
1157,Olfr983,-3.474667210344059,-7.579422201431625,2,,1.0400980676528042
1158,Olfr984,-5.773658400278677,-1.4314209935044666,3,uOR,-0.501706467879519
1159,Olfr985,4.938736089143988,-12.467236124068544,1.5,uOR,1.251915355686882
1160,Olfr986,-4.258736854453228,-5.773619741978142,,uOR,-0.1823997810846445
1161,Olfr987,7.375138745961151,4.08689547437873,1,oOR,0.8224092424724108
1162,Olfr988,9.776309070175651,2.502772634242779,1,uOR,1.881026917449808
1163,Olfr99,4.138731036085969,-3.5678080575752125,2,uOR,2.294240437780368
1164,Olfr992,5.717048808863667,-8.746566781740958,1.5,uOR,0.2028354552187447
1165,Olfr993,6.618034800914773,0.05162896946803028,1,,1.231725357335084
1166,Olfr994,6.8657535202249775,8.84298913399176,1,uOR,1.6700971774023612
1167,Olfr995,0.4737526891631954,10.042717327479474,1,,1.046741607058196
1168,Olfr996,4.078055245769587,-9.263141038706458,2,,0.6660735676394702
1169,Olfr998,11.770955087429815,-6.058991239958521,2,,5.844491766429326
