,DL_OR,cid,odor,concentration,odor_and_conc,logFC,FDR,id
49590,Or5Aq1,165675,(+)-Menthol,1p,1% (+)-Menthol,2.83032558629407,2.3609682146773602e-54,Olfr1110
49591,Or8G17,165675,(+)-Menthol,1p,1% (+)-Menthol,3.58564840414008,4.60505771487264e-28,Olfr146
49592,Or8G21,165675,(+)-Menthol,1p,1% (+)-Menthol,3.50419770257777,9.706536934981953e-19,Olfr935
49593,Or8G30,165675,(+)-Menthol,1p,1% (+)-Menthol,3.06140323860655,1.7540853949757398e-18,Olfr948
49594,Or8G18,165675,(+)-Menthol,1p,1% (+)-Menthol,2.6935501391521,6.65454921783759e-16,Olfr1537
51794,Or5Aq1,16666,(-)-Menthol,1p,1% (-)-Menthol,2.92934582603498,5.18441237015625e-46,Olfr1110
51795,Or5P1,16666,(-)-Menthol,1p,1% (-)-Menthol,2.18281999314475,3.49879977099961e-21,Olfr491
51796,Or8B49,16666,(-)-Menthol,1p,1% (-)-Menthol,3.20823944842815,4.3050854770447904e-20,Olfr913
51797,Or8G30,16666,(-)-Menthol,1p,1% (-)-Menthol,3.19329335691658,2.018771382526e-12,Olfr948
51798,Or8B57,16666,(-)-Menthol,1p,1% (-)-Menthol,1.73859108659304,6.51439584138431e-09,Olfr983
79344,Or8B35,68490,2-Hydroxy acetophenone,1p,1% 2-Hydroxy acetophenone,4.26862359924032,1.38387545277847e-34,Olfr881
79345,Or8A1B,68490,2-Hydroxy acetophenone,1p,1% 2-Hydroxy acetophenone,3.53030508908723,1.7474190286249498e-33,Olfr160
79346,Or8B56,68490,2-Hydroxy acetophenone,1p,1% 2-Hydroxy acetophenone,2.87015690793256,2.3233079827494398e-30,Olfr923
79347,Or8B41,68490,2-Hydroxy acetophenone,1p,1% 2-Hydroxy acetophenone,4.92728796159866,3.11695392791046e-26,Olfr890
79348,Or8B40,68490,2-Hydroxy acetophenone,1p,1% 2-Hydroxy acetophenone,3.04452803088773,4.70227120124333e-22,Olfr889
37468,Or1E1C,7410,Acetophenone,1p,1% Acetophenone,2.65800502725588,1.80121173413872e-15,Olfr376
37469,Or2N1D,7410,Acetophenone,1p,1% Acetophenone,1.73116681610032,1.04206541378293e-07,Olfr136
37470,Or8B56,7410,Acetophenone,1p,1% Acetophenone,3.05869885194086,3.10247258411077e-06,Olfr923
37471,Or5B118,7410,Acetophenone,1p,1% Acetophenone,2.41527191099405,0.0002898599786945,Olfr1474
37472,Or8B49,7410,Acetophenone,1p,1% Acetophenone,1.65214233333144,0.0015737833186434,Olfr913
1102,Or1E1C,1049,Pyridine,1p,1% Pyridine,3.43292442293803,8.43128039194673e-59,Olfr376
1103,Or12J2,1049,Pyridine,1p,1% Pyridine,2.02859721625786,6.300842466661e-44,Olfr527
1104,Or4B1D,1049,Pyridine,1p,1% Pyridine,3.20201381225029,8.0509793868009e-39,Olfr32
1105,Or13G1,1049,Pyridine,1p,1% Pyridine,1.87383026596874,6.63278601382683e-38,Olfr309
1106,Or4Z4,1049,Pyridine,1p,1% Pyridine,2.22923746852366,1.7192658724536003e-16,Olfr1427
3306,Or2T26,263626,TMT,1p,1% TMT,2.42808833121859,4.81550776488195e-20,Olfr1395
3307,Or2J6,263626,TMT,1p,1% TMT,2.3460004179551,8.45165715989387e-17,Olfr531
3308,Or1E1C,263626,TMT,1p,1% TMT,2.69639078483265,1.0398580504451801e-15,Olfr376
3309,Or7A36,263626,TMT,1p,1% TMT,2.51293531810771,3.5764486577486897e-12,Olfr1352
3310,Or4K47,263626,TMT,1p,1% TMT,2.76078141793748,5.26611554170424e-12,Olfr1297
62815,Or1E1,61653,nTMT,1p,1% nTMT,3.18836827507309,8.882688088854171e-20,Olfr20
62814,Or1E1C,61653,nTMT,1p,1% nTMT,3.04541955618956,8.882688088854171e-20,Olfr376
62816,Or1E16,61653,nTMT,1p,1% nTMT,2.56725013527906,1.6289026160871602e-15,Olfr1
62817,Or2J6,61653,nTMT,1p,1% nTMT,2.19204291280605,1.27596581340717e-14,Olfr531
62818,Or5P78,61653,nTMT,1p,1% nTMT,2.78791089465714,1.26235836217818e-13,Olfr506
50551,Or5P78,165675,(+)-Menthol,1p,1% (+)-Menthol,0.069753324772798,0.984694156725532,Olfr506
50415,Or8B41,165675,(+)-Menthol,1p,1% (+)-Menthol,-0.315393756131404,0.918287824300734,Olfr890
50386,Or5B118,165675,(+)-Menthol,1p,1% (+)-Menthol,-0.308996468442096,0.91184867315895,Olfr1474
52693,Or2T26,16666,(-)-Menthol,1p,1% (-)-Menthol,0.0478373634216808,0.989738814939696,Olfr1395
52700,Or4B1D,16666,(-)-Menthol,1p,1% (-)-Menthol,-0.0726093046652985,0.989738814939696,Olfr32
52680,Or1E1,16666,(-)-Menthol,1p,1% (-)-Menthol,0.135470974591716,0.987207143495883,Olfr20
80181,Or1E1,68490,2-Hydroxy acetophenone,1p,1% 2-Hydroxy acetophenone,0.227505941754298,0.673342070414235,Olfr20
80099,Or8G21,68490,2-Hydroxy acetophenone,1p,1% 2-Hydroxy acetophenone,0.487670500782244,0.583291246913226,Olfr935
80080,Or8B49,68490,2-Hydroxy acetophenone,1p,1% 2-Hydroxy acetophenone,0.39280464628292,0.572200109075007,Olfr913
38495,Or8G17,7410,Acetophenone,1p,1% Acetophenone,0.0418626862978296,0.976687133339895,Olfr146
38429,Or8G18,7410,Acetophenone,1p,1% Acetophenone,-0.0927102448283947,0.949983605129792,Olfr1537
38403,Or5P78,7410,Acetophenone,1p,1% Acetophenone,-0.0873643486558404,0.943645269578701,Olfr506
1925,Or8A1B,1049,Pyridine,1p,1% Pyridine,-0.148232459583987,1.0,Olfr160
1986,Or5P78,1049,Pyridine,1p,1% Pyridine,0.0759877062058508,1.0,Olfr506
1993,Or5Aq1,1049,Pyridine,1p,1% Pyridine,0.0553020660069767,1.0,Olfr1110
3531,Or8B41,263626,TMT,1p,1% TMT,0.799901164644596,1.0,Olfr890
3542,Or4B1D,263626,TMT,1p,1% TMT,0.471808301368157,1.0,Olfr32
3584,Or8B40,263626,TMT,1p,1% TMT,-0.551425090803822,1.0,Olfr889
62945,Or8G21,61653,nTMT,1p,1% nTMT,0.862793512211339,1.0,Olfr935
62989,Or4K47,61653,nTMT,1p,1% nTMT,0.550171181451771,1.0,Olfr1297
63012,Or8A1B,61653,nTMT,1p,1% nTMT,0.532386277719162,1.0,Olfr160
35265,Or1Ad1,7410,Acetophenone,p1,0.1% Acetophenone,2.33604932830713,7.66683484087146e-18,Olfr1377
35266,Or8B57,7410,Acetophenone,p1,0.1% Acetophenone,2.50388855439168,4.9407641555628e-16,Olfr983
34162,Or2Z2,7410,Acetophenone,100p,100% Acetophenone,2.10859732731108,4.4879032372378e-15,Olfr30
34163,Or1E1F,7410,Acetophenone,100p,100% Acetophenone,2.55290168559761,2.1604267352494797e-11,Olfr397
34164,Or2J6,7410,Acetophenone,100p,100% Acetophenone,1.76623795200635,3.4221411648059e-11,Olfr531
35267,Or8B8,7410,Acetophenone,p1,0.1% Acetophenone,1.9895922101332,1.0375997526298e-08,Olfr145
35268,Or5M13B,7410,Acetophenone,p1,0.1% Acetophenone,1.96081780121643,5.12509701502489e-07,Olfr1026
34166,Or5B120,7410,Acetophenone,100p,100% Acetophenone,2.36189776129124,7.82338809288121e-07,Olfr1477
34167,Or8C20,7410,Acetophenone,100p,100% Acetophenone,3.12499670776657,1.2955913873138e-06,Olfr898
35269,Or8B42,7410,Acetophenone,p1,0.1% Acetophenone,1.51948504364408,2.04937419042922e-06,Olfr901
34170,Or8S2,7410,Acetophenone,100p,100% Acetophenone,2.45859193283193,4.93001732251679e-06,Olfr283
34169,Or8K22,7410,Acetophenone,100p,100% Acetophenone,2.47966358713751,4.93001732251679e-06,Olfr1054
34171,Or8K3B,7410,Acetophenone,100p,100% Acetophenone,2.31943752152886,5.12068489914052e-06,Olfr1087
34172,Or8K27,7410,Acetophenone,100p,100% Acetophenone,2.13084541264255,1.42269827422174e-05,Olfr1065
34173,Or1E1,7410,Acetophenone,100p,100% Acetophenone,2.51630731050163,1.42435776174341e-05,Olfr20
34175,Or4B1D,7410,Acetophenone,100p,100% Acetophenone,1.68813428842739,1.47840281684408e-05,Olfr32
34176,Or5Al7,7410,Acetophenone,100p,100% Acetophenone,2.30380930301466,1.50304901591522e-05,Olfr1043
34178,Or7A36,7410,Acetophenone,100p,100% Acetophenone,1.5309414422569,2.39314236928328e-05,Olfr1352
34179,Or8K32,7410,Acetophenone,100p,100% Acetophenone,1.55521294778081,3.20791677913228e-05,Olfr1079
34180,Or5B116,7410,Acetophenone,100p,100% Acetophenone,1.89106864344016,3.67496302351424e-05,Olfr1471
34181,Or8I2,7410,Acetophenone,100p,100% Acetophenone,1.34878508675965,6.25964892946757e-05,Olfr1104
35270,Or8B41,7410,Acetophenone,p1,0.1% Acetophenone,2.59327485488924,6.46798276416837e-05,Olfr890
34182,Or10Aa3,7410,Acetophenone,100p,100% Acetophenone,2.32149321443785,0.0001013260901134,Olfr432
34183,Or1A1B,7410,Acetophenone,100p,100% Acetophenone,1.30517557629189,0.0001052549223701,Olfr43
34185,Or5P6,7410,Acetophenone,100p,100% Acetophenone,2.24379112395575,0.0002362580552723,Olfr478
34186,Or1O4,7410,Acetophenone,100p,100% Acetophenone,1.30098553286895,0.000244349126775,Olfr99
34188,Or8C17,7410,Acetophenone,100p,100% Acetophenone,2.05509476333018,0.0003590646262876,Olfr895
34189,Or5B99,7410,Acetophenone,100p,100% Acetophenone,2.94406079708301,0.0004499942104061,Olfr1451
35271,Or8B40,7410,Acetophenone,p1,0.1% Acetophenone,2.05143748657276,0.0005405023652124,Olfr889
34190,Or5B24,7410,Acetophenone,100p,100% Acetophenone,2.47544498827968,0.0006199489113394,Olfr1449
34191,Or5V1,7410,Acetophenone,100p,100% Acetophenone,1.27661918453699,0.0006685491096895,Olfr110
34192,Or11H4B,7410,Acetophenone,100p,100% Acetophenone,1.60661241892084,0.0006685491096895,Olfr747
34193,Or1J17,7410,Acetophenone,100p,100% Acetophenone,1.53372281602988,0.0006685491096895,Olfr346
34195,Or5D41,7410,Acetophenone,100p,100% Acetophenone,1.86789814239658,0.0006685491096895,Olfr1170
34196,Or5Ac17,7410,Acetophenone,100p,100% Acetophenone,1.95715249509367,0.0010149890173965,Olfr199
34197,Or5B109,7410,Acetophenone,100p,100% Acetophenone,1.3373379681134,0.0010149890173965,Olfr1463
34198,Or8B37,7410,Acetophenone,100p,100% Acetophenone,2.14243428840422,0.0010149890173965,Olfr884
34199,Or5B104,7410,Acetophenone,100p,100% Acetophenone,2.2540164398363,0.0011919637891962,Olfr1457
34200,Or1J19,7410,Acetophenone,100p,100% Acetophenone,1.81267158099442,0.0013166210160412,Olfr348
34201,Or8A1B,7410,Acetophenone,100p,100% Acetophenone,1.66164755196366,0.0015144841011793,Olfr160
37474,Or7A37,7410,Acetophenone,1p,1% Acetophenone,1.83404287835848,0.001775925938124,Olfr1353
37476,Or11G2,7410,Acetophenone,1p,1% Acetophenone,1.72508107897343,0.0019117041288753,Olfr744
34202,Or5T5,7410,Acetophenone,100p,100% Acetophenone,1.65813559640959,0.0021779539730555,Olfr1093
34203,Or8B101,7410,Acetophenone,100p,100% Acetophenone,2.96321681418502,0.0022429570589368,Olfr888
34204,Or5L14,7410,Acetophenone,100p,100% Acetophenone,1.62660126096408,0.002279574582001,Olfr1157
34205,Or8J3,7410,Acetophenone,100p,100% Acetophenone,1.98888249660751,0.002279574582001,Olfr1045
34206,Or7G30,7410,Acetophenone,100p,100% Acetophenone,1.51012496094864,0.0022925646266376,Olfr849
37477,Or11H4,7410,Acetophenone,1p,1% Acetophenone,1.39890302906827,0.0024265240258525,Olfr749
37479,Or6N2,7410,Acetophenone,1p,1% Acetophenone,1.44425675846758,0.0024623519826991,Olfr430
34207,Or8G21,7410,Acetophenone,100p,100% Acetophenone,1.93550454831367,0.0026648744058758,Olfr935
34208,Or5B3,7410,Acetophenone,100p,100% Acetophenone,2.18985737332512,0.0026648744058758,Olfr1469
34210,Or2T1,7410,Acetophenone,100p,100% Acetophenone,1.06606179342451,0.0030499535496235,Olfr31
34211,Or1E21,7410,Acetophenone,100p,100% Acetophenone,1.38650608069693,0.0030499535496235,Olfr380
34212,Or4B1,7410,Acetophenone,100p,100% Acetophenone,1.12575045050005,0.0031451273537261,Olfr1270
34213,Or1J11,7410,Acetophenone,100p,100% Acetophenone,1.47465112107273,0.0035449340296704,Olfr339
37481,Or2V1,7410,Acetophenone,1p,1% Acetophenone,1.46682395820948,0.0036541867078164,Olfr56
34214,Or10Ag58,7410,Acetophenone,100p,100% Acetophenone,1.56284652575798,0.0036733946131488,Olfr1124
34217,Or10Ak11,7410,Acetophenone,100p,100% Acetophenone,1.33657467569382,0.0037091445173024,Olfr1333
34219,Or8B43,7410,Acetophenone,100p,100% Acetophenone,2.37496642778531,0.0037091445173024,Olfr902
34216,Or4A39,7410,Acetophenone,100p,100% Acetophenone,1.33091955678939,0.0037091445173024,Olfr1238
34221,Or8U10,7410,Acetophenone,100p,100% Acetophenone,1.61637625841191,0.0041161029600421,Olfr1037
34222,Or8J3B,7410,Acetophenone,100p,100% Acetophenone,1.46215120642142,0.0048610044305719,Olfr1057
34223,Or1J4,7410,Acetophenone,100p,100% Acetophenone,1.08573023018606,0.0048610044305719,Olfr350
34224,Or5V1B,7410,Acetophenone,100p,100% Acetophenone,1.50636017656235,0.0055703232131853,Olfr111
34225,Or8B12,7410,Acetophenone,100p,100% Acetophenone,1.66682652579211,0.0055703232131853,Olfr874
34226,Or10Ak7,7410,Acetophenone,100p,100% Acetophenone,1.64715093651629,0.0057376580522419,Olfr1328
34227,Or10Ak16,7410,Acetophenone,100p,100% Acetophenone,1.29890655221743,0.0064829763676113,Olfr1330
34228,Or5T17,7410,Acetophenone,100p,100% Acetophenone,1.56261857287089,0.0066887408686693,Olfr1102
34229,Or5H26,7410,Acetophenone,100p,100% Acetophenone,1.2340234265184,0.0067721432744867,Olfr196
34230,Or2A54,7410,Acetophenone,100p,100% Acetophenone,1.51683094053307,0.0068875776037405,Olfr441
34232,Or5H18,7410,Acetophenone,100p,100% Acetophenone,1.15308818898343,0.0072582538091448,Olfr186
37483,Or5P1,7410,Acetophenone,1p,1% Acetophenone,1.03178708445377,0.0075298306284336,Olfr491
37484,Or52E19B,7410,Acetophenone,1p,1% Acetophenone,3.57635115318747,0.0075756562230357,Olfr603
34233,Or8B3,7410,Acetophenone,100p,100% Acetophenone,1.64916927118436,0.0077480830657169,Olfr147
37485,Or5B113,7410,Acetophenone,1p,1% Acetophenone,1.4602796104252,0.0080567118740371,Olfr1467
37486,Or2Y11,7410,Acetophenone,1p,1% Acetophenone,1.14101964528711,0.0080567118740371,Olfr1381
34234,Or8C8,7410,Acetophenone,100p,100% Acetophenone,1.57841116623759,0.0090030775435126,Olfr143
34235,Or8B12B,7410,Acetophenone,100p,100% Acetophenone,1.49992224388979,0.0097874069512785,Olfr875
34237,Or8B48,7410,Acetophenone,100p,100% Acetophenone,1.2768751372421,0.0104852600477172,Olfr912
34236,Or10U3,7410,Acetophenone,100p,100% Acetophenone,1.81478771098724,0.0104852600477172,Olfr247
34239,Or1Ab2,7410,Acetophenone,100p,100% Acetophenone,1.16294122578043,0.0108822224275318,Olfr374
34238,Or5T18,7410,Acetophenone,100p,100% Acetophenone,1.49340861124519,0.0108822224275318,Olfr141
36372,Or9M1B,7410,Acetophenone,p01,0.01% Acetophenone,1.52978380238628,0.0117834846016823,Olfr1160
34240,Or13A28,7410,Acetophenone,100p,100% Acetophenone,1.04303002379248,0.0153206105549155,Olfr61
34241,Or8G23,7410,Acetophenone,100p,100% Acetophenone,1.85730367010585,0.016532861126866,Olfr937
34242,Or5An1B,7410,Acetophenone,100p,100% Acetophenone,1.8084719120428,0.0166077304934727,Olfr1437
34243,Or12E9,7410,Acetophenone,100p,100% Acetophenone,2.02803324025568,0.0179845806529071,Olfr1121
34244,Or11G24,7410,Acetophenone,100p,100% Acetophenone,1.28610029105718,0.0179845806529071,Olfr739
34245,Or1E17,7410,Acetophenone,100p,100% Acetophenone,1.37179777210005,0.0192970829087123,Olfr23
34246,Or13A25,7410,Acetophenone,100p,100% Acetophenone,1.3377040636549,0.0192970829087123,Olfr539
37491,Or8B12C,7410,Acetophenone,1p,1% Acetophenone,1.92784681725198,0.0197739578050634,Olfr876
34248,Or2N1B,7410,Acetophenone,100p,100% Acetophenone,1.68078154402657,0.0209857813531143,Olfr133
37492,Or10J7,7410,Acetophenone,1p,1% Acetophenone,1.01758812518976,0.0219645621099772,Olfr1406
37493,Or2T45,7410,Acetophenone,1p,1% Acetophenone,1.057207502746,0.0219645621099772,Olfr315
34249,Or5B21,7410,Acetophenone,100p,100% Acetophenone,1.56075566299395,0.0220156944765365,Olfr1444
37494,Or4A27,7410,Acetophenone,1p,1% Acetophenone,1.04198580109508,0.0223705258145938,Olfr1197
34251,Or5T9,7410,Acetophenone,100p,100% Acetophenone,1.48449756553494,0.0232136289481537,Olfr1094
34252,Or5P64,7410,Acetophenone,100p,100% Acetophenone,1.47071823843471,0.0233950727980393,Olfr488
34253,Or8K3,7410,Acetophenone,100p,100% Acetophenone,1.4493856462459,0.0237045919023093,Olfr1047
34254,Or7A40,7410,Acetophenone,100p,100% Acetophenone,1.42805053697168,0.0239665770912406,Olfr19
34257,Or5D38,7410,Acetophenone,100p,100% Acetophenone,1.5935066866644,0.025051479789626,Olfr1166
34258,Or11H23,7410,Acetophenone,100p,100% Acetophenone,1.40790830735658,0.025051479789626,Olfr748
34259,Or9I1B,7410,Acetophenone,100p,100% Acetophenone,1.40055377333856,0.025051479789626,Olfr1505
34261,Or5B124,7410,Acetophenone,100p,100% Acetophenone,1.4273934845184,0.025051479789626,Olfr1489
34262,Or5Al1,7410,Acetophenone,100p,100% Acetophenone,1.32665250391502,0.025051479789626,Olfr1042
34263,Or5B112,7410,Acetophenone,100p,100% Acetophenone,1.60452830980801,0.0283366935118885,Olfr1466
34265,Or2Ak6,7410,Acetophenone,100p,100% Acetophenone,1.0012058009083,0.0303335596018442,Olfr319
34267,Or5Au1,7410,Acetophenone,100p,100% Acetophenone,1.16408529849453,0.0312064353410078,Olfr221
34268,Or8B55,7410,Acetophenone,100p,100% Acetophenone,2.20602384187659,0.0343167470355685,Olfr922
34269,Or13F5,7410,Acetophenone,100p,100% Acetophenone,1.61890473984665,0.0343647779220147,Olfr275
34271,Or9I1,7410,Acetophenone,100p,100% Acetophenone,3.52579104131872,0.034779863637802,Olfr1502
34272,Or5M9B,7410,Acetophenone,100p,100% Acetophenone,1.3092129106483,0.034779863637802,Olfr1036
36374,Or4K52,7410,Acetophenone,p01,0.01% Acetophenone,1.6373546655433,0.036246728373569,Olfr1302
34275,Or8B1C,7410,Acetophenone,100p,100% Acetophenone,1.82017801818817,0.0374305872199647,Olfr905
34276,Or2N1C,7410,Acetophenone,100p,100% Acetophenone,2.02114421307391,0.0402702353262633,Olfr135
34277,Or2H1,7410,Acetophenone,100p,100% Acetophenone,1.47422033979209,0.0402702353262633,Olfr91
34279,Or7G29,7410,Acetophenone,100p,100% Acetophenone,1.39753335413144,0.0402702353262633,Olfr847
37502,Or8B35,7410,Acetophenone,1p,1% Acetophenone,1.61184112581296,0.0403743679974514,Olfr881
34281,Or8B3B,7410,Acetophenone,100p,100% Acetophenone,1.87358156919209,0.0479959187632427,Olfr918
34282,Or1J18,7410,Acetophenone,100p,100% Acetophenone,2.07038556427213,0.0479959187632427,Olfr347
34283,Or13P5,7410,Acetophenone,100p,100% Acetophenone,1.10050929000082,0.0481096456610732,Olfr1339
34284,Or5Al5,7410,Acetophenone,100p,100% Acetophenone,1.66090550128113,0.0486241408338594,Olfr1039
