PCA_1,PCA_2
14.098188447064757,-3.7641403207289565
-14.82260113519953,-11.054087508578608
-12.975491888825802,-12.766962171617315
-15.105965710092269,-7.59385882752384
-15.576645877815084,-11.45809981362013
0.05972921816823786,-13.183861653256729
-15.405406754553502,-7.962496422140906
10.903947252385862,2.2381392308947685
10.859530589930191,1.3111870082397532
-7.715057255324756,-12.18825574832803
-3.4532968190506046,-13.735394456930706
5.830820947759706,5.912240866356816
7.673237461226832,4.339392593638092
3.705265100585886,-5.354670995242696
-7.237826342568493,1.8940346764087639
-10.991261850082674,1.5719863860945702
16.686821137637132,-1.8438654038082134
-13.759656278798968,-8.238787546453727
-0.6686843875343633,4.134041024188919
16.078833975645846,-2.665974036912278
15.889288317820961,-3.3283995356145937
11.392873912310943,1.2079446386072898
13.155455474861403,1.4227251732181376
-1.9068861141872688,-9.104873351245747
14.300055506848386,-4.185795363467659
-9.592486022405131,-9.703766398570504
-17.195315157098875,-4.569910060604077
-11.375440001181882,-7.1367059761605764
15.724954420204433,0.959187577986406
-2.854320049729658,-2.33043120547104
-0.04289441442929834,-4.171645592248689
14.710128792402882,-6.875258766871911
-14.71271368397267,-4.235926369707577
8.400813780954628,-5.589534984720987
9.081460220140299,6.973171323370259
11.189358141104606,8.984644848447198
7.667331681744008,2.6038503100182977
4.647193985020846,11.989101444973558
2.975830247021443,5.8897476275173375
9.720195594909473,15.019254714827678
-0.8181768388706561,4.636228000320208
7.353241515978275,1.0305526023395093
-1.6369416091890026,6.0192466370296325
-5.44491590100489,-4.753670325873645
-7.805079424791632,-7.670084875361798
8.677494944673583,9.371347701893615
10.463244336594347,7.487833054993378
7.187554470724818,11.485225408675616
8.091281414809117,8.480533214954834
8.507098951265833,8.706092690050296
1.5064794669952537,4.973132357696621
1.776358964231439,-2.1718346556685737
-0.7077592725140517,-2.551795323490775
6.142114955645363,5.25620856903194
7.16140869121157,-0.13577760485768864
6.053241532736024,-11.605063856953391
-4.5998278846633,6.283168104309251
-2.036975052924262,-11.418988025039127
-6.961487543552125,-2.4861492734251915
6.201045029522504,12.359558744673809
4.945156544375323,11.119019201204136
4.443765861414766,12.730626928120014
8.151404688656305,-2.1913245179989995
14.6937757475427,-1.5465401689854825
12.975697617644594,0.3435637647361939
3.6051720721954257,-1.9441804528071152
-2.7773254471637285,-9.01267359194406
7.375982206625577,6.718311006879839
-3.8830914730252952,-9.598859335471387
-8.30729863587116,-11.451116011670221
5.019504731880189,8.835754501427676
5.161181536326686,5.551793201108438
6.9212131121153515,-0.1801218414343337
13.01184289779435,7.82798440003508
10.223760927626035,-0.15668239170058268
12.750443129422369,-0.2886221218751086
10.873178107614628,8.684337948179884
5.561599040922935,-9.763555861530639
8.297374708766732,0.42977310182644896
7.179563660232876,-0.14515850687463847
2.767318768236456,2.0755288756854284
5.148380902527198,3.1249199185145398
-2.677902500006278,3.0644529153437126
-8.495003253047505,-1.258911734063896
10.333069973734139,-6.957265935809332
10.287181897950903,1.6465713511701112
8.640797838751157,-5.364120362727712
-8.431555654380617,-15.583805196024658
-15.415221170690286,-9.464870198618879
-8.755330858079068,1.5738989502836431
-3.6661742377876183,-3.679973562460875
-6.580523900110895,-6.137341692382058
-4.430719786180384,-7.070970629969105
-8.952986302291484,-5.027626009699376
0.4561185610748716,-4.095438402256598
13.731913896241629,-5.44162105910765
12.693994516854687,-6.9426172345208865
-10.711153715777701,-9.22654731172018
-1.9570722235489648,-3.198249263278243
-4.7579032798594865,6.679681429202094
-6.170132477860986,-15.254084741920666
5.726700296031059,-5.228225754737261
-11.117236066713053,-12.155514149235175
5.278650444605675,0.0018096888384348745
3.298960728388005,-0.052389496113271386
-6.0598830832634505,6.9679695683085034
5.426902637860128,10.810589644548223
-5.339568341509254,-5.504713542276833
3.7966115050411737,1.4170117511250873
-2.949483585414569,-13.510633379175296
10.805894479571085,-6.81179135661804
-11.49263688419184,-8.373296399704211
12.804065811498589,-2.3541983842310477
-13.53601961152067,-7.579143795351244
-16.15181214003787,-7.618707517244262
5.148566479320435,11.017968576419676
9.486007124881436,14.264672164556062
-17.680567347166548,-2.8352530010518096
-13.80618279100869,6.102989194603516
10.416520873207206,5.702232411440591
5.535430348675372,-1.1007773089579331
8.58086685007546,-0.2202753218490461
9.444926728506706,10.259369612204786
11.787833999387159,5.677237633181093
12.379188259629828,11.694215532952022
8.686194625304138,2.9400877814777364
10.42126521971539,7.38312454082876
-12.636019292451797,1.8848610591123964
14.248804919825211,3.8864896105886713
9.38002525627299,9.67892235920234
-10.302465994826177,-1.7811779181587721
16.725163181677317,3.973341889363673
13.605269562564787,4.289013899286384
-0.6245181000155078,14.043841716251636
6.9774934632757954,7.2005740734523
10.103500587304298,15.814763001389782
10.072717690550471,16.276401998099473
13.440735450884217,14.399765179266067
14.998902637238807,14.240930528893214
11.692832086995253,16.442674609016507
13.774916015086957,14.284018360780275
7.122889186759002,8.974312798779582
11.984249916678014,12.156066958798442
12.951840289272237,-8.306831520499475
9.007314496787812,-9.19720013628779
0.017098716474534578,14.922024035157667
10.061009551214793,-0.260878990544857
-2.039807274669344,-17.755447899457703
8.73305583722801,0.7806394982179645
-8.702533516778406,-15.957372714193834
16.511963063747217,-7.971449995781282
-8.977759541249513,-13.45667638165672
15.976626585283459,-12.150124686058925
8.480054600182156,-0.6645394877903655
9.36603955672743,2.4296743212911784
-5.409461915263843,-4.082797913688658
1.020960406687883,-6.871441103126704
8.700317978364614,-0.8651640726134693
-1.8048950819023408,-16.844092335385408
-3.6604179056118347,-7.77191573811223
-1.2953472045625538,-16.75819926567272
-9.54712369834698,-17.227906333572506
4.377634207159483,-17.43941300712476
-7.3057507343158345,-16.36416249823618
11.611580304327326,3.776480991701031
-9.348711117025346,-5.436127300688503
1.0627750248104368,9.636940040010053
4.026103364668677,10.456301933263894
6.040148278407467,3.795067638774707
1.6785324479358847,10.979206954369014
3.5968823276730393,1.0459633137672326
1.0303693220240713,-2.0904070409911535
5.143540081787945,0.046653746633857504
6.503457201502014,4.535736526112631
5.8826416035721625,2.3360322994000904
-8.993264391903212,-3.2435288006754277
3.4772881565550073,0.977771024242653
0.7792573998432948,14.088923542007889
-13.24777965084859,-8.548158020531389
-9.485650851432645,4.174751178544325
-6.454337547978324,-8.017575067972793
6.782801148975978,8.026947263574804
-9.883471708967365,-6.9968232838645115
5.065739917853335,-0.5099833287320752
0.22167265784079263,-17.156688903955114
-11.919163475148675,3.2720455564071793
-6.957462706481255,13.677289698451764
-17.220767109008875,4.7321573703124225
-4.656590023056273,7.632349816213694
-13.145100963477985,9.040409718062119
-10.656529003317468,8.837854185510015
-5.844827073619095,12.429792752534913
-2.427486409826511,14.788004123134874
-8.335187819151333,13.331970194680267
0.36879699348204487,17.575784497476466
-15.24367242071329,7.2212427954330725
0.5405768801112243,15.127152503331518
3.764615654780647,8.535747808708784
5.249935164237179,14.151636166657141
3.2937724087301827,16.75352437470098
4.4545231809267545,10.254940057506559
-2.1550073220780788,18.372341817255776
-10.29854055507092,9.523190048178483
3.4087975760669558,15.973968907667494
-15.616854239156606,5.032445084267482
6.55195703518076,11.95878859431423
-18.180258699923467,-8.357649424959469
-15.496718650452546,2.1666550844925325
-17.36718122282985,1.4099720702855036
-12.217201186032405,14.436388677601363
1.5469727648335412,14.130112014422744
-15.144707157159337,-1.6409962845054804
-3.851461513164545,-8.263585085749169
1.7393419185741341,12.564255890949026
-4.897211709849282,13.439951539770702
-12.461045512420531,9.158626001443878
3.650857777907934,10.425564929085704
-16.44593774651858,5.641825449145311
-13.598529101155808,6.912437813048639
-6.8039825393054265,12.149592962029807
4.052936485542407,-6.177459499596699
3.991852095460009,-4.3450513499197125
11.893241974786388,6.896776342981228
-12.768148404815499,1.5070112466588457
2.2602721143872815,12.703269083661093
-10.43207659624057,8.363831743713506
4.61393775745449,6.769146162195898
5.186545864526446,-5.250310885107343
2.748169741432623,-3.1752856690285416
-2.5460833534105616,-2.568254014152818
-6.207040174359487,-4.607728800477155
-2.6205835472877905,4.927201086519976
4.276114183005832,5.273465169437396
6.8942232064176165,5.9515959013854935
-6.687066563249739,-7.004811323275008
-4.400434071675164,-13.605841144939891
-1.1166925564414787,-1.5458080188914398
-6.4622526120904995,10.606261282387402
-5.351513693938294,10.441527769324791
-15.892979216127427,-3.474117182987244
-12.99921636626118,-1.586836438526652
-15.56546579521024,4.987830102256476
-23.57768987021269,2.3861416221776715
-11.20129921413932,0.05618995060026702
-17.052014925998733,-4.4253406030002465
9.095257759768344,-2.487553743181041
-13.993263420583402,3.6037986599678926
-11.82192218218353,-2.4852688860293597
-15.10803403450615,3.9383819674854794
-22.368197630972542,-4.004870437102805
10.730161318663523,-5.391264493202042
10.38625599552217,-1.4894877077109152
9.455588189820803,-6.047559964595246
-8.392798592240561,-6.984555571230941
-10.71396760435531,-10.499158224399356
9.970026938266091,-2.961124458543165
13.070938117595501,8.821194439592665
-0.20293698777121522,-9.125403704716136
-3.50548280277642,-0.08088651343354361
-3.0561347736265114,-12.140008167841453
-1.0692144302292588,-0.5330734403643295
-4.245050793351111,-10.167352017531446
-8.294451693927508,-7.871201930979063
12.285345534607648,0.8213942702676512
-2.53141576425578,2.7464261567142887
11.488794164573447,-3.5854833685866905
9.546203421121783,-2.841140001860096
10.237723283808176,-6.343915331736997
9.617058999334025,-4.470429170367255
17.275738522521326,-1.095574148103848
8.986243003274579,-8.131477684232747
12.431264132205577,-0.2508718004669713
6.445236654561677,1.2201966445874595
4.312984841243715,1.4880091603566326
-8.71723203293715,3.8965709227397207
10.011503256865046,6.718126500076358
14.005351552397961,-9.700297403430314
14.733635173874854,-7.254652480535362
9.35491009118571,-10.15770027720395
13.863347174403078,-9.263554612056474
14.723871422402377,-10.83843970261977
-4.697237840342605,-8.742715433243632
5.743564487694315,-7.8139267459444
6.304899927673253,6.78968529282505
15.013992513062869,5.72963074566559
5.306142741542384,-12.551172524996172
6.523399772978531,-11.184798298663138
2.01378941773492,-16.62362375724168
-1.273868539631035,-13.992914947407755
-16.509933667873714,-1.8311675276101953
-14.721901986072128,-1.5422855452360844
2.139404543196659,0.1396282274994221
14.922111881731034,-9.344803673224327
12.399926291524467,-9.898476917072985
11.522106629241975,-11.810670212291777
-1.5056561728377935,-12.508441174060298
16.24369590208432,-9.5508644060098
-8.39662395799349,-14.562672474776116
3.0054201706301527,-14.01892752052497
-8.840342123306776,-15.512207000598865
10.616173707099692,-14.171346981852126
0.5802908614944687,6.401087063703337
13.035033094057642,6.109159409586274
-2.8037639244228467,3.8654880616125524
-10.313203433989482,-4.760458283355265
12.054364154865329,0.4692227523654459
10.878221163466113,6.494995705183541
-0.42073267858809366,15.446910974207952
-0.06980036425764709,-14.999405086729361
-10.707288692243772,-9.97440775679368
-1.2624928150875026,-14.16668152717035
-10.484267730444836,-4.44144419773804
-8.43018898014888,-5.407628987787216
12.250549210843468,5.436355095673537
5.553257959555955,-8.748909370961535
1.074941216219381,4.953491821873953
-20.1910872821092,-1.3183856833816763
-6.464669024343831,6.703425190083465
-8.777797189063644,5.547109080878669
-7.633486826662256,3.5679757617274057
5.878734737692876,-16.53826153315379
-5.580155559730993,-12.269858899133053
0.7391967631285372,-14.667752788537667
8.517313401348096,16.806088379863432
4.675953877013725,13.380924387568358
-2.3024380729047476,-13.767166809825763
4.166852265361858,-16.39417026575561
0.12630914919841216,-13.5910902763411
3.807464350915337,-10.67940775337443
-11.35745877230393,-8.927379834977055
-18.239892819260326,-10.79542280775292
3.924707285990916,17.178393702402232
6.075235201648121,1.442133037689576
13.606486248049436,-11.734649148453471
-15.559581139969,-1.8026474568106383
9.924493496033136,10.331189566509407
12.861393980362417,-2.7025945298688607
14.348546785984345,-7.972247449835377
15.339944668142918,-7.710006061162339
11.342308735682051,-13.062297056347827
10.84553577609704,-12.384521513135551
13.168211721475538,-4.857863147268215
13.230698309006215,-1.1341033012408794
14.511163277968848,-10.419379891833552
3.153869076138527,-14.858038466162997
-10.167511352510461,-7.894622612730892
10.059537526492011,-10.867536705730728
13.895257644170474,-9.451655108155128
12.250710334629428,-3.4088270324749153
14.216464828871532,-5.014747373100122
17.15239778574274,-7.6316502405910365
9.098791092500132,-11.773823128357854
7.738629685397025,2.890286502233176
11.611398624808274,-9.541079937288453
8.507438101630118,-13.995167226670981
8.743587904281346,-11.813444206751369
18.618418727954484,-6.920503116235994
16.963161895342257,-6.009583236584035
0.3882543899903086,9.136048589032706
2.8161036463107085,1.6625870125807622
4.237144063606443,1.3999732941244416
4.640613660617306,4.922299289628936
6.987980955228116,5.519575211085611
11.255577948029561,-0.6050129581600782
-1.0770446998951828,-5.098808333530633
-4.44306941919175,-4.846339818575486
-0.5949055169902743,-3.183705998532091
0.60235716616163,-6.10202862119344
-4.409744310857509,-8.845741833269962
7.688691926387685,-4.820047748048543
14.323094558160106,-10.76754627615511
7.610294108477874,-14.420281564781618
4.306315724909962,-14.800321181552912
2.66490733162214,-10.982430811854524
12.932899338625562,-13.216338985034444
9.402908494263734,-14.647808295377517
13.426695598784525,-6.3513354753149045
5.492454709490768,-11.520316962396597
6.102233659132362,-6.354172427390729
8.65680014985958,-11.916913534615933
5.747970657867657,-6.574198474641837
7.622104568941904,-13.250390137247065
15.64189268726817,-4.375874694153555
13.451759682165234,-2.6911820134265882
1.4139377661792116,0.5793322442601413
0.28697563030705325,-1.7269190207198097
-1.413137286761228,10.212894907937162
3.840866230890925,4.355783286109472
-2.143226217292666,-0.9681845979679448
7.337512757891138,-13.426195300547137
-0.6740308968459,-14.589083167904608
11.9365119999541,-0.23040556074341895
-0.998022502561914,-11.101317714935755
13.420753540413214,-7.601747156044588
13.495466867352468,-0.44252559161045074
13.93916381504059,-0.36686754568832664
1.6188271749832273,-15.801620416846466
-0.4179811817643638,-15.296469194735675
-11.073286617304515,4.582448370265654
9.250908428443175,0.05262018811497926
-6.174993071669958,-9.729510906597012
11.362871825003745,-10.479249282052551
-8.162948837403794,0.3797279572537675
-6.539965290566363,6.1698957315974905
3.10594233830102,-13.902852403000795
-1.2386451651527117,-2.2130910445128484
0.8402932396922462,-5.688889472671585
-6.881370242532275,3.2316178394797728
-8.011474927900078,-6.107777703311538
-4.26048617793379,-6.807456208240301
7.798260063222433,-10.14699195567228
-12.748317986969692,2.1358793909860183
14.521768660744563,-2.1678141777645625
3.927323726947289,0.46625052830435454
13.251540682131642,-0.05732908162002835
-3.4680820739748768,-4.0485605809648595
-1.0843862583253423,-6.297828077243796
6.8462984845327055,-10.794346199511287
-2.6809630538917677,-5.604915947494182
17.27583813137176,-0.4546187275935379
-4.646867136032647,-6.711568762786219
-0.5525480269571299,0.6261728481526897
-1.9217556566054292,-14.115429480818806
12.900315645878937,0.3499076942519491
12.47353154543429,-11.561217690222504
9.005433397108277,3.5213764031974426
13.999511941101733,0.005075772608735161
9.873924419867794,-3.1791190939948426
7.156703497361253,-7.381541251305066
10.366226657178725,-11.064675790057995
-0.24642342938937958,4.174513124185316
-4.428065713842089,0.1029503374232999
17.957162292232635,-2.598693066112215
-6.724083379835272,-0.6140634349019647
13.505398287433769,-0.6728605325068574
5.7337914561612235,-1.5433154402800815
-9.27673770590966,-10.715616816821884
15.290273332363313,-4.837706807726137
-5.282997045171074,-10.166080588793898
3.525726985194858,-0.8383253837202198
-10.17969109791314,-12.332913700895165
5.2545667741204385,0.6252418080134611
6.223935287524479,-9.545890930287781
-11.533708076117051,-7.013466918482096
-0.797199791204294,-0.29236296657970234
-8.53276320834343,-0.36734096426661045
-6.306077629356762,1.2350813743272562
-0.6805216819390824,4.52198676533835
-1.2932418094093754,4.490054414778533
12.554010826781129,2.042542074876391
2.0991044947526416,-2.4896441031153125
-14.831436716200347,-0.4563988187776118
2.7317936606415767,-0.651392377367506
-4.824683405304847,6.461234284270653
-7.847020920409461,3.9482620936307686
-2.68249539179564,1.0303760544043408
-1.5597083418895015,3.9261251471267453
-11.724848819442107,4.18709836055784
5.201231731266569,6.3076989664480125
7.102969521387079,2.4727093805920908
-10.274345324201233,5.749464341456262
6.177270001653681,-3.9713411506769987
-5.334298268388517,6.419263891941027
9.771159599076112,-10.917179078755817
5.175983895037839,-2.240933389431105
5.587824965186551,-9.558594850386744
-19.234814587966543,-6.163706472483263
-15.180141198819783,-7.182388460887983
-16.79963703879844,-6.503242166839424
-13.05092349956005,-7.997169022312561
5.550267430385182,0.31380955664940113
-2.0608977606291887,-5.55218076903714
-16.619330687898504,-2.8033494854942558
-6.889410189841329,7.4567340326212594
8.695439147490692,1.0172397442458512
-15.9210336234177,2.5550565356908708
-10.317110306080629,8.706193231768799
10.153188562795103,-9.1223257261933
3.254915348211916,-0.6675495629380903
-3.0053596125002175,-5.899648302261272
9.159160044011022,2.3588844310673944
0.22379408988761904,2.580406654653342
9.764782399369341,-12.864838118299632
7.565407846696788,-8.4009659136843
11.02579058212153,-9.754460904347374
6.91584132491369,-9.748670246961035
6.484712050726537,2.6646827555839128
-10.34746269588156,-1.3601722094099669
-6.3887010111798155,2.471836107383425
5.554731265455979,-2.42569919578689
-4.1114625033251455,-8.806099769935448
-7.959510701812514,3.4490412999651228
-1.5747001697066139,0.4350915369618337
7.013991684051321,-1.187133648678167
13.64817591447053,-3.528224925055673
13.241870498810641,-6.5109657246897354
11.738490897832875,-3.396792569851155
0.2791517453980741,5.242314653615694
13.152535956588773,-0.9053034082368445
-2.6825749982105433,-4.940279706641679
10.075852071141504,-1.5871186558858714
6.9287240714004525,-3.9820094221927342
12.274114698624642,-6.354410350659064
12.658830389392538,-4.871489073619194
4.336065896631694,-14.643891600335353
-0.5927721154295081,-10.047175322732812
-4.2776463867272705,-12.001350188069608
0.982151041761031,9.428933752400583
-3.606191133856533,8.608569395154499
-0.5395784974170367,8.786272002622445
-3.5997580659129778,7.644901110047563
2.5014580843345784,9.688345332322983
-4.332466812361508,4.74473827278838
-8.543653839829357,8.284381233802433
-1.2609901437185869,10.737695772480476
0.25414985279256425,3.7381164625825494
5.2546061573403975,-0.9776853022943921
2.3464209469754818,4.747472690263674
-1.985012004153443,14.293731071200682
-6.6479794043803375,8.779788507563586
5.964882181452558,2.8074768925005693
-3.0841503229199674,9.086164115273096
-4.762573655789116,8.37550451717912
-11.11145617343599,3.275342272192404
5.992476904325265,5.219050475137068
-2.5938452978793696,10.413243499322093
4.104212150344867,8.430227074550496
-11.520290583155855,13.154451475074191
-4.14399401720564,-8.469065301243116
5.253117773466814,1.6765147035607584
0.5084689936471766,9.063148585879869
1.4019136451611074,9.734810631128026
2.6755401909561987,4.951570162273531
-3.6703726390563447,12.509064049944456
8.411768856687187,9.920091657104821
13.386588767500303,6.104273406015271
-9.82897713825643,2.179153751269104
-5.157837473518928,7.898313379016685
-2.6919861343288587,3.038389412149005
-5.649819552759307,11.982723690983546
2.807086910525279,3.8974112016592284
-0.8996983417762462,12.789190537548373
4.226011344384369,9.166247196540793
-0.42529986962386634,9.477157356700284
-0.1907507446024681,12.730651587162399
-10.057032365671121,0.6536513072869874
-8.764247408326233,-1.077603061516138
-3.7590499188054385,13.226564278531567
0.5441060740173759,13.067804364747463
2.0127445302926326,12.150858937242138
2.7289381947997793,2.3705219062996448
-4.923013136911598,5.249424759447936
-9.867531483126294,-3.1269892566094297
10.46330170649017,-1.9216937903343683
2.651487187208185,-10.596370647351092
-13.863465445786318,-1.6291818271684557
-14.705295970811088,-2.0067886273918054
0.3874068705738742,13.52069184823096
-3.1679958855231085,0.8388201304498614
-2.6213559025924287,0.45401477553531666
0.45081611331258875,1.2983967061994495
4.715189223645925,4.23282209337001
-1.078124251213697,-0.7419699575520722
-10.36942752766592,7.098182352467082
-4.0036323012918364,7.35407697131894
-10.828983171426243,10.51474414513535
-6.496554704843519,11.459669156067736
-2.8330994621398915,13.89408582538034
-12.128029521417334,11.487824767395216
1.038335266669474,-3.8779150365644712
1.142778603274009,-3.731870700141359
-3.578397297439851,15.11688905727245
7.407915146268051,4.943943663028136
-2.5002698566465362,10.67991938547796
-15.381308749793984,-1.7528990751669609
-11.192824483236182,5.932830904948464
8.439955400280429,6.729793892703044
-5.510644691447935,8.894587944430487
-6.532826889673832,6.905635930383962
0.23421767415946007,9.597730495279913
-5.973244563735886,6.310631300556261
-5.7607493550150695,4.265200765349152
-12.940340102630708,12.066875305516744
-6.974719811707516,14.35720322453173
-8.627499057316108,10.482056984944593
2.912136066000337,-3.201196415068928
-5.913512485332461,15.73738456522556
-13.704862780895484,8.747961666138416
-1.7117213860416858,8.00177235049259
-15.027378863639896,-10.701198803605077
-0.6700727118982345,4.312201750581509
-0.7124940415149801,17.924911751712195
-12.57125948539114,-4.708564426746007
-3.1390339907148737,12.166342386855607
-6.575340633124914,2.6881406076813774
-14.157195131019504,4.085383890604759
-11.72295835789331,5.398172682734754
-3.632743412417355,-7.299926886339846
-10.254526526621477,3.9351344206648013
-9.639605367197179,3.1121361934741354
-3.3238324602435023,7.524361718609202
-4.887612768996584,6.6808126696378975
-6.67003597115094,-10.063761195817415
2.5787005034113633,11.380000721937193
0.5351812756206326,3.0662219251544474
3.141620355106065,-3.4995703634642252
-2.5288739723861595,-0.9424077648281438
11.145568432142367,3.0007956710206507
1.6805718906397982,6.135963594438189
5.434678734518234,-0.08960458266913306
4.229494087424252,3.5634487281106373
-1.099848184332493,4.994543537620186
6.521165572806793,-4.04950787029634
-5.1953022658208825,9.620222171545807
-6.044022189380936,-5.48203246470892
-3.730794003627728,8.364525183619175
-5.290780269528978,13.890678314541004
1.7140715624113634,12.181121190962688
-4.228170667073995,13.680561924269677
-2.208678895164865,3.5904010289760233
-5.9470134216179975,1.8049881698380181
2.803179489034103,13.60419298275674
-15.235452805993104,7.806162620322864
-14.243119411115643,8.594722665091316
-3.8247999037762432,12.975101895448132
7.26534201187212,-2.6840337749157013
5.697740769653833,9.569395028622205
-17.694001715824122,-5.784729463953081
-1.1175972011577315,9.057089378731613
-0.3874686770145607,13.359260725060004
3.4796701793279974,8.545798993433715
-1.9724487784516944,1.2032767598365237
2.518695741267177,3.0011629649980893
3.357767497487235,-2.660998671309504
10.133627425936403,-2.202242636035679
-5.790929643050755,6.199210943110114
6.855081668844366,-3.906401033784604
10.724569930717548,2.7327332416163777
-12.952157274263943,3.5087916527746437
5.139277212959165,15.121329198684936
4.9543132849008895,8.518245693242225
8.324182274407177,4.283336494927326
-5.592541117504296,-6.853854288658809
6.257636212914039,-6.09863630988479
-1.5104877554463718,7.432308213178533
7.120434013000914,8.11928936351413
11.018467035482987,-10.265000194362733
6.139802749641095,4.1903416420799715
9.916072465973514,-1.1655171133116817
6.911728651599085,3.213897029843999
3.620324111705035,7.186149922765939
-1.2447686532935271,5.343209361957844
3.6402426098872978,8.410021823895557
4.793926107416149,5.047048578482415
-8.969443740059475,-5.590638141264526
3.4866734968071023,8.598816162777585
2.525021776999235,1.150965032152083
0.690818482611311,12.24458424397359
-2.758215181100581,13.372512542128165
2.059421654721906,5.0435403750703465
5.327453886201469,0.7257234241069058
4.512034997511094,3.7773488820208923
11.526759263115702,-4.929995188892699
12.028694353307284,-7.368933775770725
6.895636780770398,-10.980608164662685
3.87009733078586,1.8092834496075862
8.023456415604736,4.065591964659011
15.389620391111219,-1.439419680156387
13.727264391580086,-4.920978064827436
-4.5007598441477485,14.052798486622676
9.532813556497999,9.362514942543891
3.329841935881068,11.211398658750586
-5.586254098504442,15.183605233533543
12.473958043913406,3.2364309714451336
13.71893610266107,1.7237260779672858
8.581351636329064,12.335300887026492
11.24894242719633,9.490846128925153
12.39972633078164,10.692143664743124
1.6934399493786427,14.20557694898885
11.745220452211056,5.089096645326096
7.10589056969769,3.5084225440670314
0.3987453773608686,5.852942370522746
-1.8284858364986465,8.805010499001524
4.963232773621781,7.962427068235156
-4.261008713355749,6.841393426413581
4.060133134789367,13.603349596100777
-10.642622962726092,2.844782450199397
-5.406541870167027,2.7899463700003353
15.409049344681135,-4.056403639264911
-0.4471006971096171,9.405857671477696
12.706659513367333,3.5388244899917374
10.765210529826511,5.284741433840749
-4.497477793616885,6.3499551801671
8.040964277795071,7.339023019666675
8.731704685181324,8.1652721628165
5.523478287868791,14.987598073516745
2.1465100374377566,20.093032532265607
-6.794767561307729,10.47845202072289
-3.8242706831192073,10.645489590655737
-10.769632573354947,9.126834542367723
1.1225900765465602,-7.8388587827984875
9.576305113318131,8.280440345042352
13.100736161831989,-9.53618022358168
3.940839200136832,1.8319224388616089
-14.737476054631355,-4.2420245975343205
-3.7299702988372947,11.579607321433377
-14.420579677114894,-0.48683739914018304
-1.1512367598546622,-4.426354672681441
-12.376624390938032,-2.6835358798883147
-7.514173476159401,-11.793050539923666
-11.471334165097682,-1.7359984937125519
2.2920815181728216,4.857068535615226
-15.725166457415355,-5.0651466322109915
-5.508603816641633,6.585404620234275
9.620580108351772,2.1297979329613055
-4.816240935197141,10.091369618140275
-15.946874563956746,1.4781241504723586
-15.53975301643317,-9.989055203547586
5.547909040227995,6.589867959441477
-0.9545358039183712,11.529611085725072
9.274021875497768,-9.173999454983033
11.83630221526517,0.17627046204755567
-5.771947299751212,11.362146380973654
-3.7791228095433165,-14.781049946201207
-19.32604325141992,-0.7421713403053148
-7.123965207538896,-10.91816969983557
-11.345654536164854,-5.079946478834267
-5.739395865183154,-0.23642071112075133
-1.5938066585795188,-11.584022021448945
-1.0501258537574942,-0.06299228141789388
10.950527132185313,-2.962114441199877
8.758806780328385,-5.788929958927547
5.573121754359114,5.106176306252043
7.88914401082499,-4.46706755902045
14.237664738748512,-0.7975477253490996
9.748159270634343,9.617994530503207
-0.2909181781506404,-3.317216355875052
0.039772639189688576,-3.310935903149226
7.239945824128822,-3.719562989806362
13.680370545813785,-6.998777003284511
6.778000391173487,3.26289470289783
2.3363744205186996,5.829569414043205
7.914788668617404,3.4774244877285043
6.631662225581149,3.975033471595984
7.246528380483563,5.239318855972599
8.603943443538572,1.4607189090384312
10.592379160685047,10.758283035936932
-11.43240988843564,3.9500553321533545
6.1504509658649,-9.762406675365654
9.033701003119887,3.290412853008865
12.890391319709348,1.3631388604641768
2.7785602674466188,2.7961125498966433
-13.408650218752493,-1.8491016944702148
-14.95587477018128,-0.547637428124078
-4.863861673887978,-4.236725453424294
6.920636112983485,-2.1682011852181504
8.441442666542876,-11.396698366569222
14.747623784822641,1.3123133893418522
13.097061767861108,8.700655177186935
15.81545136133637,-0.08915238645494819
3.688466922502868,-8.930627260797996
2.2629737311571474,-11.637086460449813
-5.68737587586282,2.455683862250616
15.227467996806059,-1.686300849419916
12.349188428799714,-2.8574056722689964
10.910647778185957,-12.968220525178184
14.452394831050604,0.7263418069818063
13.368524854597242,3.45801415706177
2.6670639228100534,10.97020766594136
15.006341006976845,2.439218518706139
14.794686564011233,6.371298857042491
15.588686899404637,4.536594953872348
4.693967841400863,14.579537381242213
14.380820773422549,3.225084949332723
12.458961467378716,4.2428665189859345
12.745936055669688,4.407987036645803
14.403052699885299,3.661382243891859
15.712130374418496,1.8049603059306276
12.671839469760585,7.8099898955155345
14.25006509124045,6.55598241314623
12.574583906829883,1.7819432504797537
4.075970750780691,9.71362045479047
11.858848935716548,4.315120878523045
12.754826752218522,11.68646295839798
15.257391260346976,-2.1234772791372634
14.999448788424939,-2.9063988356712254
3.7294341458518536,4.353106417680285
11.782817444631347,-1.2785637676300137
8.907916649524623,-2.5204191336928714
-1.8374267590362632,8.42461747499708
-0.024300425008378382,-15.097498254767649
17.895337287233154,-3.846493271159581
10.313040964067989,-5.0853263867128975
-3.4771846487856877,12.666422772613391
5.712851152260524,14.444090932738195
-4.072993858340942,4.484089182589462
2.0333880062751737,6.835092496677024
2.2825319380292064,-14.177445283682314
1.3948287474144663,-16.491006357061426
-11.349256818489904,-12.615292318571447
7.910981747260396,-10.8655227723838
5.515411575615136,-1.5162338807752143
-5.736218601580609,-13.524160221266829
6.660084791947159,-10.518324868339626
5.828507994114664,-8.7495168541237
-4.287381399060138,9.128297310182937
6.3551396097935635,-13.70187313072898
10.101124619835586,-11.49752025211569
3.5301615062552396,-13.306464801829039
-6.3303306021562005,-6.135123558138905
-4.533802474352752,-10.90506248511231
5.938178029932852,-9.214916351799966
-10.113123396687687,-11.978592844676847
-9.16347718857853,-13.62812091672992
7.540428042566602,5.610355485220102
7.542802332144691,9.73098428738848
-7.39952682125741,-13.014705757908876
4.710705945065059,0.9607134288532815
-11.664228608318934,-9.283290410134132
-17.8485794853112,7.815508094876107
-15.131985645268307,1.8600655377033226
2.0708678012935278,18.892564808966796
-0.22755513538198996,20.205738081858133
-3.0545906852924354,13.67873565906837
-4.921162643486528,16.85960496532109
-2.377691634309137,15.160704420415836
-16.339664272276696,-5.149455328628818
-14.382288696937282,0.9627162219906573
-17.49095375188719,-2.315403455679084
-20.19333594877823,3.6515395654109595
-23.254804444075305,7.061210743237342
-23.944712621489476,6.677090351310841
-20.19059747373453,1.6460788230480023
-20.183042382496094,-3.406354742416045
-21.754244565136045,-2.6726385907201125
0.3988816515276525,11.484806917013968
-20.343072019553347,-4.948550957731148
-10.854580566032709,15.271283624990971
-12.835902388003623,14.866681302749486
6.27646961146018,9.550229930346624
1.290531464707364,15.321698201319757
-13.8411417074494,-8.374131508607716
0.7035827702124433,12.240629982958994
-9.1792828945124,21.97047848303603
-26.60860018479034,3.6635502631203023
-15.212798904236857,3.4202170307810036
-2.754190212716778,6.298999746872825
-4.935190015834568,11.375648664824386
-8.558485131388018,2.3219744763378873
-14.277271475733741,-1.6507957419152757
1.3265973809229572,11.698241936346232
-24.002680051643345,-0.21030583540646083
-22.952572742846193,-3.2011868700143005
-11.007805620758152,18.431714066244595
5.006377373033408,14.259323722596038
-1.0916454473079045,9.558273938793535
-14.967266093374604,12.587440316463498
-10.278357547680978,-3.0855657732784554
-1.690218325334472,8.894870696179428
-10.348058008913272,15.892940212786609
-22.151536629199555,2.9988950631710556
-19.4076438627174,-7.6389482999304175
-14.519054720951047,-5.120370459955987
-1.7642070049281025,-3.089193636077812
-4.678249508189879,-10.448689748845004
0.13523715347141851,1.2064764809505735
-12.640651781597986,-4.150223243857178
-13.67818455838103,-2.1327505585214745
-16.172253827092884,5.0024244341864685
-8.246992593822057,7.046052074813017
-18.570831700100772,-2.259988896513038
9.90049093857529,0.17539590299320573
2.7182708340639827,0.30988532366136945
-3.66440596295532,-9.235214584871366
7.556257632376724,-2.497125258969355
8.219079712317352,-3.454534344849588
1.7618645417863579,-1.6206688281112438
11.040114638231785,-1.9391805633294217
16.283852910669236,-6.056031565097607
2.7029080170836677,10.821314218841533
7.755790649575455,-6.019341820981882
-6.404768223301679,-14.419187107471355
-13.494980394430877,-7.820954016017689
5.591228777284443,-7.575094185972014
5.275678702741018,-12.170669848502918
7.927033051395649,-2.466977370610123
6.29491655532229,-8.266057663964759
11.913868708381413,-8.70427669139655
-14.80066826730704,8.202384159834892
-11.948692810490494,8.840737448216041
-19.764320671020833,-2.1536677090025207
-15.662887080819388,-4.972388043688321
-9.192403775879814,1.9171520975690242
-4.218979702235258,-4.490747956535137
-21.18512622809638,-3.5886080393624993
-17.457106307686374,-4.080328190499707
3.275661607553094,16.939862741799857
9.859629659258317,11.623795317323934
-8.98228090654273,13.619027619332877
-17.407631793823846,-0.5785569811126856
-7.519592575488889,12.908705062880118
-9.251672198699122,-11.996863613823088
-20.335796820258377,-3.625661150276155
7.126158124081647,-3.2855213774285073
-9.38031181516911,-9.051703020245473
4.595215236340007,15.84943389469923
3.5887641632157994,-0.7158932703380123
-9.88474788891193,3.9689329348182465
-7.031971620386725,-7.315687949952332
0.6630772138759177,-1.2160480789774173
7.939774776266173,-1.2942758162267223
-5.678871570004626,-4.415846752766586
-9.103480386641683,-7.868636700581147
-18.851938919805406,4.404316518101867
-5.313348300313979,0.4557449523595896
-1.4659374120712958,-1.8150157995804395
-0.31511222129567257,-7.439136594262767
-7.711792992062541,-6.10604444086636
-11.325277889892268,12.686188624620836
-5.187088166327968,-7.339152596856888
-15.909524997805894,-3.3301354810332255
-3.1769643290858,-6.692253982314305
-18.760495250039458,2.329471603264438
-8.196757602227684,15.302132731884335
-10.934652641870702,9.93034532109244
1.6359009685543677,-1.3920180033107479
-18.922917743103643,4.476368029977272
-8.317578302141259,-8.490370414878742
3.0854380799671417,-1.4142279376118836
-9.065023408313072,9.02064065547355
-12.84011970637693,3.603088529918938
-11.492991739241631,-8.698425637289128
6.811370154933715,-9.18259392430981
-8.916365638143462,-10.804041969418325
8.446717065789416,-2.5404464420033754
6.071506995664746,0.41262932937125796
7.062522759968332,0.8733057361008215
-3.6863873049335765,11.070480453679103
5.364575630947414,-15.64877370857956
1.817255014432631,-14.74603993606085
3.5746074345591192,-10.798441338447093
2.8568080377097154,-9.038546228695552
-5.737552100232877,-11.865247003598595
-7.204872916880334,-5.575600730002263
-4.825515673194999,-8.624543823954129
-8.508365597845515,-4.565354164736858
4.512469629133833,-9.246804632690798
6.513847736821003,9.516106977074156
-13.169627124623805,-0.23292077549780574
-14.52325976904329,-3.3074868057037157
-12.234430260376191,-12.689486803636308
-11.046041554380322,-8.873461595091008
4.5572491109507105,-16.96739034234267
1.6899777518267323,-15.045919154354555
-0.04858635199812258,-17.00292642213984
-11.066150304954295,0.24455670039604713
2.125879013030693,-13.520810959723564
10.485242988279788,-8.830043375338194
4.697682842618584,-10.305432389313063
5.51240974608693,-13.75676872649555
-3.1543389122143966,-16.12860326111998
-7.967083845614146,-11.901819105491322
-6.907057307178017,-11.79307759152637
-1.7621536174067753,-7.983755020280774
-6.583318278833379,-1.9143537603791694
5.528327845764442,-7.2557869938576784
10.273322079972557,-1.6723866379412982
-6.3175508214663365,4.909909585881709
-19.34793810318035,4.892511844219677
-17.67740095767825,-6.288784811420858
-14.746977576289126,-0.07311239126530032
-15.987813056744557,-4.456115439504681
-2.976027382711604,6.046731719820589
-14.068484064772964,0.4501106399098645
-6.801608473795939,5.446182507754861
-8.600995340652418,-1.2729611393511442
-7.664461755834158,-2.991481438433956
-3.1291304535639357,-14.598070237025999
-7.898653579683859,-8.638511191882472
-4.679986295817967,-12.104249299943284
5.497953324583418,-14.770123766068245
11.639257085065092,2.6015736381665384
-2.625746612825302,14.129586431891305
3.6651646691878095,10.686045212083362
-13.002867268256061,8.170660611261804
-18.977965008510175,-2.796045322223593
-13.734894696389757,-4.9393395745839035
-15.989909151129513,-2.1674807519468238
-13.255799584708557,-4.372233383604
5.190101172219547,-15.90537936916609
-17.062175570292236,1.2498811265549412
-10.952817005448864,9.431038921080582
-12.709217321389803,4.532984765966026
-3.4022714366242393,7.140827069568364
-17.720260253261856,2.0940856549355655
-11.53937395195135,12.882437492299312
0.017855423096135206,-13.244382885317739
-8.717119990531328,14.701563482701973
-5.932037089639088,-15.400410216916153
9.503045866246216,7.242838989618998
-0.7496057833459042,-16.319618388201743
-7.278663599677234,-14.88631670273866
-17.986538549918553,-3.702723875782231
-3.4891175275080277,11.470563765782325
-11.139545894319644,-10.530405854372397
-8.070191329014254,-10.055017252429632
-0.9110534977519281,-13.865144754485398
8.402137802412541,-0.7389186542547365
-0.7636363797349789,-4.371051382327648
-5.712890513430789,-15.479372870296977
-10.959377960840435,-11.819459699767753
-12.7595633880634,-10.720853635395114
2.397629489274076,5.962426467582638
12.35510771513855,-6.359600833391732
9.879900798760428,-2.049044192961844
5.135875165577897,-3.004914074216192
-15.482209099455078,-7.0685435745025895
8.699541734736572,3.3269042454725968
6.829684409996382,8.832678894600326
-13.067385654189701,-7.1903829763387845
-12.017096409194686,-2.53865362363727
9.842014162062688,0.7725589264764333
-16.995324517851007,2.2200850234953564
-16.23878431164534,-5.1967559203336355
-3.0256380493485797,-4.865201961658828
-9.367379228283822,9.96008056036252
-11.363440907693967,1.6320651626416052
-16.624231673871126,2.656508503290075
9.10907347269693,-3.8103059421508276
-8.347872626131505,4.072833824090971
-15.288608437336878,0.7266887768005516
-18.702768767394264,0.26369237902369064
-17.915694062984063,-0.062335098853076275
-6.003604273218457,9.194134262766703
-15.926703362070223,-0.6709906638621792
-13.298889966148398,4.863320640080705
4.505185180194286,-5.604669753453221
-9.727870344185087,-3.568130722251614
-19.96386622382339,-0.9183293259057882
2.116870276101334,16.079430467281426
10.05927755226702,0.8164253253605915
-0.24288091485835672,-15.666685278233258
11.721179157030887,-9.18716349647187
5.40390834090358,10.815987056147023
12.771906901381245,-5.428724368444402
-10.552595998243577,-5.461831196482641
2.9507186881128007,2.9906236751751774
-2.1430298546233493,11.42304468925854
2.0887566847499266,-15.26556937799569
-12.47159871548127,-3.5811096966859166
-19.84499828157712,2.4774740211825605
-1.9005879479918593,-7.7171864057108355
-1.309379676093398,4.343347487952927
8.238571858145793,4.117715642652438
2.0532394689934526,2.1515994002866514
3.1147665623108782,8.058074740404292
5.9473779436208964,4.0542973824749735
-0.2733245987602109,-9.768156998064946
6.597616522331893,6.490329772278201
3.9707935201846367,4.929802925461204
2.756661720667593,8.683776308252355
5.880652229039065,9.054184942678702
11.198988061262774,8.363601670883174
9.77327067389539,6.901776198672512
11.996956512347522,5.572414482598817
9.641762961333688,7.163768843812479
14.926795418058626,-1.7594600521872026
10.2513967891295,2.192758807184036
7.7365042715445975,1.294795236599012
2.379419669225272,8.400560024387154
6.215390093388923,-4.204772871930284
2.1311107215745957,-4.710956674138439
11.786942523831632,-0.15883509292214845
13.969727913202862,1.900258131272502
8.765477564971528,-4.185098350113152
12.67521581248453,-5.095323500262659
9.784643264980447,-11.146325472855699
11.653683881007188,3.5760878101782496
9.345349721033386,-6.355538327152187
4.799895146077652,-5.5897324590910555
