,MDS1,MDS2
Or10A2,38.30638434316866,26.17048204289939
Or10A3,-17.114826516626188,-47.338283293256644
Or10A3B,1.5416219698216216,-56.87913086858307
Or10A3M,25.588221459772296,-34.902236103641556
Or10A3N,-7.026754506759741,-64.74488647289587
Or10A4,-12.828733194333632,55.76249610422098
Or10A48,-63.618377866451695,-1.5335706890942107
Or10A49,-8.544166313370901,-25.290373145259615
Or10A5,20.440888769652723,9.56191878466056
Or10Aa1,8.261485028652464,-57.46099650843986
Or10Aa3,17.270397829352518,-53.56140393223147
Or10Ab4,-24.83478518935892,56.678063683507794
Or10Ab5,-3.468455864891528,47.01026850604181
Or10Ac1,2.067203487048326,65.41447378614546
Or10Ad1,34.44125886463574,-4.777456019038789
Or10Ad1B,34.515206803014166,9.287208857383778
Or10Ag2,-11.81760795317907,-3.62620576608897
Or10Ag52,2.4620818566445544,-26.251820159583538
Or10Ag53,-0.7126867740665642,26.279365276207077
Or10Ag54,-18.34026556414254,3.6079182905105207
Or10Ag56,-15.504699828627722,-1.050297631921847
Or10Ag57,5.135821495685592,37.40912771612596
Or10Ag58,-11.712611235645035,43.427375747113416
Or10Ag59,17.790700230907945,-24.34227820190537
Or10Ag60,31.262742266511065,41.58997883534734
Or10Ak11,23.55637412176228,-21.747400409023662
Or10Ak12,23.827043407248265,-9.34093872188331
Or10Ak13,-28.54824868194923,24.310896937839548
Or10Ak14,-7.367125705059182,-54.617284434571516
Or10Ak16,-38.018151737311946,35.3948230499928
Or10Ak7,-53.717091972014934,15.859705767101458
Or10Ak8,38.41921669476321,4.076426960369716
Or10Ak9,-40.16190615916162,-32.59897128749428
Or10Al2,-36.78116120545006,43.20912419300051
Or10Al3,14.227811364253878,30.79846239836414
Or10Al4,44.53939170327454,20.63233214886541
Or10Al5,37.56630521862819,51.459415754912435
Or10Al6,21.627920689584723,23.187668121030313
Or10Al7,63.27316630447795,-21.284558888894516
Or10Am5,53.76603319572543,27.537638288493635
Or10B1,-2.2346871068949308,53.99139399822298
Or10C1,7.846569497405595,-6.871703363898651
Or10D1,5.398924880475004,56.34027169032434
Or10D1B,0.8582842505049665,-31.07507341364634
Or10D1C,15.183585727033726,-49.885215924849184
Or10D3,6.76617941443697,-51.682553435046664
Or10D4,-24.546659761067268,52.345031233527216
Or10D4B,-39.830922211624376,28.68492736773653
Or10D4C,-1.0804731507954668,-55.49250272944227
Or10D5,11.840684703247751,51.65473966495787
Or10D5J,-12.452842476025793,-50.07745502639298
Or10G1,35.41200599859991,32.77905046791721
Or10G1B,-13.864688766604631,-42.36211934028434
Or10G3,-3.6994620548894734,-36.75068330618165
Or10G3B,17.591698788406962,-46.15918765472052
Or10G6,28.642083981511924,13.888270745228416
Or10G7,5.425958377384152,-14.382827865953447
Or10G9,21.980069947702145,-44.080747276667985
Or10G9B,14.803633814315381,-28.37874347254261
Or10H1,47.15339895959903,-46.02806859131333
Or10H1B,54.20978521586296,40.789908238628804
Or10H28,-12.728227525368311,-66.2595314230591
Or10J27,17.78422069748805,59.799900499722796
Or10J3,5.249897986256256,23.578893221676214
Or10J3B,-8.90679230120091,47.89498897264405
Or10J5,-4.773473608396259,54.23901871700405
Or10J7,20.820644028617835,-60.54382401448888
Or10K2,29.071401865238002,56.6265034910278
Or10N1,-53.0470074979208,6.153264980179067
Or10P1,12.238247398177378,-28.998116449239525
Or10P21,48.56599873605049,27.215868899632664
Or10P22,49.642869561498735,28.961417709097645
Or10Q1,36.46203094592267,-63.705917457971104
Or10Q12,43.46374421646838,52.731222264045186
Or10Q1B,-10.636910621233687,57.633074372859525
Or10Q3,45.62100421677174,37.555638591629666
Or10S1,14.537613858044828,17.88557571076071
Or10U3,26.787344431082477,20.2488709260314
Or10U4,7.59104498542233,44.21761761032284
Or10V1,38.135905136049026,49.042715975413564
Or10V5,-28.925927084992903,55.49388020492146
Or10V9,-15.237647497400804,58.78259716026269
Or10W1,-22.51130242789058,58.94238465150652
Or10X1,2.9789030875038964,-63.08473128430084
Or10X4,9.739432498879367,-36.63239532767139
Or10Z1,-35.346329543032475,28.80115868632799
Or11A4,28.053965650495496,-19.02133836580089
Or11G1,2.131788409338038,-9.85155855904968
Or11G2,-23.865273188271004,-41.61500259743301
Or11G24,5.3989062880204735,27.7982383344587
Or11G25,-21.42357926199879,-56.10191500732243
Or11G26,32.76852386059278,37.597528471094115
Or11G27,-2.198893302714953,-9.585573520489469
Or11G7,20.369771941229295,29.02185452811903
Or11H23,2.7119735330417862,-45.732742271116344
Or11H4,8.344240400095837,-64.33322020500069
Or11H4B,-7.027584860798714,-68.85562752326413
Or11H6,-5.085992721765243,-47.36458827653989
Or11H7,58.01587643198806,29.12600101401831
Or11I1,-51.525986279268814,18.1900511231795
Or11J4,-14.692182065348609,-63.63598462998682
Or11L3,-2.8635680572380062,47.28336794230454
Or11M3,5.298852607795893,-34.41697830664908
Or11N2,16.02218996229998,58.452607236415055
Or11Q2,-0.8278897248758598,48.74556599222448
Or12D12,7.5224095744458515,24.145574314512714
Or12D13,5.488235870011404,-30.819645849194576
Or12D17,28.02719372987118,-57.29228633429783
Or12D2,-8.694213498045757,-14.140874076837143
Or12E1,20.313662735429805,-44.21150260555586
Or12E10,25.496425875364096,-43.01730737364546
Or12E13,18.22855765442473,-29.96701819716072
Or12E7,28.388755277356296,33.593176325825446
Or12E8,17.56812020847354,-15.416666925061977
Or12E9,4.45099105602675,-28.65769526509705
Or12J2,30.16799519339567,43.16509000549345
Or12J3,35.774919020882145,43.09925446363213
Or12J4,-10.54346072674856,-2.9481104408756034
Or12J5,43.05497048643258,-38.81808391674496
Or12K5,21.202456046771907,-2.862705635524275
Or12K7,21.692202717812883,58.962143415902055
Or12K8,10.93345723136614,37.901489469247835
Or13A1,3.1649151737240344,29.612065835537035
Or13A17,12.06260186853792,56.04937481311871
Or13A18,-12.182075027581092,65.8824503054521
Or13A19,-29.711264555830137,5.039924454995719
Or13A20,43.597448449712886,35.94301173039394
Or13A21,-42.46368148899739,-0.22598165804597126
Or13A22,18.681928147856894,67.2281737628907
Or13A24,13.933194507677944,-65.20582988205193
Or13A25,10.103575357824429,53.924199908383414
Or13A26,-0.9063706540359723,57.26993927164875
Or13A27,29.668003237810808,62.71013921333749
Or13A28,33.85637519997147,57.204741190050164
Or13Ae2,16.344007066513726,-18.248896891857722
Or13C25,-49.42560477285266,-20.683904740965648
Or13C3,-51.39974839438532,22.26446152578562
Or13C7,-18.992977119215492,-38.067551419639855
Or13C7B,-20.087881551014203,-36.291573857101724
Or13C7C,-30.396873103473666,-28.51281712576712
Or13C7D,-18.788221444761632,-37.36162976956026
Or13D1,-10.385519395246195,-18.605948932476203
Or13E8,8.071000834611032,5.286060525508234
Or13F5,-11.79967588991387,-15.904810749903456
Or13G1,-42.88100247821332,-16.399571594267567
Or13J1,-15.71224673124381,-40.928636166523845
Or13L2,54.22045002213774,-43.02886648509067
Or13N4,32.002426556374466,23.720156972483412
Or13P10,13.851904640860896,-58.77159154574791
Or13P3,-43.253887725353565,-26.908227773957954
Or13P4,45.88934485810421,46.52125833280195
Or13P5,40.080141450747504,-23.22341899617517
Or13P8,-41.88324200738301,27.66982364792796
Or14A256,-35.83390517007116,18.775423674342182
Or14A257,-46.38454550643224,18.748038441115977
Or14A258,-63.08469933546171,-43.38298858373565
Or14A259,-72.07396654987994,4.261310063713869
Or14A260,-45.99469738027819,11.923432699663524
Or14C39,-39.50339096737623,-6.333527441871275
Or14C40,-24.92311817396926,-8.534068633354705
Or14C41,-44.21446321636942,-7.297999068265697
Or14C43,-35.800924379623304,-6.268574264049692
Or14C44,-41.49225734543949,2.7222972381627817
Or14C45,-35.96595450247928,3.282146063223932
Or14C46,13.486323535911305,50.20996088214685
Or14J1,-39.11741897870444,7.643280707631473
Or14J10,24.53626943445557,-65.18699952445358
Or14J2,-29.94995287213356,7.689918741179261
Or14J3,-35.53508837893024,5.955709057099392
Or14J4,-50.25779335173529,-8.590296474241365
Or14J5,-27.064613825319938,-35.24466244160301
Or14J6,37.55023522963577,-22.92325433375962
Or14J7,24.519708272877068,49.529712096460194
Or14J8,34.62026440018533,54.04437796801447
Or14J9,-47.69498154562249,-8.874993112348848
Or1A1,-31.089734175760128,-8.028151207402285
Or1A1B,-6.258498906269522,-4.225746947911912
Or1Aa2,-5.712324760401724,42.18396062261012
Or1Ab2,-6.072760120059291,-25.44627664125615
Or1Ad1,24.400400665037576,40.15700585743927
Or1Ad6,26.64140248593642,4.388653754203019
Or1Ad8,26.89935880718884,33.33209824740256
Or1Af1,-14.743524395740543,-20.933495951855434
Or1Ak2,-8.685167476471197,42.82827595670458
Or1B1,14.148449586997275,-53.11546886366435
Or1D2,-8.197007214994581,-35.66475356388964
Or1E1,-22.14899694320175,4.51282818478985
Or1E16,-16.492724393793605,-7.984816386403808
Or1E17,-2.3081069651093773,35.42590083805281
Or1E19,-29.051373933128957,-1.8859690701986762
Or1E1C,-26.131078086743987,-0.6986135020309938
Or1E1F,2.8676955826266806,25.641073631962715
Or1E21,-10.491016381883728,35.768527182011205
Or1E22,-43.40531300123815,-11.309262511974257
Or1E23,-48.202170348059425,-14.689265406974549
Or1E25,-29.843958390613555,-10.449156157384735
Or1E26,-21.665747027314165,-3.839631112428211
Or1E29,4.781768624385957,18.8676048295152
Or1E30,-3.9742931869625933,34.29309475180433
Or1E31,-25.01079530874266,-13.689097418884327
Or1E32,-14.448791098412071,26.20282406567616
Or1E33,-36.4882252256722,-7.835589248970087
Or1E34,-34.1741589503804,-16.877092074634838
Or1E35,-9.941742130257397,25.176332456002985
Or1F12,-36.21054137663408,-40.95956466319728
Or1F19,-32.28671896449676,-13.517008231576574
Or1I2,7.57923501161189,-46.38905053963348
Or1J1,-43.57147102997767,-19.504453849727042
Or1J10,-33.491128317053885,-20.01428786857977
Or1J11,-16.726905818582047,-1.8520380840434705
Or1J12,-37.58484988310792,9.408140317121354
Or1J13,-17.396934248341843,13.010198903333615
Or1J14,0.7100083306173596,-36.99086463293309
Or1J15,-43.359103165467104,-1.902448354663544
Or1J16,-40.3073726998582,-18.785170987583136
Or1J17,-30.57293380315055,8.022025568335165
Or1J18,-38.22810242195313,-4.06014877822738
Or1J19,-32.484598040538884,-0.9978352240607341
Or1J20,-17.818978171012933,-2.8623779551238386
Or1J21,-33.650095712587316,11.046461377287505
Or1J4,-16.976977956902083,-14.257186776733999
Or1L4,-10.717660399661842,0.6146432601132458
Or1L8,-6.640113536004104,37.23697756251311
Or1M1,24.30156805451514,-27.107865727914987
Or1N1,-16.510140028031575,53.258965597194255
Or1N1B,-33.123828972931086,2.341837735900275
Or1N2,-38.91578395435508,2.691583985467047
Or1O1,-12.477438547159975,10.427523369286767
Or1O11,-4.1595532109954645,25.186019902910083
Or1O2,-1.9473666821428628,-5.173908127344055
Or1O3,9.067650215154357,-7.794171616288317
Or1O4,-18.897156037883743,9.846140799682939
Or1P1,-11.167698966816802,33.489719276481736
Or1P1C,-19.08144767831405,49.303491962371936
Or1Q1,2.5857266237347374,-0.3777154289695913
Or1R1,-6.290365401341654,-30.07824425895339
Or1S2,-0.5813950940126537,42.165129350834654
Or1X2,-21.171647456228083,14.882830444739767
Or1X6,-23.552876234398592,19.231838874747954
Or2A12,19.769568600090267,-6.992284765153084
Or2A14,45.004584969501956,10.483073909156657
Or2A20,21.68284309668938,45.452220334675644
Or2A25,-0.6230446845115216,0.7362046732614979
Or2A5,31.218240460169635,9.952869650907347
Or2A51,23.428231786615573,17.765399841019352
Or2A52,38.551310672679115,30.882364329282918
Or2A54,-2.3806521487282177,-65.47845037182022
Or2A56,48.515138145906995,-21.176947599685644
Or2A57,51.936456661565735,26.710088214107124
Or2A7,11.815907642633627,-6.795470935676457
Or2Aa1,-11.248617196528544,-45.943412327712984
Or2Ab1,-0.23887166845130145,63.81027362155209
Or2Ad1,4.616358654467985,27.522585130848977
Or2Ag1,-16.72310923145097,8.278178630084962
Or2Ag12,14.852572771746594,-4.4660460706735705
Or2Ag13,-5.391797996319706,-1.6409566574530734
Or2Ag15,31.456516054454692,22.56258840512433
Or2Ag16,40.24211460023635,38.81225697608565
Or2Ag17,-14.349710439990682,10.145052232567743
Or2Ag18,33.78534234093025,46.95473696247143
Or2Ag19,31.920832310837817,44.96432855473595
Or2Ag1B,35.31150459922416,34.43963257471587
Or2Ag2,-21.575497615804377,-46.32849372770616
Or2Ag20,-22.165694319526438,8.48770809486402
Or2Ag2B,-23.85794643050142,13.288233016197339
Or2Ah1,-31.9704219115213,20.715199479123214
Or2Aj4,29.544638493459495,37.3323604712709
Or2Aj5,22.659262643235458,29.997129339880587
Or2Aj6,36.77267734249525,39.743559426577214
Or2Ak4,19.627960609593792,21.56507465021404
Or2Ak5,2.4882954833118176,47.75052845335209
Or2Ak6,21.819988422696234,51.614248704052315
Or2Ak7,0.2655465984612646,35.67617958653744
Or2At1,38.72181461500792,5.080704366116512
Or2At4,31.955210986364623,-1.1112441857091448
Or2Av9,15.779442883169116,32.73136808604159
Or2B11,18.4293161520334,50.445487885901805
Or2B2,-1.473056880444837,7.496297459311555
Or2B28,31.05645855038576,29.195398813911176
Or2B2B,-1.6884671979180408,10.296720433881056
Or2B4,-5.028741705568635,-45.26541985429421
Or2B6,7.148653300553655,-44.40010064755686
Or2B7,-39.082871148245985,15.82906119405604
Or2Bd2,42.55372366215655,34.51329866561959
Or2C1,-30.171522286179762,15.133391626270473
Or2D2,-4.571853500088774,37.0533826244965
Or2D3,-37.47009481934932,39.129808192475984
Or2D36,-51.15462589359699,37.95065958087816
Or2D4,29.581373623965796,1.4414240236578773
Or2F1,-48.95995441399153,-36.38298702897729
Or2F1B,-60.511708157969444,26.081918820135357
Or2F2,-16.32174060843037,28.05319509191766
Or2G1,38.00569583266152,21.823053555877575
Or2G25,21.068601155909494,-46.40329090812285
Or2G7,28.107013881740183,-13.989780022510857
Or2H1,-1.6306658637017701,-1.957664701424568
Or2H15,13.022696800859352,13.8717445205954
Or2H1B,6.990594043427164,-18.29551829903939
Or2H2,8.409556532713728,-25.278772199197466
Or2H2C,9.939472490169507,9.81399345234962
Or2I1,-31.648635099566423,-48.11871924710674
Or2J3,-2.7393502484226646,-23.70650631308406
Or2J6,43.3288206494389,50.18926692539043
Or2K2,3.7965823326104107,5.432614353130295
Or2L13,-6.961229762769585,55.76397840942002
Or2L13B,-42.444469518599846,15.836706114080599
Or2L5,8.86676339051764,37.7589334326662
Or2M12,-23.392770561916926,-34.406257106304764
Or2M13,-47.842641822559955,2.061636014456294
Or2N1,9.92627907200499,-64.43718358076208
Or2N1B,18.742680697988405,-49.36597847940127
Or2N1C,1.5530189991690622,-54.53288711317688
Or2N1D,-6.18204498975529,-37.63170402260176
Or2N1E,50.55993033181948,47.8716506695299
Or2O1,20.441831971207066,42.61514074003094
Or2P2,17.891850952555295,11.163256295759034
Or2Q1,-62.39002609255694,-22.928167513788498
Or2R11,3.506026009047634,-8.18925659853113
Or2R2,-21.672322640425786,18.439088480875455
Or2R3,-23.24999596995286,-51.97537035572156
Or2T1,-3.265455270112115,60.66412517023772
Or2T26,5.816633531538151,-48.59124673759882
Or2T29,36.633990748843054,-2.9658409066954974
Or2T43,24.6916853394101,-6.458968930932494
Or2T44,18.66222204785393,5.386830381103347
Or2T45,-3.362464419193439,17.31119734803961
Or2T46,53.087167383167674,5.243172077960776
Or2T47,30.468716661482027,-17.11571344658078
Or2T48,35.316474754589656,-26.82792665897393
Or2T49,28.01631239142349,42.20705459843263
Or2T6,53.89615808230525,12.961128597059279
Or2V1,-16.675907935561682,-38.09887730000318
Or2V2,15.422086680648452,39.58897702276658
Or2W1,-1.5693288116510957,37.47215632166886
Or2W2,12.51987832172966,9.607278372720113
Or2W25,-5.138552651389562,33.20376041256716
Or2W3B,11.440343309314759,-21.787275184518368
Or2W4,21.921443874599955,29.02140881867695
Or2W6,18.100042570377212,17.136889046339526
Or2Y1,4.883606227302414,62.96305992768778
Or2Y10,-4.435691980241759,-50.693545237097005
Or2Y11,-25.93519337218881,-39.03076711862627
Or2Y12,-8.312156376617429,7.284345823088551
Or2Y13,-15.658061274648972,15.279398758283998
Or2Y14,-23.608876505816596,-17.198689498184827
Or2Y15,9.52310126844763,-57.608576813722784
Or2Y16,0.6376919545559749,4.552138072293061
Or2Y17,10.279207742012018,-4.593665306502955
Or2Y1B,6.393114336947394,12.771201129618388
Or2Y1C,20.46941457388692,55.6731194798841
Or2Y1D,3.1596531589736765,-19.311127919849913
Or2Y1E,15.709158234670912,29.527120480144237
Or2Y1F,15.62866880892736,23.640328471962682
Or2Y1G,12.603770614482105,-8.840478993080227
Or2Y3,6.4008425598252945,-7.8177933022260575
Or2Y6,-9.235245763649493,-21.37369158031748
Or2Y8,1.8865690765111656,-62.12402339123466
Or2Z2,-24.858743670303244,25.680936929380497
Or2Z8,9.489217830785401,23.08746910468603
Or2Z9,-18.369813088908966,1.5352851851671445
Or3A1,47.255735473271905,48.03060087111568
Or3A10,3.6579187325133167,-50.40005012100663
Or3A1B,34.03182608441091,50.17229189590826
Or3A1C,8.556606701569539,61.738528909450714
Or3A1D,-0.16860860891510807,-63.530550061722195
Or3A4,-14.86998792152306,-63.22440788090922
Or4A15,-64.18080439692655,-32.27080882369978
Or4A2,-79.70363972788057,10.639111367217808
Or4A27,-62.2956595663063,7.941882188975577
Or4A39,-57.64675867571857,-45.90106221457308
Or4A47,-48.6299368540887,-46.78924206197107
Or4A66,-50.15862073410639,4.9391471577563095
Or4A67,-20.990306045403727,34.65574292007697
Or4A68,-63.03490637071494,20.14286742006488
Or4A69,-69.75873442910094,-20.180806536949127
Or4A70,-29.89604010032278,-44.576739559379654
Or4A71,-60.40970889797009,-1.7023509735678148
Or4A72,-56.84144895773882,18.142503031586728
Or4A73,-63.119336547952145,-1.6388916810299616
Or4A74,-80.40966903266303,12.238549914480606
Or4A75,-30.09740761017152,-71.7514014572806
Or4A76,-66.54321804863423,-29.797187236454402
Or4A77,-77.56976664880929,7.911328799235533
Or4A78,-70.4245721289563,20.91729410963806
Or4A79,-65.71174404071091,-30.104953782557303
Or4A80,-78.34427982589631,1.0586140837431268
Or4A81,-71.55361577341408,-56.55843648510041
Or4B1,-18.911732544315175,-54.513808396855914
Or4B12,-42.66290580136034,-35.05078008438325
Or4B13,-48.28664268454957,-16.0544739782593
Or4B1B,-30.332775027955567,42.951663090695845
Or4B1D,-27.9320024093905,39.896744175994876
Or4C1,-56.5869254182999,-34.60923691464965
Or4C10,2.871843560050857,-84.31158305739322
Or4C100,-20.743237036308436,59.24341576278505
Or4C101,-65.07548602590016,45.68177183356649
Or4C102,-52.28615543794846,-43.21028664379457
Or4C103,-49.278888426748104,-44.44409743371278
Or4C104,-64.73714127701152,28.140415882797264
Or4C105,-45.72353909183963,62.270083547079686
Or4C106,-52.71347538576765,-53.101928704166625
Or4C107,-60.77356864875172,-21.65051757382632
Or4C108,-70.54127979107444,-3.9981807896398114
Or4C109,-29.067402246831683,-49.178163762882875
Or4C10B,-52.11237070854931,-43.98730882984152
Or4C11,-4.827222515296421,68.79921347215974
Or4C110,-26.04672539683409,46.65394883837023
Or4C111,-43.61066940882966,50.19161516376281
Or4C112,-55.572738475346675,-25.851878006558643
Or4C113,-57.824042415000385,0.8570799918055287
Or4C114,-60.64324439533444,-28.472160414994022
Or4C115,-63.51248110787792,-16.68695762218511
Or4C116,-37.708354927379865,-55.2241145833221
Or4C117,-53.0432094651429,-47.491863296391536
Or4C118,-20.484488647400177,-62.44209456771262
Or4C11B,-66.74908992268728,3.108805827083474
Or4C11C,-68.34729596210619,-4.209046149621196
Or4C12,-44.354115285279136,50.89985763606552
Or4C120,-44.116116080258145,-46.8831589806978
Or4C121,-44.18944762543128,43.21312587742736
Or4C122,-34.56241939567552,47.9145930906223
Or4C123,-63.55690134989317,34.430643438349925
Or4C124,-37.333139634646635,48.34940420246756
Or4C125,-64.77661060925024,38.310244509547246
Or4C126,-56.26953755641325,-45.251521522277116
Or4C127,-74.03105210299789,-31.721358002446426
Or4C12B,-55.46027357612704,43.40692743735715
Or4C15,-43.58476497886295,-55.85995203166751
Or4C15B,-49.71839012438299,43.697720751474336
Or4C29,-45.02558705115765,-41.735205332424556
Or4C3,4.092657459648766,-77.68564817012175
Or4C31,-70.07525361598428,-33.848316845571304
Or4C35,-63.825626324124926,-36.1052208008825
Or4C3D,-68.22157016225863,-18.17161736811707
Or4C52,-59.35201017706102,-25.19039510621525
Or4C58,-32.62081553900694,62.528368991825204
Or4D1,-47.61831304032739,15.70198322285695
Or4D10,-62.0202916008912,-34.12388698229506
Or4D10B,-32.2602497817226,52.60286062793929
Or4D10C,-5.712854938087287,-77.5816095127003
Or4D11,-37.97597886625498,50.44496152243582
Or4D2,-41.986511934073086,-41.24557432678085
Or4D2B,-55.40463378387283,-35.783303274624075
Or4D5,-60.65838168618409,35.97879721652987
Or4D6,-49.105002214159825,57.59426998208225
Or4E1,-62.873619504181,17.775275895756693
Or4E2,-40.039952759163086,-39.499737529243085
Or4E5,-51.79969842190389,7.645689413976915
Or4F14,-37.50474190623228,-21.790228755015985
Or4F14B,-45.180170161227146,-16.27848167223965
Or4F14D,-48.08506747707122,-20.756082105429602
Or4F15,-58.55419104428048,-19.239423112697683
Or4F47,-53.233922227688595,-5.078635898450564
Or4F4B,-58.004165967643196,-4.8953970900260035
Or4F52,-37.46859175331742,-43.76726552504439
Or4F53,-52.607213133088656,-7.234602253982467
Or4F54,-50.74723293827277,-3.138799575743735
Or4F56,-54.561366954738844,-19.370703671681813
Or4F57,-41.465459721892216,-3.7022031482907534
Or4F58,-51.80873619642849,-24.8899070408975
Or4F59,-53.81712605357242,-22.734431296560096
Or4F6,-56.942063399358226,-15.73690834296478
Or4F60,-39.617426111149115,37.673215849315035
Or4F61,-54.54936354066421,-14.029083835519351
Or4F62,-2.905003968235528,-70.2472090270843
Or4F7,-41.51077491982671,-29.03067096656456
Or4G16,-42.46332250159821,61.828781150142305
Or4G17,-34.7547016836515,16.65505397881998
Or4G7,-39.51014439847592,-57.06289564592576
Or4K1,-12.619583777203601,-41.90013589438741
Or4K15,-40.49804260986488,-17.482093990989735
Or4K15B,-30.56900535525584,-31.234759301377075
Or4K15C,-36.70224774500591,-15.390775211702385
Or4K2,-24.682542722778127,68.83229415982805
Or4K35,-59.97352896229074,34.28258303241682
Or4K36,-48.41622037786065,-7.323002414686914
Or4K37,-36.24121835641772,-23.27757520608644
Or4K38,8.639550650084805,59.66019038819479
Or4K40,-25.389298471366086,-7.28376816401231
Or4K41,-44.97939867060626,-9.64088270759016
Or4K42,-61.70778264478124,-7.1069505840165546
Or4K44,-49.846861559512355,-15.33897163047319
Or4K45,-8.077315751832806,69.05667524958965
Or4K47,-58.735164455655394,-10.334803855663576
Or4K48,-64.36663226257855,3.156536716291495
Or4K49,-4.956444628327861,76.27013282984598
Or4K5,-45.71810575794108,-25.536975382771598
Or4K51,-43.63761020582388,-51.74700720929767
Or4K52,-54.221580222308404,-27.395373964023317
Or4K6,20.772381468948105,73.84459224342473
Or4K77,-42.39651550989977,-27.343653202673043
Or4L1,-28.08492598162619,-29.970224633153325
Or4L15,-28.94778069406347,-51.435137970255575
Or4M1,-38.87835435197629,-47.069423391678754
Or4N4,-48.21119878051607,-34.680461299226415
Or4N4B,6.644295261320212,56.244644537097784
Or4N5,0.7867864584520005,57.5040700320477
Or4P18,-10.062369585044594,-57.335771431113464
Or4P19,56.94338932958373,-20.906411743679723
Or4P20,-11.655425995466803,-71.71823008880428
Or4P21,-36.26981658819599,39.924252842630594
Or4P22,45.13816182961228,48.87496176354819
Or4P23,-28.96182876161959,-23.00734200683889
Or4P7,0.20204330960587336,-19.224579962441762
Or4P8,-5.283702514306279,68.93322636077436
Or4Q3,-67.70265658321654,-11.037136652516407
Or4S2B,22.883245535218983,-56.26217285098384
Or4X11,-25.09805908346705,59.46561595658339
Or4X13,-46.373433105141984,-8.737597945763667
Or4X6,-45.9879673350217,-37.24263741887275
Or4Z4,-42.72111302172964,-46.04381696855433
Or51A10,50.75854873186167,4.773029068173663
Or51A24,56.12957541537376,-16.227522517651167
Or51A25,43.07572271164121,10.263893610027715
Or51A39,49.67240587197874,-0.43942733347308716
Or51A43,61.0650174014517,1.3017857161256534
Or51A5,38.3226392897586,17.47823824484692
Or51A6,45.28231349181133,2.087759524574518
Or51A7,42.88467606719507,13.754629341943879
Or51A8,-32.197461686556984,-24.86989544599813
Or51Aa2,61.79421407836095,-14.531584372875853
Or51Aa5,-25.57288969124807,28.83073951755891
Or51Ab3,35.35246342651278,10.35878626489461
Or51Ac3,36.73093049374337,-17.88000514124994
Or51Af1,59.90048768933483,4.183932497051755
Or51Ag1,44.060467327907126,29.937538385648402
Or51Ah3,31.381567160101337,0.48219484254822237
Or51Ai2,62.65261901468576,19.104914731052546
Or51B17,46.95691085995564,-11.344250317319732
Or51B4,24.034046645546205,-4.672210556418008
Or51B6,47.32481932788505,-15.118366908168388
Or51B6B,44.66323210446481,1.0303843560059447
Or51D1,54.65156137706377,5.99682721088854
Or51E1,27.173925829051406,-46.17265834164062
Or51E2,33.54273655191796,7.672755915187715
Or51F1,66.9159181643045,-13.889919307042415
Or51F1D,54.19722126395594,-15.295055653184457
Or51F1E,56.39867694167628,2.972826842801196
Or51F2,51.9400922191123,-8.024344697229566
Or51F23,34.47304177620275,2.7650812446941506
Or51F23B,55.010668943261116,-10.079745494623765
Or51F5,63.6096938911637,3.2792265488801657
Or51G1,42.315743234032425,-6.077639836820977
Or51G2,58.434493681482046,6.950429773534124
Or51H1,43.37260075833482,-2.6402580735272307
Or51H5,60.97595624929759,0.06301105437131425
Or51I1,52.2920201200832,0.3604556396807218
Or51I2,55.80309035644531,1.4206528219955772
Or51K1,59.051478855230656,-21.71938324527254
Or51K2,55.35658240566235,-1.504205515551983
Or51L14,50.24516567935787,15.419852950563108
Or51L4,62.88464613060836,6.693804995331825
Or51M1,61.23207908567014,7.793315869333467
Or51Q1,52.63581102027521,-3.332826284480692
Or51Q1C,56.36093171897664,-17.442770740839265
Or51R1,-37.01452149637418,-69.2781004922959
Or51S1,62.287382555603514,-17.822568210962356
Or51T4,59.352876902582075,14.987587076264775
Or51V14,46.81302879248136,-17.79654522284172
Or51V8,4.045874838538005,-3.707426899828871
Or52A20,53.699006732043586,-29.12232390806091
Or52A24,47.91861278831301,-35.113199810664106
Or52A33,54.95515933378866,20.0598346328905
Or52A5,45.43161711982583,-29.604961493741843
Or52A5B,41.75636716223799,-11.48138149896701
Or52Ab2,31.549379608030414,-11.206348046785196
Or52Ab4,52.243240277788516,-21.568896107208044
Or52Ab7,40.4642146188692,-35.438230570464135
Or52Ac1,60.67667142151469,-1.295011215367645
Or52Ad1,62.69372638638278,39.75615503427587
Or52Ae7,51.75696905615132,-40.59180902503631
Or52Ae9,64.75623692358727,0.43720333404372186
Or52B1,35.624736926900205,-7.8086600287892125
Or52B2,40.20484102935096,-4.8170212992947805
Or52B3,42.4498179473049,-25.092635310119356
Or52B4,54.279307636932295,-30.21666219028559
Or52D1,50.328267027350364,-14.262771588136577
Or52D13,50.84656201584313,-10.483996147855006
Or52D3,37.17068731728633,-12.239869920886623
Or52E15,34.97499461950732,-24.652608361587838
Or52E18,28.5113791428705,-3.2512965042800364
Or52E19,34.19288910944998,-13.178498672490878
Or52E19B,40.918157579920425,-7.161953781739587
Or52E2,48.752327256283216,-2.467939180713964
Or52E3,51.14830597112728,2.7702764149252763
Or52E4,50.761015117762895,0.026814257143412873
Or52E5,42.96318537657209,-10.337626173314618
Or52E7,29.83238206740034,-4.760513894704907
Or52E8,41.85224056193365,-12.949147112185672
Or52E8B,39.322882824815885,-27.8430198015272
Or52H1,41.51400781241118,-28.158386027841864
Or52H2,55.164167196621214,-17.207731587928674
Or52H7,32.605706726324115,12.355904712589954
Or52H9,49.016549473991155,-34.61342543830982
Or52I2,41.47166172037502,-32.35732919850624
Or52J3,49.2894334391003,-27.7125356173191
Or52K2,29.253455084806294,-8.342967131336321
Or52L1,37.58838652336807,-20.599500703574147
Or52M1,34.25235673068184,-28.754375777271953
Or52M2,31.836477914836575,-67.17865579826133
Or52N2,40.75648693883112,-41.95481167946173
Or52N20,-63.62161867634262,12.123688785075505
Or52N2B,42.56276261792252,-42.832530611778836
Or52N2C,56.70104678709564,-36.84904811753951
Or52N3,51.34050751846659,-32.30154220470888
Or52N4,56.236801025561206,-5.309338056366945
Or52N4B,48.10374403992044,-33.711558989478206
Or52N5,26.790309605646456,-21.92791633810514
Or52P1,66.23744870523784,-9.567870514678615
Or52P2,30.188491005918536,-41.633527893713136
Or52R1,31.725667604646812,-13.604088274280274
Or52R1B,46.68423812392287,-34.08064958443889
Or52R1C,38.82592973310322,-10.914032049127075
Or52S1,38.42581853638037,-39.12128953685935
Or52S19,37.941475072806185,-40.914863182959
Or52S1B,29.017471119834163,-26.821563184152094
Or52S6,40.65738037395632,-50.487935837116105
Or52U1,-48.8506345594711,-30.3822524150098
Or52W1,47.99250797744243,-19.859832785625102
Or52X1,33.92356815159289,-34.15196527017719
Or52Z1,50.29327024385958,-12.879240023513098
Or52Z12,53.82677905320836,-12.374477476547856
Or52Z13,43.476916538050915,-5.064463701741237
Or52Z14,45.5009917198314,-5.987885503199143
Or55B10,59.14849348959336,-17.97551929547331
Or55B3,52.62517672362319,12.055984949359948
Or55B4,59.86370702597724,46.65749612477237
Or56A3,47.224553572152765,8.544803297874497
Or56A3B,-26.618066807486624,37.722991107198546
Or56A4,-32.77516107915355,40.032295697428594
Or56A5,-8.23704573148216,63.8400173701941
Or56B1,49.33068691918116,-48.51745315194269
Or56B1B,-50.138830938452585,28.96543087773125
Or56B2,-0.38687190534681676,-58.864532849139195
Or56B2J,-53.82914900599949,21.31037034184186
Or56B34,67.15309051288608,5.930315833879008
Or56B35,44.2420002199493,-39.21063702954243
Or5A1,30.64903198092442,-49.32818726693219
Or5A3,-42.079927651259176,19.174165715815107
Or5Ac15,-29.741779016793892,-34.0021288109631
Or5Ac16,-18.684344242729626,-8.499899319275428
Or5Ac17,-13.489974064069,-32.07665047579678
Or5Ac19,-18.725009169747736,-32.658574572525
Or5Ac20,-26.190127975102495,-20.03162269160125
Or5Ac21,9.780596701572701,-34.23836729033824
Or5Ac22,-21.478589666480666,-24.270930511638234
Or5Ac23,-11.317102134391655,-41.46851167526544
Or5Ac24,-17.8863611151545,-48.75942107940771
Or5Af1,22.64228657804884,54.168053165383604
Or5Af2,14.54994734505042,63.70240317185718
Or5Ak20,-7.713508325825863,14.396644673368108
Or5Ak22,-1.2523813992819919,31.051414740245466
Or5Ak23,-15.485617734610008,42.75420881152897
Or5Ak24,14.685761021332127,35.960099509164245
Or5Ak25,13.201645078400627,21.784708313926387
Or5Ak4,-17.274860429913783,24.030362280236684
Or5Al1,-12.871948376338718,18.15316288464733
Or5Al5,16.168367842371524,-17.066339069139048
Or5Al6,13.590871435136176,1.1109722756111775
Or5Al7,-35.26228319694401,10.013654252575352
Or5An10,9.979651051211144,46.32818393342532
Or5An11,-23.649617539470434,6.140684852449969
Or5An1B,6.681690995161178,46.86036916368509
Or5An1C,-3.5627141669336684,-42.63173558337106
Or5An6,11.694123728691943,43.372013942324685
Or5An9,2.9289139661472294,34.925242735219875
Or5Ap2,-49.69442792648082,-1.7331377026259998
Or5Aq1,4.100896537044002,39.0184110745514
Or5Aq1B,22.730386913177767,25.49477846495571
Or5Aq6,7.256419319350042,42.527691898814
Or5Aq7,-14.78320514367658,57.1304021681129
Or5Ar1,3.6129926168384,-35.13138848887543
Or5As1,-14.012096742239574,-6.709964533415781
Or5Au1,-4.742692446818519,20.647678881995738
Or5B101,-19.936473394406484,31.58660370070634
Or5B102,-6.98325421719089,17.197512232562936
Or5B104,-35.17650925474718,-1.0482005495266333
Or5B106,-4.8835084436598395,13.301699543677179
Or5B107,-20.060861915954714,-9.538508321282984
Or5B108,3.9565705331758028,8.087460284118519
Or5B109,-15.875313323759944,-10.402387929152937
Or5B111,-5.797263420283754,-6.257622827636547
Or5B112,-12.211446494529314,-9.939694076515975
Or5B113,-21.416707964420453,0.4169127352464815
Or5B116,15.102383793891677,13.918721914011506
Or5B117,10.545617198196634,-17.856885212908978
Or5B118,2.0063329942142203,19.718363898980858
Or5B119,12.46947997692066,-19.579284996454405
Or5B12,7.794992968406857,-11.941206475511144
Or5B120,2.780635705576124,-36.61421957005847
Or5B121,-9.073963973927244,24.039604778979218
Or5B122,21.1385554976478,-40.96856215991323
Or5B123,-1.305302448882483,-15.133272965475172
Or5B124,15.834759042282377,21.549652822663628
Or5B12B,3.4607068587137277,-26.44664100461145
Or5B21,11.432605636491553,20.484525861022167
Or5B24,22.806975749714365,34.099566923963614
Or5B3,-27.197661317778774,-4.7011164428531345
Or5B94,-7.435216531439539,-2.3386928223965486
Or5B95,0.19570994952369206,15.64794200163644
Or5B96,-20.99064876852666,1.8671786920792877
Or5B97,-32.780354254849314,4.223152402617963
Or5B98,-11.292110882279214,6.1199283845989445
Or5B99,26.692737738617566,29.099608156985685
Or5Be3,0.837096881986671,-24.893255362545542
Or5Bh3,-17.39137301619193,-58.80337061745958
Or5Bw2,46.36930467751394,36.30552531149217
Or5C1,-41.19480370363967,29.58929755867143
Or5D14,-32.50014334124705,-58.578611770123196
Or5D16,-55.38535111614535,-0.3898137497102806
Or5D18,-31.459695480772623,-61.09641974451714
Or5D35,27.0418152902958,-34.59425989328324
Or5D36,61.96095805410005,16.053244519054925
Or5D37,-46.58205191244659,70.04417927951697
Or5D38,58.9292355052769,9.398419925349522
Or5D39,43.163800699248505,58.41576526791152
Or5D40,-69.70013465729478,7.9663226849265305
Or5D41,71.69704429350075,-5.690940857534209
Or5D43,-78.29915060734017,-9.172401424151724
Or5D46,-84.1074823156851,-19.047549916697534
Or5D47,4.0509991720427685,-68.10386705682428
Or5E1,-17.31940984707713,37.354529795719785
Or5G23,-34.70478580924417,-12.082968412048444
Or5G25,-10.75871204807532,38.63653274843008
Or5G26,33.41717731216947,32.99386857057774
Or5G27,-37.216843886969095,-11.697465908546803
Or5G29,-29.361380828019342,17.363729689849347
Or5G9,-37.1874208792825,-26.927983834100825
Or5H17,12.133467114587377,-40.28999120843164
Or5H18,-19.96805870146163,-20.66540938191182
Or5H19,-24.477119168403846,-43.68862540520867
Or5H22,-2.586174866813477,-19.38674402338881
Or5H23,-5.170554432610212,-10.194541981626749
Or5H25,4.398529386741814,-18.701607943862285
Or5H26,-13.683304028574462,30.400983891750133
Or5I1,22.202697965121473,63.623766582104665
Or5J1,-3.371291010537698,53.47557268408824
Or5J3,-20.0832449182419,50.76815140194829
Or5K1,-24.805176252989245,-45.366301155570895
Or5K14,-1.0355473684884327,-35.75981964066982
Or5K15,44.47916527051407,28.041576821929326
Or5K16,1.963403457552592,-52.11407679629934
Or5K17,12.026793867851286,-59.811429787393266
Or5K1B,25.04550061638004,9.700437020404229
Or5K3,28.50107098186596,-36.7897670434885
Or5L13,18.178871537598816,46.463090125563255
Or5L14,21.134492650164436,76.72853340965055
Or5M10,-21.329396557839587,38.41399838919976
Or5M10B,-20.842229684738527,33.28711825387597
Or5M11,-15.39487378320399,31.428185814018082
Or5M11B,-21.56799080328097,49.06369604534272
Or5M12,-32.482829522098385,38.0317300300716
Or5M13B,13.93214622568491,56.859165027327
Or5M3,-29.500615420073846,44.7541447339986
Or5M3B,47.658305547818756,21.82725196714486
Or5M5,-22.603029454138152,42.73345763135011
Or5M8,-21.68606367591162,30.49715984025081
Or5M9,-35.61115401525921,52.09714903300089
Or5M9B,-25.79064011434579,57.550724399736765
Or5O1,14.386858791976211,43.52922159449163
Or5P1,8.72799859195628,29.674653188697107
Or5P4,7.865214536399294,-58.638705052166216
Or5P5,26.706797195261966,37.29672223853025
Or5P50,-18.471842663008676,-23.947494265743728
Or5P51,-0.2790532991239915,51.65620559424139
Or5P52,-10.005083899026275,-36.770203613344485
Or5P53,-28.08115371221312,-15.12037784365746
Or5P54,-33.90920236817169,-48.018765658606995
Or5P55,-44.54313778025915,1.112385435078909
Or5P56,-49.32224026598296,7.77795953750976
Or5P57,-7.458921198047247,-26.192239529937634
Or5P58,-20.709785200680905,-40.043236549495234
Or5P59,-21.339107156512227,-34.697497124934955
Or5P6,8.826939234414231,17.84449454472039
Or5P60,-24.93062416166335,-31.48412146829495
Or5P61,-27.82352751673989,54.612792766091786
Or5P62,-40.2461025009311,-14.327818044040821
Or5P63,-40.878191181152275,7.359173080562009
Or5P64,-1.9591198904854428,30.486255635554468
Or5P66,-21.67694463959748,-30.512666306457167
Or5P67,3.693270458493444,45.69282217754984
Or5P68,8.531719332801833,19.446241971526046
Or5P69,-25.70898330334526,-35.05080989122846
Or5P70,-17.784879760226264,-27.68748787832435
Or5P72,-28.672436748840198,-37.06086106134979
Or5P73,-15.77089659875344,-16.148488139142916
Or5P76,10.905827105577345,12.645788854022788
Or5P78,-16.014605076169577,-23.019666106387305
Or5P79,-23.906867826210256,-28.385356400845758
Or5P80,-3.425460105199805,43.9760166168361
Or5P81,18.416671632285038,32.05663973800351
Or5T15,-50.71273544948296,33.415924141006286
Or5T16,-8.04991235098265,-14.874953346194253
Or5T17,8.411109313509533,16.185797963376814
Or5T18,-28.349334853667685,7.55760351547707
Or5T5,18.93936710616342,-33.54331312101978
Or5T7,-16.264246297052775,-11.326629048405952
Or5T9,6.628919538474747,36.94269404115072
Or5V1,-0.6991164870229455,-41.25689416743817
Or5V1B,22.868064013350615,36.62800539013492
Or5W1,-18.791376879416525,-18.938623254093205
Or5W10,-53.96430098332378,-1.4184631129789886
Or5W11,24.47965517930135,-56.286684634543626
Or5W12,-17.064470418361328,-30.558152760917014
Or5W13,-6.516326172457425,-48.48097466039109
Or5W14,12.4896599443234,-14.33393978324475
Or5W15,-27.906787327929976,2.2695333747234994
Or5W16,-2.4719146596762287,-21.560986112940714
Or5W18,7.5222729095565395,-33.82472094371871
Or5W19,23.009682844021707,15.380446367227092
Or5W1B,-1.135851481968837,-49.136591153110665
Or5W20,31.06240861511983,39.01301318867976
Or5W22,-20.462728039913188,-52.168639838701154
Or5W8,28.766758079458395,49.85485631611278
Or6A2,-10.458904943612442,-62.06819207766949
Or6Aa1,24.6736814377147,-68.31759121145622
Or6Ae1,14.659079454829792,-63.01668002760948
Or6B1,20.318324406026534,-35.711402418628595
Or6B13,-4.337407541822879,-57.17170091176466
Or6B2,21.04269536544217,39.167983976035615
Or6B2B,7.483205076735025,33.298716257148705
Or6B3,15.0060839359908,-25.42531898830282
Or6B6,7.824356387384403,49.88034015723733
Or6B9,8.172557319849057,-41.4377196820564
Or6C1,68.38467543375114,9.100438676375012
Or6C1B,-75.3337693765532,18.068880726954845
Or6C2,-55.068106129967184,32.71239698378229
Or6C201,-52.35173407344744,11.611596723772031
Or6C202,-18.675462536878513,54.5233813386377
Or6C203,-50.13515572175233,31.62371181854441
Or6C204,-60.13738923088902,24.95993992754977
Or6C205,74.79990183686117,1.742522154767257
Or6C206,64.6530261649935,36.054238610960276
Or6C207,-64.69062915938396,26.86091386612967
Or6C208,-37.95480741422795,63.02396501157252
Or6C209,-43.61296930651725,54.19506465715983
Or6C210,-58.372571178909006,8.854292913828518
Or6C211,-50.669215909693705,40.452743420915816
Or6C212,-52.43346898822501,45.897028806952804
Or6C213,-49.2405526548304,44.18527087443627
Or6C214,-17.585017567238403,67.55774255582904
Or6C215,-40.9431334434667,39.730441629938106
Or6C216,-52.275227345690325,37.52748379243169
Or6C217,4.758832028642528,61.45869675277423
Or6C219,-51.11903539019719,41.16131571754618
Or6C2B,-45.47247050437126,21.124466799675314
Or6C3,51.036673705574465,-48.48050677650464
Or6C33,-64.88083592236167,12.32922458899149
Or6C35,-54.73788178857856,30.412978114686105
Or6C38,62.21392190586891,34.27770878597107
Or6C3B,65.80414912298278,15.520276863342433
Or6C5,32.11550312123356,67.71448122012465
Or6C5B,-32.73812102670088,43.84359275364645
Or6C5C,-41.08578752210292,-56.81595280791461
Or6C6,-45.82882131411568,40.17503886214083
Or6C65,-57.82726778349384,48.401427299332596
Or6C66,-39.19855730735747,55.59986090544738
Or6C66B,-70.31441816214138,32.67904027305542
Or6C68,-63.18273183055264,24.141567686924837
Or6C69,-19.32535880774675,62.47960988050915
Or6C69B,-17.85214149654967,60.04254849899798
Or6C69C,-62.04567001736924,11.90028226162317
Or6C6C,-29.91448236033153,-63.366203565755576
Or6C7,-1.2173285141629189,69.9702434821951
Or6C70,6.7192930427213255,66.52955766393501
Or6C74,-56.286536287553155,31.941718298730486
Or6C75,65.65232671645077,-15.77901138459934
Or6C76,-51.660171530169464,51.924317294711386
Or6C76B,58.18728417761883,-25.626882924160885
Or6C8,-25.209701481674678,-60.00718413961055
Or6C88,-22.737065759083638,65.40009144464241
Or6D12,11.059432956106516,-37.26715847626502
Or6D13,15.399115263785616,-57.14089079152609
Or6D14,-38.375424634962656,23.76224099942548
Or6D15,7.404571304432526,66.90577737143289
Or6E1,-29.438767973327792,-58.35139735819005
Or6F1,12.300669405830414,63.461539788476365
Or6F2,14.050179899246967,-62.406480466989116
Or6K14,6.285636955935157,-53.66226992562766
Or6K2,-10.884477752128314,53.31991201483107
Or6K4,-8.210333380231143,49.55998554278429
Or6K6,0.6205237286028036,-45.46775747253649
Or6N1,53.293966663131314,-5.799726725307476
Or6N2,42.890515334445055,26.68329789007748
Or6P1,44.49343260916516,45.82206322473108
Or6S1,2.0251707721196395,9.149157204862194
Or6X1,-36.09865189379975,-38.341631658579786
Or6Y1,24.924698532824184,56.417881959429536
Or6Z1,11.950764441693531,52.76746764147726
Or6Z3,5.326637901827633,54.39571465354174
Or6Z5,-6.14002250465678,-52.157077057102256
Or6Z6,-4.332370789057811,63.7532595605807
Or6Z7,32.049669753739714,18.642985583619062
Or7A35,-31.502430710484173,-15.667064490522948
Or7A36,34.406918551368946,20.683909565267257
Or7A37,19.948735421664942,-12.473851859015946
Or7A38,18.670723345069845,-54.300092475844735
Or7A39,15.600633786218586,-38.452142808250684
Or7A40,-31.202892670636242,9.937023465262957
Or7A41,-32.72658513974336,-5.126272449315069
Or7A42,22.723789498672158,-37.82779834114426
Or7C19,12.172918171666419,-65.4649524935925
Or7C70,-1.3526688598175756,39.9611670973884
Or7D10,21.80407312516613,47.177398698471244
Or7D11,6.255746907428658,25.684082104903844
Or7D9,27.663927019774626,53.30924601057915
Or7E165,12.398652944867958,-45.19430574149494
Or7E166,23.335775200479585,-14.228136798048489
Or7E168,25.53335699074546,31.147806406656862
Or7E169,-9.703558419082883,-33.010307446015474
Or7E170,-28.4588253997764,-11.736152126700542
Or7E173,-12.027947061921065,60.507410172352095
Or7E174,-14.388180385860034,49.5027539483771
Or7E175,-42.12929825409433,28.24680135639872
Or7E176,45.49661886659321,-52.17586122642047
Or7E177,-9.038021714288538,28.965708640908403
Or7E178,26.578415883613765,41.364271333168745
Or7G12,29.294279938519693,-59.96440255096246
Or7G16,5.381753692900114,-41.70662551848141
Or7G17,-37.28513898455812,-35.865441091226565
Or7G18,53.080961039322624,34.647692411502256
Or7G19,-47.1093135184534,-29.54061595810986
Or7G20,-44.86547229506371,27.040721863465492
Or7G21,69.83346248461412,-16.10225742215926
Or7G22,24.106024062366874,-40.8250783378546
Or7G25,-21.08632157726529,-9.957830054345475
Or7G27,-25.946904145189656,-25.627343635213098
Or7G28,11.664609939628969,-48.760847765575875
Or7G29,-29.318462823201777,-18.103829069216484
Or7G30,-35.588615233295094,-31.04669195003251
Or7G32,42.079551980511795,52.9928821125632
Or7G33,-26.00111643937153,-12.38269544817263
Or7G34,-38.64559647454833,-29.668859193432905
Or7G35,-36.443620998018496,-48.37860571361725
Or7H8,-24.914699914010956,16.82246380631403
Or8A1,23.98087284927054,-24.505831850373543
Or8A1B,-15.604243759730158,-51.192917005721974
Or8B1,53.87109594439669,-39.262575786796816
Or8B101,27.150016374374456,-49.8148038605521
Or8B12,60.154479134065504,-10.035987513938306
Or8B12B,24.011983389486527,-28.524055228185
Or8B12C,66.71413527022669,11.604416389189451
Or8B12I,22.732554312938205,55.255504513427546
Or8B1B,59.84855885814818,-30.68606598468467
Or8B1C,37.55586304698811,-51.04717717406839
Or8B3,36.49379403152213,-37.73928076120797
Or8B35,57.88322380475845,-2.4395033988580193
Or8B36,33.66682731442519,-49.9506799707749
Or8B37,31.961404035158104,-35.690121288664905
Or8B38,31.404010514809592,-28.52785363455154
Or8B39,30.98347518099598,-44.79327264440733
Or8B3B,41.010927794197436,-36.36387620090931
Or8B4,18.09694083901064,-45.06513141772478
Or8B40,33.90067754865978,-39.16523675564518
Or8B41,33.815724333443434,-45.75362732331038
Or8B42,30.92184517389448,-36.07632479041327
Or8B43,64.40198027356064,-9.557755054888807
Or8B44,53.71649751470227,17.66739716231857
Or8B46,68.9224574303478,-14.493780389975187
Or8B48,54.73569665732684,-32.7582099505265
Or8B49,63.54589122245932,-5.666756813008386
Or8B50,27.34858745209791,-51.25093857551146
Or8B51,54.08229251387974,33.30852512911809
Or8B52,-31.808799134415484,-35.63500555063694
Or8B53,42.31389260326697,20.821857217049306
Or8B54,55.388124307127285,39.52684950851409
Or8B55,46.227806100316606,-35.16929809357185
Or8B56,47.16859563113345,-31.992431811174967
Or8B57,22.59720160073721,-35.427245589763274
Or8B8,39.598168360596084,-15.53976357099047
Or8B9,45.80612368679366,-22.613114184988717
Or8C10,47.84331195022062,24.79695569168689
Or8C11,55.681317833964236,26.284011325658284
Or8C13,-15.55773955084538,-68.42250954221552
Or8C15,33.083313444388104,-54.289370691424146
Or8C16,30.11492166777918,-51.588313020969444
Or8C17,32.545748177062734,-41.98302354085966
Or8C20,39.46584617559582,22.084030981311905
Or8C8,16.696175943077176,-36.70074877936914
Or8C9,53.25590555709251,22.110672305799227
Or8D1,-10.740265041876198,-5.519646630583471
Or8D1B,42.81310961667672,-17.45794707839589
Or8D2,41.39200156871925,9.865614433488409
Or8D23,39.91485253789819,8.3738224076237
Or8D2B,14.779913494642757,6.319675418569602
Or8D4,41.82485185322247,31.728346745460577
Or8D6,34.673315756612226,37.376645323479565
Or8G17,16.974001966241133,54.14032782328098
Or8G18,-29.703386563917764,47.8759690017432
Or8G19,32.63601391473325,-49.81100860895772
Or8G2,35.77043606989898,-49.19538124314738
Or8G20,60.27445963955321,-7.840152268484587
Or8G21,45.23949096113954,28.23876012035408
Or8G23,19.750021049451927,-59.34455211119122
Or8G24,60.377010491724405,23.562315102672564
Or8G26,42.51475453660824,-49.77477665303017
Or8G27,62.848744195454444,8.927943682190921
Or8G28,59.29194614440293,-29.31917069240145
Or8G2B,58.03986636719179,3.3085231976811604
Or8G30,25.027714593991327,-57.884712439454425
Or8G32,-22.255965824060905,-60.059976609771326
Or8G33,53.47961422396069,-47.72134545867866
Or8G34,27.419070722358082,23.92021754331133
Or8G35,63.64977675501743,24.816149389602476
Or8G36,29.51816616638851,-63.19255878964917
Or8G37,66.82384172744744,-15.893209308749125
Or8G4,36.811181430228515,-53.662281368732884
Or8G50,27.706635173863514,-32.333250660390156
Or8G51,26.1382866404686,10.510526696556397
Or8G52,58.43347561741958,18.396759098611128
Or8G53,9.697691314076584,-26.49505749364338
Or8G54,66.06742249925092,14.883675675198178
Or8G55,28.49944028267703,-23.034572679602256
Or8H10,-17.033071050157535,34.02980750594249
Or8H7,-2.185192223819258,19.545377102321716
Or8H8,13.481392334519615,-27.340971523976282
Or8H9,-45.22333427623446,19.043045205610074
Or8I2,-29.695591313466366,15.949227308372189
Or8J3,-8.409951848442065,15.548924108583007
Or8J3B,6.045168549932583,-10.892353339836347
Or8J3C,-3.514141716079743,1.5144700918876584
Or8K1,54.313745402654355,-41.28843554748247
Or8K16,20.077712764381207,34.897504626524764
Or8K17,18.657286344818893,18.939497641886813
Or8K18,28.78046474819709,47.75642286924149
Or8K20,56.360331862778644,-22.814336416164934
Or8K21,24.667822292028276,42.55940526310038
Or8K22,73.68125018834934,-11.137307797763103
Or8K23,56.74852930040762,32.35913602315583
Or8K24,44.184040016008524,13.250784356697377
Or8K25,-67.35635623444331,5.094270089520844
Or8K27,53.054120516562556,40.48907308078671
Or8K28,-53.86583610197287,21.26121162768043
Or8K3,36.53459143139591,28.631914119393404
Or8K30,-40.1066729422479,24.962905606528793
Or8K32,67.57642080281485,-5.56976223338032
Or8K33,62.45712138402146,20.69370580591045
Or8K35,33.88965185591191,23.709180174989783
Or8K37,-34.47646004858972,23.16151453977145
Or8K38,30.307026541840784,52.90358558445938
Or8K39,20.253664197605488,5.724894203920359
Or8K3B,39.701954674846824,-29.55765070637572
Or8K40,54.17149699211122,-42.589664345396955
Or8K41,60.06824812088626,-10.247643577808205
Or8K53,20.868735811753123,3.0412698697820773
Or8S10,-28.027375807297876,50.4648273102262
Or8S16,-26.28817613224757,-57.62724704058117
Or8S2,-28.721117295554375,30.69712700682639
Or8S5,-65.3028369341382,-13.577001603536388
Or8S8,-21.273511521758277,-27.095212635306005
Or8U10,14.91373446011995,0.976944342056014
Or8U8,-1.2550147562923313,-27.27791293599157
Or8U9,-13.378750932633734,-56.99278228396236
Or8W1,37.43637528591952,38.06510687947458
Or9A2,-48.695409684383506,24.355366799234915
Or9A4,-54.25227655076877,11.884425183972327
Or9A7,-69.85114188608394,10.623381053060815
Or9E1,57.69948575160264,-24.93302581611881
Or9G19,-33.09565113762417,-45.793453185510444
Or9G20,-7.7714870382120615,-42.919277021271704
Or9G3,-17.739858301976312,-53.698531557543966
Or9G4,30.6598386698585,26.866712782380546
Or9G4B,8.613503486078788,-49.641198059152366
Or9G8,-33.10614580221967,-24.447746768768027
Or9I1,-4.739327659358361,35.8314229749272
Or9I14,-14.92951150984124,47.144836180939976
Or9I16,-39.725109781814105,-6.075619045780805
Or9I1B,3.3598351092746688,37.67062799371151
Or9I2,-4.258049212733377,39.55613118502705
Or9K2,9.727573495125574,3.6071473093207076
Or9K2B,28.02742333349153,15.568993727887014
Or9K7,51.46252950447887,30.940878875765222
Or9M1,16.64396255707922,45.09180416249314
Or9M1B,15.133885599742342,48.70707022210638
Or9M2,-63.0885687861531,-13.13965623245931
Or9Q1,-8.080321937819498,51.300954175520054
Or9Q2,-32.5186764992365,32.01962102336073
Or9R3,14.761764847479197,28.463288373929682
Or9R7,13.194387720500378,33.30148975552306
Or9S13,1.4051760251330063,-21.19020527995001
Or9S14,9.790035750890775,30.842418669226532
Or9S15,-3.892700677900545,29.317750884067074
Or9S18,-17.041138055003188,5.499429127889471
Or9S23,2.010524207798719,32.64754193858568
Or9S27,11.80079136271381,33.125347125104284
