,MDS1,MDS2
4930516K23Rik,16.87577671401574,-42.85332754418409
Olfr1025-ps1,6.650855830556608,8.648661627868654
Olfr1038,1.0751609153146207,20.997847664257158
Olfr104-ps,-2.382130382090379,-18.588450490606384
Olfr105-ps,63.638737187575394,-3.4467578156456833
Olfr106-ps,-2.9695531550201726,-17.54028547745559
Olfr1096,-2.6423984887657967,11.52965100217818
Olfr1141,18.167507019390865,44.42896275781312
Olfr1150-ps1,16.300282569107328,0.7665218500011607
Olfr1174,4.660461127661178,33.42669394354624
Olfr1175,4.033828910676647,34.71586251850854
Olfr1177,3.3831785329011086,32.215438124747735
Olfr1185-ps1,-31.06461931071017,-16.418607547113726
Olfr1191-ps1,-15.06282310965349,-16.379383765104723
Olfr1192-ps1,-27.31628317798959,-14.217270342653537
Olfr1224-ps1,-24.06838912192029,-16.984787126207298
Olfr1291-ps1,-15.972279466797177,-22.876660543179963
Olfr1293-ps,-14.899005669409037,-21.563595800124098
Olfr1315-ps1,-14.178505182473346,-26.17638995918378
Olfr1326-ps1,29.25531080283812,31.163984655251973
Olfr1369-ps1,34.24732782662745,23.83491664900882
Olfr1432,23.690282374828644,17.05701511441837
Olfr1434,12.354996596673493,8.68028429899732
Olfr1438-ps1,8.592680791311583,15.48840839675099
Olfr1458,16.16582777688857,36.20629705983552
Olfr1493-ps1,26.04862513764149,-14.85508423517427
Olfr1532,-1.9885834077063105,-1.2227602372671094
Olfr1555-ps1,24.587634095795167,34.23201059238217
Olfr1564,31.557252772731015,0.2834264569546716
Olfr1565,-14.143822109331262,-12.061003645638708
Olfr175,16.929342661658378,31.8707428252494
Olfr209,11.638729232219013,21.58512007866188
Olfr271-ps1,-15.27295034481853,-78.28727273548482
Olfr322,32.333361196516584,24.677635431602454
Olfr335-ps,22.401851632692,5.014795581862736
Olfr364-ps1,3.3470750696279663,1.9624715586150998
Olfr396-ps1,78.04655207273619,1.8856039112026288
Olfr418,25.700298993745587,8.715698753425686
Olfr465-ps1,-38.664922064055744,-8.52996230511854
Olfr548-ps1,9.244349013435702,-45.71683732513134
Olfr573-ps1,32.44789128590521,-47.040856470292404
Olfr587-ps1,-36.76072293463311,-60.96868502520194
Olfr588-ps1,24.574449569085655,-36.803720247663286
Olfr625-ps1,8.022496386502295,-40.68301672837267
Olfr634-ps1,30.66678214183458,-38.5747404947213
Olfr664,3.1467940040140125,-41.834616026945625
Olfr680-ps1,-7.070033280700609,-42.50960529405283
Olfr682-ps1,25.020583852443686,-31.32243756378879
Olfr709-ps1,1.5338024337759515,-0.7532131150773372
Olfr715b,-18.49719525421949,42.661363190376456
Olfr718-ps1,-45.80206952370466,2.8165381878379487
Olfr753-ps1,76.547834554359,11.413162056273197
Olfr764-ps1,-25.442695883599722,-1.4163449211240027
Olfr765,-24.32631870833641,2.919177833457668
Olfr766-ps1,-24.52337766498546,-1.6639135202121007
Olfr779,-13.46028632553573,80.9396267870763
Olfr839-ps1,-14.249705153145094,7.405601422901712
Olfr844,36.74478581162484,20.071852238209985
Olfr851,-23.012510991722547,19.830596913005888
Olfr896-ps1,-16.89787706763442,22.425133114596196
Olfr911-ps1,-12.574549485754014,29.86959272735522
Olfr936,0.16865579343082548,78.92270993136877
Or10A2,15.24287388501517,-12.89171012647166
Or10A3,-0.6514769619361528,-9.965755110912827
Or10A3B,-0.7533253843910389,-7.509970036078077
Or10A3M,-1.8211480959230826,-6.796247307986913
Or10A3N,3.19228942656864,-9.555676937311382
Or10A4,7.076776500242091,-2.789097270421961
Or10A48,8.524630407227937,-15.802994546115976
Or10A49,-2.0446693057292364,-14.100032810054998
Or10A5,16.064710168227318,-14.376886559639486
Or10Aa1,28.905339625564043,-16.412348887455757
Or10Aa3,24.9770430585604,-17.362255955808426
Or10Ab4,-23.358231381123773,26.414017081220337
Or10Ab5,-28.266345500457337,23.28871965678888
Or10Ac1,42.22926915540275,-9.984192234029575
Or10Ad1,29.877458925483605,7.37160197529315
Or10Ad1B,34.384321030462424,3.6637520695309944
Or10Ag2,14.86167163422944,2.607136748317933
Or10Ag52,29.880728390377012,9.325459281214828
Or10Ag53,8.2034426222826,1.537743700103249
Or10Ag54,11.609603612818757,0.553624155919685
Or10Ag56,11.294473747363012,0.13097110750699964
Or10Ag57,14.678283130466083,-0.4583502783740755
Or10Ag58,42.27050829131096,30.79414882792958
Or10Ag59,34.521030431412385,5.036174991269223
Or10Ag60,16.130467994706343,1.8544456198824704
Or10Ak11,14.280136664102445,-11.893347808623917
Or10Ak12,10.091183504320963,-14.853656087186675
Or10Ak13,11.948328339662053,-14.185914980633818
Or10Ak14,-43.45490114941023,11.917569491911411
Or10Ak16,8.031464806131346,-12.7827567451777
Or10Ak7,10.591901680203677,-11.302391265708515
Or10Ak8,-50.805196919797524,6.441386842241934
Or10Ak9,14.372707496156492,-14.486992560748641
Or10Al2,15.663005585834474,51.36800894493751
Or10Al3,-38.02981782165452,11.848841476642
Or10Al4,-54.05309062803988,8.336122315839416
Or10Al5,-51.59121335587971,-43.85696880771698
Or10Al6,33.814040840740766,-4.915430477337683
Or10Al7,-38.887195394308705,4.073467853345791
Or10Am5,-29.940538779876878,18.73865339522254
Or10B1,30.903704850172847,-2.812318151274824
Or10C1,-11.469003868631775,-0.7923773516978643
Or10D1,-3.8115684384911828,-22.59720429878428
Or10D1B,-31.557260383944456,-9.527699577637064
Or10D1C,-32.32975727023687,-8.888436232461137
Or10D3,-5.130074536089992,-25.14275688038359
Or10D4,-51.45650552728337,-10.319776572926644
Or10D4B,-50.82525397530778,-6.689230218016336
Or10D4C,48.29708576828102,-1.2395945170545561
Or10D5,-4.477514066588821,-19.867191389474993
Or10D5J,-3.67259604665665,-20.897844544889043
Or10G1,-6.285511188941473,-17.89828962350155
Or10G1B,-7.583080309150122,-12.656416077048627
Or10G3,-5.026656590701662,-23.140285352394763
Or10G3B,-4.931440957771725,-20.935904503289898
Or10G6,-6.287887988693722,-16.13364907851061
Or10G7,-27.761949075510284,5.0057591530183805
Or10G9,-27.685318752753002,-7.433580351404038
Or10G9B,-30.737116341061935,-7.274765320636042
Or10H1,-62.25499688587378,-16.775519250506832
Or10H1B,62.6208361674219,-12.22258543447527
Or10H28,31.87479376955741,36.3110118666855
Or10J27,47.830344037697884,6.246094231991511
Or10J3,24.761209415837204,9.645381566810308
Or10J3B,32.51608829445606,22.7275917480943
Or10J5,23.83052790125815,9.620813436700407
Or10J7,34.61391704574398,6.553944881830491
Or10K2,28.31360622263067,12.580040308239019
Or10N1,-35.03927410627282,-11.175992588285093
Or10P1,19.866898498619445,-5.500095706369052
Or10P21,30.567881054542294,-11.99295332326041
Or10P22,-35.76894040259812,8.906057244752793
Or10Q1,65.06841601512711,-11.482948508688448
Or10Q12,-26.787187022344746,14.715597469761475
Or10Q1B,18.823551609101994,-9.923615718947204
Or10Q3,27.989265886013285,-11.048973096551244
Or10S1,-3.340835096121834,-24.615186933896446
Or10U3,16.51171741100799,3.4795736722229584
Or10U4,15.597048798812729,3.6899326699214643
Or10V1,17.71489622810612,-5.32106913238471
Or10V5,-21.069007409081063,9.120755706844733
Or10V9,-20.19877617842994,8.73050198788035
Or10W1,27.71048507376119,-14.235371682446715
Or10X1,-28.668800046798204,12.173715219382736
Or10X4,-33.04045066618019,20.573966475955576
Or10Z1,26.27554397876377,6.7427358480963555
Or11A4,-1.0872175942059337,-14.513581634349519
Or11G1,1.7543734199935246,-16.3734784541462
Or11G2,2.73029062777387,-18.9961009753232
Or11G24,5.975248131869121,-14.974535026224018
Or11G25,4.837091144708987,-18.85165424375383
Or11G26,3.675572994639646,-19.530810421646205
Or11G27,2.4670688331817834,-15.643701553816513
Or11G7,2.9278545033154986,-15.981721084449152
Or11H23,0.3896322151472712,-20.990556700205467
Or11H4,5.987724524393144,-19.820384220633926
Or11H4B,5.030935164272313,-18.087483910461007
Or11H6,-29.92360633540497,5.279580853674244
Or11H7,-33.51149952693929,14.852860773742686
Or11I1,11.135101747521105,-18.908537131007545
Or11J4,0.3739631948960303,-19.116797328024315
Or11L3,-19.941443723919566,12.760347203543413
Or11M3,32.583417423087965,-13.512943067418208
Or11N2,23.353349938736702,8.164799844426291
Or11Q2,20.74629279063719,-15.152294026927002
Or12D12,-3.8630288015336856,-12.9242409841857
Or12D13,-1.564506274592435,-17.608030477702837
Or12D17,-6.68666758854585,-10.269138412428509
Or12D2,-4.1312536524414325,-14.483272111972331
Or12E1,1.6161897425328386,0.3411398986767104
Or12E10,-8.617586515533379,-4.842216843218689
Or12E13,14.52565443579943,0.9457541669379609
Or12E7,15.295276542212296,1.2003473132945035
Or12E8,33.57040514396031,5.3355505353609
Or12E9,16.23697309910708,-1.3576216653925994
Or12J2,-27.007958190162547,25.29809835775704
Or12J3,-36.95595295869262,-7.0966363639006165
Or12J4,10.61903135822021,-22.472542867025837
Or12J5,-37.21355907056779,7.771870829802687
Or12K5,4.3943078208650785,-12.129568722120283
Or12K7,-6.696405009206496,-7.785679588926111
Or12K8,-8.018945012690608,-7.048870038864853
Or13A1,-25.94018655118025,22.225185705568475
Or13A17,30.34790709446482,17.45927465787071
Or13A18,-29.03652809043339,22.556550204297636
Or13A19,-1.6693883185511285,-12.707099032181702
Or13A20,29.896154164052163,-6.01590567399541
Or13A21,-14.939244069904626,3.5421098791125867
Or13A22,-30.027207958779545,22.290715868306364
Or13A24,-27.681358510553896,25.08230209517574
Or13A25,-7.650447171491334,-27.490795664922235
Or13A26,-29.126179308367735,25.093250533001008
Or13A27,-29.72539422635488,23.263470033799614
Or13A28,31.67547416171746,18.7478050465493
Or13Ae2,-52.80851610340758,-31.830429685934934
Or13C25,-33.017861687137604,31.34420270524349
Or13C3,-44.262286885566446,16.318546948182895
Or13C7,40.27027232050479,10.31120032320549
Or13C7B,36.08234874661636,15.913633378070971
Or13C7C,48.099072385513445,8.448253654258334
Or13C7D,-37.043788296989604,22.20008204643012
Or13D1,-2.95035722740689,-7.625658273052231
Or13E8,-29.146900210419375,35.745364659298005
Or13F5,-17.078947437311296,5.666093924589007
Or13G1,-25.550481033677965,9.432039661413269
Or13J1,-12.50740250259107,-1.766217404609034
Or13L2,-62.418602714301294,24.649017398034015
Or13N4,19.790835474648148,8.690368970674834
Or13P10,23.326254420764414,-11.218724679682676
Or13P3,15.29047731887109,-17.535948151120962
Or13P4,8.076788754048854,-10.075973207827035
Or13P5,3.5098458977848583,-12.369527805399226
Or13P8,3.584524761934672,-11.414603151760717
Or14A256,22.850588002821958,51.330795458741036
Or14A257,-50.24841306491207,38.379253675106625
Or14A258,41.99503363218189,46.8026941026916
Or14A259,-63.54292184006833,-26.52926084564418
Or14A260,-26.431895235070897,41.9236441243689
Or14C39,-36.742066582219984,5.613361948495975
Or14C40,-35.644783286264676,8.145791424635336
Or14C41,30.61943367347427,-2.7159262934640687
Or14C43,-41.841636132289146,-3.3967682987168346
Or14C44,-35.864939551338615,5.217856353282821
Or14C45,32.703746030559955,-8.538993991235703
Or14C46,33.67349437953455,1.2639227899435987
Or14J1,29.664715584185654,-12.088031823261128
Or14J10,-46.3367054595584,1.9402163643008528
Or14J2,33.88819150788339,-10.030659414896416
Or14J3,34.09039956402221,32.16802314428597
Or14J4,-39.61610429969919,3.357018203317596
Or14J5,34.67535938958996,9.292322248998865
Or14J6,-35.66925134235378,18.38470626265234
Or14J7,33.85839930270672,9.747601475373331
Or14J8,-27.353721147232246,29.281540980879235
Or14J9,36.36401408476574,38.52098588060391
Or1A1,12.489028578539177,-12.154354007164054
Or1A1B,12.28627480888248,-11.728740083731735
Or1Aa2,58.37684567295543,-3.109702576510975
Or1Ab2,-0.12549825319738073,-5.4287477295251785
Or1Ad1,26.320268644793902,10.325640763325465
Or1Ad6,-2.624932701570374,-4.736045077336058
Or1Ad8,-34.25770467264025,13.106867352960169
Or1Af1,39.941178060864985,11.665264550926466
Or1Ak2,-50.80234722247058,-31.052400154152338
Or1B1,27.06583688053119,12.942814367619158
Or1D2,41.817144458424536,-4.606573275231663
Or1E1,4.209837144566433,-3.302977128121618
Or1E16,4.156682183053593,-2.319076236975467
Or1E17,4.926815091649606,-1.7207476042036955
Or1E19,4.754303474658211,-4.907018201660117
Or1E1C,3.873944036214017,-2.772438965659995
Or1E1F,8.2860967143059,-5.4517334435426354
Or1E21,1.8541681583285263,-5.122780508395134
Or1E22,4.353451288636854,-7.319535843278002
Or1E23,-46.090965093431436,25.5964582453573
Or1E25,4.779155049316783,-3.7394548570800312
Or1E26,6.88195676457643,-6.650563870862753
Or1E29,5.898921440618136,-3.9450983582700863
Or1E30,-39.824374901706925,30.61678425838438
Or1E31,5.677501419014535,-6.319203587140117
Or1E32,8.622869069595003,-6.319782129601265
Or1E33,7.332063510511107,-5.474982722107494
Or1E34,1.69602305052069,-6.806014241387941
Or1E35,3.4621900928279548,-6.334715821894012
Or1F12,-13.145080058892521,4.871971698082248
Or1F19,1.8076788140635902,-0.2790888709072986
Or1I2,12.97775106146186,-1.2175449844809543
Or1J1,18.99914382731173,-6.189992828187138
Or1J10,23.10796174663892,-3.4961896884118104
Or1J11,13.676201649645765,-7.0419503618899135
Or1J12,15.027993281999127,-3.575210318725459
Or1J13,19.145276090585895,-8.300172408029423
Or1J14,14.8046855318299,-6.49261515627216
Or1J15,-32.787637279750165,-4.2345005743252715
Or1J16,16.935661346248235,-7.13570561096003
Or1J17,12.150364005550683,-6.839200218377088
Or1J18,15.999098309237544,-8.156309031829462
Or1J19,13.190085991633905,-5.716495972272082
Or1J20,9.973197475277507,-5.714858381157562
Or1J21,16.429682821517666,-6.648555022362662
Or1J4,11.764576868206788,-3.6251958881155666
Or1L4,59.67457364710649,11.604860444039302
Or1L8,1.1624960555177108,-2.772093072113462
Or1M1,-1.3484306104176655,-7.938812354025131
Or1N1,-32.36629436493925,-60.833688966126715
Or1N1B,34.21230822136964,-5.439729666585102
Or1N2,13.661236909624801,-11.559949456469948
Or1O1,34.21980758577106,-6.292197162684234
Or1O11,32.85333950064301,-6.50990318231478
Or1O2,30.926061395702387,-6.546286408184197
Or1O3,31.10868753362283,-4.850563656002638
Or1O4,-28.07388845472345,16.681928583937193
Or1P1,2.694993427787852,-5.4529132046660775
Or1P1C,51.57072505966329,-0.10443368362321905
Or1Q1,14.091055276492368,-5.607188011553242
Or1R1,-32.25062721886898,9.552216581432633
Or1S2,8.426326694191,-10.635608128583565
Or1X2,43.76247118332594,-1.0732782806898489
Or1X6,15.802127341260974,-19.952383991580295
Or2A12,2.9105378366013315,-10.644162582440055
Or2A14,-27.72163612472525,8.814633074939335
Or2A20,20.759930169840537,-11.187234472966884
Or2A25,13.735456418350232,-14.381127887134223
Or2A5,-30.376377946451854,15.65772259624497
Or2A51,27.02134066069314,-13.206228518345915
Or2A52,9.142088372376737,-12.749477785945366
Or2A54,18.824466449026044,-12.82457230943831
Or2A56,18.642601199866576,-14.432931044978703
Or2A57,21.03941299381696,-11.607589755271254
Or2A7,16.492116754479493,-12.409660401507923
Or2Aa1,-38.62308493456203,15.795287958067695
Or2Ab1,53.26664097317618,37.25135570060164
Or2Ad1,-25.781959675019973,33.931993950189955
Or2Ag1,26.157916515489777,-4.9427119761423555
Or2Ag12,-30.849959507660774,8.916748047465493
Or2Ag13,26.08116078399158,5.624483778985076
Or2Ag15,-27.355038173272053,13.704332557278457
Or2Ag16,26.970448932371244,4.8024609496828194
Or2Ag17,26.86838411131152,-6.23043349966656
Or2Ag18,-30.279401994378574,9.771085841898529
Or2Ag19,-32.93629777052244,6.601735852230618
Or2Ag1B,27.30457641201993,4.334055351702267
Or2Ag2,53.89640038866369,10.167812484361725
Or2Ag20,-24.165729807454476,17.128609052741712
Or2Ag2B,-26.193842672964518,-4.650044066129846
Or2Ah1,-2.6017405221467147,-0.9428421889175997
Or2Aj4,26.80904983297693,-7.867063163437235
Or2Aj5,26.48040054867466,-4.525454700633288
Or2Aj6,35.10623754066817,-2.9021186618703045
Or2Ak4,27.898543814272358,-4.649272310738328
Or2Ak5,25.62075523143479,0.5230014100009828
Or2Ak6,30.886958852440845,-1.3919359331302115
Or2Ak7,-30.749567205081654,10.542450090602516
Or2At1,30.437839273379943,-20.014931275324283
Or2At4,26.098306577592307,-20.543441763372265
Or2Av9,-26.621334544208526,18.211979785415547
Or2B11,-9.2887279719955,3.5634290237903246
Or2B2,4.122815983579656,3.8559402931422686
Or2B28,6.732267985283162,2.701822521027861
Or2B2B,-7.3132844053980905,4.8133733817831725
Or2B4,-16.971721444337675,9.552594461092939
Or2B6,-6.6735079412471,3.9111910411251896
Or2B7,-8.907133980508712,-0.46647879839371137
Or2Bd2,38.3016533913977,-11.436192402993033
Or2C1,35.72924081362953,29.023542598066413
Or2D2,1.9359356076983174,2.819613900130693
Or2D3,-0.7856803812511177,-0.9621373329844362
Or2D36,-3.279760290115191,-0.9499829699654735
Or2D4,-1.2746281845367637,0.5872888631853563
Or2F1,-3.836705148239293,-0.3314161595996212
Or2F1B,7.31920310636496,0.5152288583174973
Or2F2,-2.5787204627906637,2.0489055698434697
Or2G1,-25.060322265048104,13.376003173158008
Or2G25,19.213005489492932,4.143316183939802
Or2G7,19.093167462700087,5.081128253982838
Or2H1,9.53974284573074,-4.824812372431572
Or2H15,-31.82454711866494,10.510789473733206
Or2H1B,-8.983758691299977,-2.938960475786394
Or2H2,-7.712024300685866,-0.702212781736713
Or2H2C,-8.554637002436479,-3.2642820053127175
Or2I1,47.468947872732066,25.396924698437807
Or2J3,-16.557962134398206,6.251701803887882
Or2J6,-28.1567058845044,23.896925018963614
Or2K2,-6.079376863821425,-0.6450171119016967
Or2L13,44.72709855893473,26.970207363797968
Or2L13B,16.518749654291515,-0.2788454862671479
Or2L5,41.4017737290848,38.83803377025191
Or2M12,24.01173399047353,6.689409063772395
Or2M13,20.804341743799785,3.7094503731883886
Or2N1,-26.33619377924436,11.603685513118696
Or2N1B,-24.568836944591464,11.318714863396751
Or2N1C,21.468517398861803,-8.299907627381762
Or2N1D,-24.17390961539173,14.65136574142281
Or2N1E,-28.95824539036278,17.33837855973023
Or2O1,30.66167199242054,0.7546794081651659
Or2P2,-8.863302117316918,3.229467165410543
Or2Q1,-20.76443275475982,6.466577816188188
Or2R11,20.174684435457863,-3.2563483999219516
Or2R2,-16.902871188659606,8.02191552665069
Or2R3,-10.491904811670496,1.3909607331866825
Or2T1,-3.3305791525715285,57.79625164178485
Or2T26,17.631948840001627,2.575255960612137
Or2T29,22.784367801221972,1.5166844009881646
Or2T43,23.97635431093348,1.9132847925226053
Or2T44,-23.643107338290775,17.62603272031009
Or2T45,18.933631787925584,-0.18947568413175628
Or2T46,23.06291480107524,1.4880508113830788
Or2T47,27.106588206527764,2.2460701659028106
Or2T48,24.256979519939897,1.8467608383395493
Or2T49,26.43637206762712,2.032491829415305
Or2T6,25.003382790191672,3.476912493827522
Or2V1,23.438890479402012,3.351898960621323
Or2V2,45.59387017246527,25.546944964931974
Or2W1,-32.57691465134278,29.105971446380497
Or2W2,21.990359018707277,7.652750053523729
Or2W25,40.50423033456224,27.093819300052914
Or2W3B,-4.073334432739091,2.810768641508125
Or2W4,9.27437459280575,3.2645131487334527
Or2W6,-6.414447673036603,3.7961596887842943
Or2Y1,-25.725164288146242,11.539791568168216
Or2Y10,-31.36147627894754,13.733012148380906
Or2Y11,29.885834112266142,0.21612370013342747
Or2Y12,-21.723053118848682,8.356846127614537
Or2Y13,-11.789403192835502,1.431687639473945
Or2Y14,39.16176669937138,18.575358357168607
Or2Y15,20.143795713721286,0.48321413334079
Or2Y16,-21.031768926042872,11.83459893782803
Or2Y17,-14.051039030532229,1.7730155415668474
Or2Y1B,-9.015258124097164,-0.8195741428033302
Or2Y1C,-7.860992909230436,1.302701630634824
Or2Y1D,-12.223875859039925,6.090119700370925
Or2Y1E,-25.363761594141398,33.92830889871425
Or2Y1F,-20.901298326761548,7.682239531993196
Or2Y1G,-9.561821710809475,-1.6550563100983127
Or2Y3,53.520294809183405,6.392154632043896
Or2Y6,-26.290633376522244,10.691550847706283
Or2Y8,34.60801899998891,-0.12633536056080746
Or2Z2,-12.255632624950898,4.187207987536494
Or2Z8,26.342604034864724,-0.7560410697008114
Or2Z9,26.5592751002714,-1.0789043336017927
Or3A1,-19.06095203402211,5.026325070659433
Or3A10,-25.903084573668117,19.873496382790734
Or3A1B,24.203631403079978,-13.86476492333607
Or3A1C,22.55746284636581,-13.211954300521352
Or3A1D,18.523850446639827,-13.159486723009863
Or3A4,30.843934028610924,5.848598722423838
Or4A15,-18.431589403703086,-17.49903357063324
Or4A2,-14.090375923629175,-14.098720518171758
Or4A27,-27.36463796827235,-11.612495099798991
Or4A39,-19.915907796906634,-15.311797539993027
Or4A47,-26.242136722744497,-14.204532797258551
Or4A66,-27.276646846549678,-11.18706493568257
Or4A67,-27.73007178345722,-11.798108322586998
Or4A68,-26.95035893977947,-18.232444939467886
Or4A69,-29.94053194405887,-19.82386040112806
Or4A70,-28.601586577587067,-21.48459303138384
Or4A71,-29.20972095145359,-20.10644935595358
Or4A72,-27.25832885992709,-20.574785481970313
Or4A73,-28.43904024048852,-15.175587797587811
Or4A74,-34.68950300501564,-22.25589810825293
Or4A75,-28.768492081440588,-18.72010438204301
Or4A76,-21.95185271416136,-22.035556861500872
Or4A77,-28.383055038067592,-17.81409172319555
Or4A78,-22.893440776946168,-19.9585992490929
Or4A79,-30.28738813643545,-18.271964941190284
Or4A80,-22.14305953766594,-19.45979444857402
Or4A81,-26.72685440783745,-15.22463680015431
Or4B1,-19.894956329744673,-9.872048965764181
Or4B12,-20.721189383890707,-8.983715114152082
Or4B13,-18.436485708199996,-10.656124204584204
Or4B1B,-23.65540463804878,-10.44388324221412
Or4B1D,-21.50955373606456,-10.626236997076262
Or4C1,-16.963906807089337,-16.207980488028273
Or4C10,-18.271004599473226,-15.8727379609543
Or4C100,-18.265883744654197,-16.778286590165514
Or4C101,-19.821060501718048,-18.746676451988897
Or4C102,-29.70794359527324,-14.999982185667877
Or4C103,-24.948447748061945,-24.260281397629154
Or4C104,-21.794576019816343,-20.12452332240898
Or4C105,-19.388388503581304,-16.13240015145489
Or4C106,-18.696432718519688,-15.687128746740632
Or4C107,-25.771751305893478,-20.539493251162966
Or4C108,-23.18164010435188,-17.406152313915314
Or4C109,-24.748870875929693,-15.966075222414437
Or4C10B,-18.828384321409562,-13.98024597982481
Or4C11,-23.18811819978572,-22.43276429214171
Or4C110,-31.52991627306646,-26.133018294464645
Or4C111,-31.093461421440008,-21.90291886291953
Or4C112,-21.425815165263106,-16.11647821416721
Or4C113,-23.63440966682818,-17.35828702766198
Or4C114,-24.30078007825427,-17.783544028011196
Or4C115,-21.115427335196326,-17.135168179239418
Or4C116,-23.636244627935962,-15.59470295644467
Or4C117,-24.325565503574317,-17.640187169549982
Or4C118,-21.5808050795321,-15.571588492563933
Or4C11B,-24.133046123884892,-22.494689157824034
Or4C11C,-27.896944891834757,-20.459917319115224
Or4C12,-19.449750044830623,-19.478624853723716
Or4C120,-24.26830955093202,-18.45646704926087
Or4C121,-22.648133377699995,-14.714498897925242
Or4C122,-22.595567078943724,-16.939853296633018
Or4C123,-20.26774489899221,-21.203793066329528
Or4C124,-23.47142606804864,-21.493849175456155
Or4C125,-19.861033094739184,-13.67866334071092
Or4C126,-26.102377756313842,-17.198553281855613
Or4C127,-23.85896567473307,-13.481326850475845
Or4C12B,-20.906185001320285,-21.27550883213525
Or4C15,-21.15921201710869,-16.47274258039266
Or4C15B,-23.37219334088248,-19.010986962780628
Or4C29,-21.158205959913534,-19.69490752648867
Or4C3,-17.07100944305622,-13.915210258070982
Or4C31,-25.28525451085338,-19.125186301780744
Or4C35,-29.291149441466235,-17.59193145690766
Or4C3D,-16.614285039893996,-14.077846467734007
Or4C52,-25.234600291362522,-14.897899674462089
Or4C58,-25.119928040695648,-22.36355278905558
Or4D1,-34.18202442305625,-14.161703335188385
Or4D10,-22.019879236123646,-12.946361359115931
Or4D10B,-13.673916536561325,-17.364381577701707
Or4D10C,-15.432922003609754,-14.994846821612434
Or4D11,-17.66033929368259,-18.761799884438958
Or4D2,-25.630492805544367,-10.239846088121743
Or4D2B,-31.685174043935678,-12.3021520932787
Or4D5,-12.232153348663333,-13.412591902049664
Or4D6,-22.239063592413224,-24.65305102392077
Or4E1,-16.033278100091223,-8.358960202278695
Or4E2,-14.526620004402147,-9.034377161522658
Or4E5,-15.814053979136458,-9.889915740502243
Or4F14,-13.578412958674608,-25.868861902230602
Or4F14B,-14.341831640181704,-25.762030908674973
Or4F14D,-13.331598493186045,-25.196751759036076
Or4F15,-13.808696674119052,-26.92952693506347
Or4F47,42.96911859424247,-12.88228500123808
Or4F4B,-16.169263249100595,-22.88523982770297
Or4F52,-20.93945619694007,-27.190516746721126
Or4F53,-17.031737851506005,-28.0345874752956
Or4F54,53.29803168892144,-6.527171493611956
Or4F56,-16.697417174466775,-29.07690725804963
Or4F57,-15.26445152428739,-23.55633245592199
Or4F58,-15.152819659207221,-26.126537125778565
Or4F59,-15.165203409754588,-24.336348530566575
Or4F6,-16.193056852007235,-26.792404966118678
Or4F60,-11.983067338773052,-24.418497933579133
Or4F61,-15.485051464217012,-27.291111227445754
Or4F62,-19.746335825103664,-30.973707027592692
Or4F7,-16.303931136029746,-26.20662447286067
Or4G16,-29.610482820683956,-32.30988368688333
Or4G17,-19.85674443085811,-29.486440083571498
Or4G7,-24.558541360782154,-33.94853030472105
Or4K1,-14.542470148681685,-18.617605500331464
Or4K15,-14.89643817749165,-20.565640414033698
Or4K15B,-15.189190092926895,-21.098886512593264
Or4K15C,-14.25153576127697,-21.433417199085646
Or4K2,-40.93829365948685,-21.535329643927444
Or4K35,72.66267590626214,-18.212702207273566
Or4K36,-11.932821986566136,-22.016910967750903
Or4K37,-10.089971039130136,-20.38737727234039
Or4K38,-50.32108226821087,-41.78464273304394
Or4K40,-9.760525897428687,-21.919786229232024
Or4K41,-10.943048377845448,-24.642161187098868
Or4K42,-12.30914249199319,-26.93231934578995
Or4K44,-10.02008182741591,-27.17618194270771
Or4K45,-9.338529610246484,-24.49440801241167
Or4K47,-8.967630127640627,-23.592099509169685
Or4K48,-9.873853759439701,-25.011743917858347
Or4K49,-12.753142866798004,-23.1242966329705
Or4K5,-11.38677118787043,-19.63817318833172
Or4K51,-11.425909835615357,-26.853971286054243
Or4K52,-10.983164381862847,-23.422155973552655
Or4K6,56.16884885838911,-20.93083172358129
Or4K77,-10.068987542748435,-21.22885459771403
Or4L1,-16.315290131718594,-24.277124926241456
Or4L15,-14.065954032040715,-28.060809276944468
Or4M1,-13.050680049870362,-11.00268061495651
Or4N4,-19.229170127189757,-26.958281436041183
Or4N4B,-34.177630729776475,-15.967227111850018
Or4N5,-12.272771729988136,-18.79616659118604
Or4P18,-19.50278619492339,-22.526746775400515
Or4P19,-21.478190477400673,-24.82170398402489
Or4P20,-27.787549666098595,-24.251969877179203
Or4P21,-34.2413282395933,-23.431659461320727
Or4P22,-24.678450518609537,-26.53126118490447
Or4P23,-27.08143190659723,-12.913444765679555
Or4P7,-19.066376086347745,-12.656973666843657
Or4P8,-25.223685336073185,-12.111309015363721
Or4Q3,-11.88661768556395,-18.074153835037773
Or4S2B,-14.287229639771217,-15.710137706037935
Or4X11,-14.239269348765253,-12.54336495439818
Or4X13,-13.746356373464687,-10.849695348046366
Or4X6,-14.482184081120197,-12.108508997202108
Or4Z4,-23.86988579442922,-11.867428379323883
Or51A10,24.128654556342987,-33.094705167001145
Or51A24,16.447405441266625,-34.97251805687711
Or51A25,16.65492265925459,-42.30508716763348
Or51A39,22.29958465624187,-40.13390665550002
Or51A43,-1.5941545611241,-51.8344660325352
Or51A5,25.424220640100785,-36.59612818810406
Or51A6,24.63674235518615,-40.918519524806676
Or51A7,22.21127875004231,-41.21888739821656
Or51A8,27.855832455924173,-50.82416665997793
Or51Aa2,56.661061108191376,-33.56953106103661
Or51Aa5,21.54755260012423,-34.981158004242886
Or51Ab3,13.36032950674894,-43.621586192180594
Or51Ac3,22.30350974693756,-36.957482920802114
Or51Af1,25.3651869502274,-37.877290755994295
Or51Ag1,30.98461915557611,-33.99252367570323
Or51Ah3,27.464987588378573,-34.445870375300366
Or51Ai2,30.535287459943678,-35.31674539842364
Or51B17,33.316198893103696,-33.80937436414644
Or51B4,27.18688528075669,-31.69523741814644
Or51B6,29.83347174725943,-36.6516543109805
Or51B6B,28.47389102060505,-36.399095804958094
Or51D1,19.7643615675319,-37.98989020676498
Or51E1,-24.474295708081904,-68.84501227380868
Or51E2,16.872289987039366,-39.953925542552064
Or51F1,19.54086694293866,-40.70530566469385
Or51F1D,19.350129944130003,-41.72781868660329
Or51F1E,18.343245458428616,-39.73223330803461
Or51F2,1.153542978070135,-51.918906686787665
Or51F23,20.565261642942954,-44.21655483119837
Or51F23B,21.39436549855114,-39.58589574098537
Or51F5,21.26736246818966,-37.885511272066445
Or51G1,23.08723479141696,-35.21391786633405
Or51G2,19.928549157887264,-42.74529867452204
Or51H1,20.476831880744047,-38.324098346935195
Or51H5,21.41427161940581,-43.33676746010224
Or51I1,25.38246282271729,-35.845306924109835
Or51I2,20.454816246108514,-36.585984543711
Or51K1,37.97291124906716,-33.08721080416648
Or51K2,23.961144075805052,-38.44171968882987
Or51L14,34.22311451079786,-33.4646457924287
Or51L4,-8.203229893008311,-50.17977677162279
Or51M1,23.512515271270004,-35.05320198424655
Or51Q1,18.346874606400675,-37.49201872289093
Or51Q1C,18.43504797886434,-37.1615260013553
Or51R1,-27.754678779422246,-64.9133441366016
Or51S1,-2.386724170052487,-47.330684904245736
Or51T4,-0.9743826841462465,-45.72174160041041
Or51V14,26.77061756031747,-42.01831895103529
Or51V8,46.69080298712684,-48.52685348814624
Or52A20,13.998490489203125,-45.85204506147718
Or52A24,12.665503786055519,-45.119436614533726
Or52A33,2.991570782729334,-48.28797057280166
Or52A5,13.823673121316192,-45.15977389412219
Or52A5B,14.13453670149755,-43.714674348758656
Or52Ab2,27.589071053814738,-39.399734771010586
Or52Ab4,15.470119749184471,-43.17220223103497
Or52Ab7,3.2232951565595225,-46.67455295584935
Or52Ac1,4.643145352499409,-41.60420281707696
Or52Ad1,28.607792663731605,-30.63879548454198
Or52Ae7,1.1904362245782896,-45.64374039113333
Or52Ae9,0.4038906450652617,-45.23334135403631
Or52B1,9.687516658937493,-39.32284234852616
Or52B2,8.014603197991688,-39.42056944492784
Or52B3,12.128583063717064,-38.006439854884846
Or52B4,11.87211785670179,-40.36291236027134
Or52D1,13.10706020716607,-36.179897128179014
Or52D13,-0.0971075961847242,-42.773310292882094
Or52D3,6.848360041624563,-38.57498632616153
Or52E15,5.2901091643309535,-37.42881371087615
Or52E18,5.738084059693803,-36.89053735282095
Or52E19,40.242309928788345,-33.43493544889375
Or52E19B,9.067838492446555,-36.64259661169584
Or52E2,9.426258555029156,-37.61214068072392
Or52E3,11.607344678453877,-35.32182594607319
Or52E4,-27.936927432530084,-52.52856126772691
Or52E5,8.035990312854095,-37.50223798355989
Or52E7,1.958737354408171,-38.005390137908705
Or52E8,2.8474682927652717,-37.96307559590083
Or52E8B,3.79506792688122,-37.40633178718942
Or52H1,10.215631137716004,-41.329213234481344
Or52H2,8.558484699367405,-43.062057798422714
Or52H7,6.582965599699518,-43.09889638606133
Or52H9,7.628456768242837,-41.585941832033654
Or52I2,-4.284706832730092,-43.63453911996414
Or52J3,9.636044234169171,-37.71232160216654
Or52K2,17.29891604029432,-34.45621217688874
Or52L1,14.010289608142925,-33.56764166389933
Or52M1,15.910246801710043,-40.46920779884118
Or52M2,-19.041688179792626,-59.96299932873777
Or52N2,5.097177984857539,-42.5166539050764
Or52N20,5.933405294353217,-46.374769676873136
Or52N2B,6.906146183798349,-46.13208134077639
Or52N2C,5.5341066726931505,-43.19114385200909
Or52N3,6.251900684772674,-40.72298698452918
Or52N4,5.428043385755623,-43.73035218030532
Or52N4B,4.668691495736999,-45.87884137083429
Or52N5,3.0871046321824926,-39.909306809281745
Or52P1,11.391178968231182,-41.849836055208414
Or52P2,11.12179040260478,-40.41695741360488
Or52R1,14.972774828516165,-35.46518304492978
Or52R1B,15.418516729482771,-36.3586819008716
Or52R1C,43.45278343772264,-34.004623070527884
Or52S1,41.086212504507145,-40.06468587649554
Or52S19,49.37251212494006,-33.332618725371645
Or52S1B,11.40528255041765,-56.43238524649702
Or52S6,3.8422261186139672,-42.97835676620196
Or52U1,1.6464777208104286,-46.602648940181986
Or52W1,31.992708635184947,-32.857197565452445
Or52X1,26.56242544213495,-33.58337641197176
Or52Z1,5.703947270151375,-38.806069212355105
Or52Z12,2.769599128231859,-41.75611498221479
Or52Z13,3.861994915912893,-38.97615272305203
Or52Z14,10.68244607982086,-37.26725408091933
Or55B10,-10.879489994207676,-43.372443593338176
Or55B3,-11.317371195904878,-42.1213429355929
Or55B4,45.97777630150938,-27.362908741881053
Or56A3,32.94737762420417,-27.80831592283488
Or56A3B,33.01145049773577,-28.092087070664892
Or56A4,-6.495376840136066,-43.282389016634745
Or56A5,-42.133245289292056,-55.36587002304853
Or56B1,33.444972792485814,-29.17015383760271
Or56B1B,37.417549536588055,-29.194928753512745
Or56B2,-5.804734192213676,-41.20818598691467
Or56B2J,-8.718521872310792,-43.81411183666267
Or56B34,26.802127715804776,-29.48839938761901
Or56B35,29.604985190751663,-29.284686565611363
Or5A1,10.877496914472275,12.144784185038356
Or5A3,-65.79243609664577,21.40370280941973
Or5Ac15,5.359261030713753,19.62786237070345
Or5Ac16,-14.415477959163518,19.408979821234396
Or5Ac17,13.40076993657355,21.403541827750566
Or5Ac19,14.630042982189027,20.779077660562347
Or5Ac20,-13.683085838811982,17.73222679907182
Or5Ac21,11.94752937711069,33.31604206100764
Or5Ac22,1.3807607253557908,27.702607105607242
Or5Ac23,-15.310280967006555,26.131613446010785
Or5Ac24,-16.869049581033977,26.999321229571382
Or5Af1,-23.76431097411893,23.735019571381518
Or5Af2,29.210508051634477,13.106506685894173
Or5Ak20,10.045519982593955,18.713151016838427
Or5Ak22,8.998863690017608,21.380395900383636
Or5Ak23,8.933195909818187,19.10722765462556
Or5Ak24,9.823781725433511,17.27180971317485
Or5Ak25,10.868450989182984,17.49082251218766
Or5Ak4,10.382944220732231,20.05198776112245
Or5Al1,11.275314183002846,32.523967888305805
Or5Al5,11.474462970856008,27.143356890977756
Or5Al6,12.796697385244062,30.163875501479875
Or5Al7,3.955901252598286,26.554545024128213
Or5An10,17.42541185255837,11.301444740980298
Or5An11,20.636333242310936,36.93289831129741
Or5An1B,15.482525494715656,10.394090301463027
Or5An1C,14.8622033260314,8.088606339119922
Or5An6,18.614502896854194,38.570258285651335
Or5An9,-10.325299265943368,13.141980356382915
Or5Ap2,-0.5518455117682732,11.87106822439848
Or5Aq1,6.8970922780615,16.184713590429
Or5Aq1B,6.779957314139665,16.822710491421457
Or5Aq6,5.098226192411635,22.405452289018726
Or5Aq7,3.6018871314038714,12.768668083140241
Or5Ar1,-0.7703229326567589,9.19377978069176
Or5As1,-1.5177957186243047,8.956060311839089
Or5Au1,-6.653021858943587,17.14861854085264
Or5B101,1.9801245194726356,18.193076643040378
Or5B102,1.44062483985869,18.012305088388178
Or5B104,7.5471823116913015,25.55709133799648
Or5B106,2.9472561938371618,20.58165736208545
Or5B107,1.0662009405123691,15.105216586538042
Or5B108,1.6906271044715089,14.781537954650238
Or5B109,0.6542931014779555,12.720220445416055
Or5B111,6.764328004567594,24.792565687981043
Or5B112,1.3641259688150822,13.826735352037312
Or5B113,-1.4855159507929114,14.327186932545636
Or5B116,-4.45042202397832,14.174689980958119
Or5B117,-4.840325617424928,16.424310902064814
Or5B118,-3.940010986213096,12.675389995535351
Or5B119,-6.712631609610718,14.328947685185224
Or5B12,0.3943458431200762,17.701594836137943
Or5B120,-1.9550894998780297,15.911993597391819
Or5B121,30.8892059016966,51.70527760227591
Or5B122,-1.2931335508454849,14.736953648145608
Or5B123,-1.0696090379670506,14.530906569175645
Or5B124,-0.2249108418444861,16.064469542430757
Or5B12B,-0.3169458795807263,16.438260586158663
Or5B21,3.4363587829866233,14.52697683525781
Or5B24,2.58941559462957,13.69106163044839
Or5B3,0.8604047641521607,21.18397547817113
Or5B94,10.8621081051542,23.989660230687093
Or5B95,2.2729281304377964,15.776535465426463
Or5B96,4.131307975130345,22.211423813105352
Or5B97,2.4785514314617525,19.68430315642713
Or5B98,3.603189183061932,19.775875331371473
Or5B99,15.18373706374948,27.053377484724322
Or5Be3,22.377985185434586,15.466138152675603
Or5Bh3,10.395500865760779,10.4878894145575
Or5Bw2,-25.380437325125836,26.97320567965339
Or5C1,14.72022506327606,26.61536464456073
Or5D14,4.867264753065081,34.42986298638087
Or5D16,5.229780693880907,32.60199656158265
Or5D18,5.371283745434754,35.32030441754767
Or5D35,5.865213596423355,24.507735693272902
Or5D36,5.597108767859265,34.25507057573225
Or5D37,4.615842020712538,37.96248386529668
Or5D38,3.140338385208469,33.321205010094374
Or5D39,5.879338560626958,38.55146892881796
Or5D40,0.9276729130352273,39.95985967056501
Or5D41,3.729143084082145,35.19091247152245
Or5D43,0.9328424095605472,35.0531304002826
Or5D46,8.38089124010083,41.498022045356294
Or5D47,11.716371875531609,41.9048407787909
Or5E1,7.196676930616066,12.92084561465764
Or5G23,-6.420025354279996,9.27721354446654
Or5G25,6.666689721323321,20.065943957130877
Or5G26,4.083356135572697,15.213573698408407
Or5G27,8.837096985026845,13.662902198704753
Or5G29,-0.23102611335133394,9.61288803258689
Or5G9,0.564667465637269,9.738889180358019
Or5H17,19.920073240997564,16.80010861665721
Or5H18,-12.288219745372885,13.861242475034084
Or5H19,12.916608470019108,14.163498328152622
Or5H22,9.981225906826989,15.634857571990612
Or5H23,-17.75913141680024,26.879747030871933
Or5H25,14.761147394962887,22.634308395845224
Or5H26,-14.09101266088429,16.267220683765796
Or5I1,14.237281064685725,23.929534129336176
Or5J1,2.362611956730078,10.543270687326991
Or5J3,7.2218105184678425,15.111428239976663
Or5K1,-18.99659244965757,23.38386616136944
Or5K14,17.4889607097113,29.261247160719748
Or5K15,-7.02935279060849,39.18382298002933
Or5K16,-15.21754321060799,31.722036609954223
Or5K17,16.772252544720995,28.401427746185927
Or5K1B,-18.029879069935298,19.729167863949066
Or5K3,17.226436912168257,28.044499840766044
Or5L13,5.81681257248258,31.36425916712844
Or5L14,3.726426340010793,40.74881402431796
Or5M10,4.802861050884185,6.379924632417468
Or5M10B,9.42757907499348,8.616684589716474
Or5M11,-5.4481730756081745,11.046554038400375
Or5M11B,7.363301264443479,11.48887331272697
Or5M12,20.35897210485615,12.873861108244453
Or5M13B,4.979420085359043,7.969245382139553
Or5M3,8.381446760779838,8.30976387261442
Or5M3B,12.000291926713329,10.250066772631282
Or5M5,-1.7972375066261788,10.121143170549079
Or5M8,6.103518778496482,8.376105008496783
Or5M9,11.74621397780931,10.477128423240638
Or5M9B,14.618656064588265,12.472695269455263
Or5O1,10.721685369492299,-1.0487834929367479
Or5P1,18.107978167203736,21.888689415948768
Or5P4,16.49293253113095,23.360352493528765
Or5P5,18.005459356194073,17.140169148512292
Or5P50,20.369725392059188,20.01460046230171
Or5P51,20.542996849681384,20.772451744956474
Or5P52,18.143567049863893,23.36472200771325
Or5P53,17.140243163960584,22.084366459282002
Or5P54,59.35372266614483,25.578205674062996
Or5P55,18.209104285470683,15.540301565824715
Or5P56,17.544515088852116,15.749924842368955
Or5P57,15.012059659569589,17.633504628379136
Or5P58,22.072462723561657,22.274400914816233
Or5P59,19.899588248731533,20.335650766791762
Or5P6,16.679395463477128,16.127642445965872
Or5P60,17.913111954008357,18.651013351591025
Or5P61,20.434070421840907,21.481107291212787
Or5P62,19.285640871731996,21.093395478467496
Or5P63,16.50113821049559,17.57546361039533
Or5P64,20.723500088816046,22.232208732968836
Or5P66,21.56780160707064,22.339079036000186
Or5P67,21.17921999229775,22.138492956360903
Or5P68,20.92581696968075,20.031172459870973
Or5P69,21.740560592730677,20.101593285286924
Or5P70,21.166030634094504,18.664587423130634
Or5P72,20.735981174146765,19.600445162085375
Or5P73,21.450693991003867,18.805160810743274
Or5P76,18.34589268758045,17.868048544730364
Or5P78,20.156568826363845,20.59416269329183
Or5P79,24.202306973444085,23.9849607628047
Or5P80,18.417706717260412,23.707334600905824
Or5P81,21.787131927022703,19.224902191520897
Or5T15,16.321456243364487,30.65482113676305
Or5T16,12.718812652646434,21.84352183792367
Or5T17,12.432638451293924,16.194531069390994
Or5T18,16.79321881311392,26.011320438258192
Or5T5,11.548767063136726,15.63234435660024
Or5T7,13.884833149127621,19.670673846411447
Or5T9,12.107246165329977,15.535323790685139
Or5V1,30.12485153337348,26.776820833828904
Or5V1B,30.74316035356033,26.869882586217457
Or5W1,5.488294676521511,26.84341449037056
Or5W10,7.405411772274706,33.49508618812805
Or5W11,8.442020072053037,31.40859514990278
Or5W12,7.8115519818571455,28.13938908518082
Or5W13,9.969767237634558,31.324369454248338
Or5W14,10.305532035796842,28.100103303944472
Or5W15,9.781632542985315,29.135646947984142
Or5W16,8.937959489851622,29.889778197635437
Or5W18,9.05296597510919,31.13026286803029
Or5W19,11.195623223858279,28.690965842000683
Or5W1B,5.829120420754284,28.298847198694762
Or5W20,10.219384949055181,29.849224393734364
Or5W22,8.976267527730151,31.845211084823458
Or5W8,8.556869624831643,29.760031543035964
Or6A2,12.752224478017386,-18.048106045552053
Or6Aa1,2.679967588875598,-13.98475118225435
Or6Ae1,0.1874105625430741,-17.384004639388575
Or6B1,8.429076771549378,-16.768285318888505
Or6B13,7.031951504086104,-15.994394360657873
Or6B2,9.14244399394705,-19.96244739462494
Or6B2B,10.50895228067373,-18.588442776019615
Or6B3,15.374925048441737,-16.740582837930635
Or6B6,5.897189145845337,-15.788351892581078
Or6B9,9.90000235777042,-18.142760833589197
Or6C1,-25.7368786497099,-2.432333461724845
Or6C1B,-30.12610704063307,-1.4918448292492974
Or6C2,-27.349381410146105,1.3454716607626835
Or6C201,-34.305045914815956,-0.574217794818676
Or6C202,-32.18711131130929,1.732082814339669
Or6C203,-32.36881891267516,0.36931882851447007
Or6C204,-33.0727007674793,0.05688806531362622
Or6C205,-27.977690522833228,-1.8977181417821662
Or6C206,-27.824546350974437,-1.6948354978469422
Or6C207,-33.63295939235667,1.1879736204542073
Or6C208,-23.40247824298365,1.0735983354089196
Or6C209,-34.92564037834913,0.8722419806355962
Or6C210,-33.64221815754758,1.8102075245029523
Or6C211,-21.86847284776056,0.6662532286939753
Or6C212,-22.74674821993336,-0.3502403298358591
Or6C213,-23.248192220404718,-0.0759246669121379
Or6C214,-31.583087443017817,-1.6677865453829435
Or6C215,-21.82846438819024,-0.9908658157844912
Or6C216,-20.015255948508578,-0.9486706035335986
Or6C217,-31.07739355073152,-0.8856203109099228
Or6C219,-22.081748422204306,-2.2378592654931735
Or6C2B,-27.174992428424332,2.632855046898702
Or6C3,-27.82512300015165,1.464949997404314
Or6C33,-18.95493225734793,0.9800651154126293
Or6C35,-34.557947932372606,1.6382321577618724
Or6C38,-24.165683116808108,4.486134253855477
Or6C3B,-20.781628778135442,-1.3796974501516026
Or6C5,-25.160217640095176,-1.1487052699767573
Or6C5B,-22.15263542608852,-0.6148175230645029
Or6C5C,-22.62013084833447,-0.5167809364979876
Or6C6,-25.711171835071575,0.29879910272369226
Or6C65,-24.150288534088105,-1.6462411079660249
Or6C66,-23.807424817851462,0.8458978323535371
Or6C66B,-22.320774091795318,0.9610148687576106
Or6C68,-31.08910595517992,0.21569157140204062
Or6C69,-27.056091244567366,-0.3057249688490605
Or6C69B,-28.6513434131993,-0.5017832181446777
Or6C69C,-28.13987072755186,0.3319739846970473
Or6C6C,-24.539142347246628,-0.15904579121794143
Or6C7,-25.12566038512228,-2.851335724047984
Or6C70,-27.108762439130675,-1.346045575394582
Or6C74,-25.834589058578025,-0.4647221101407005
Or6C75,-21.620139238595925,-1.8234789880449869
Or6C76,-26.57997759716538,2.0306051629762045
Or6C76B,-25.775268845077576,1.5843988537980387
Or6C8,-23.06588150384896,2.9447108078467243
Or6C88,-26.083324063541717,3.1424414050864438
Or6D12,24.09125197880987,-16.672365418287345
Or6D13,-36.79089833273139,-2.8885967833897053
Or6D14,-38.880472955004215,-2.510892097565667
Or6D15,-39.23417612186483,-5.2702529905150435
Or6E1,-28.806465129978008,2.934129179442757
Or6F1,-34.44583789522855,2.0931608576180696
Or6F2,17.884499572594923,-18.778050112013762
Or6K14,4.779779689127625,-24.786600423884547
Or6K2,-35.14632867586013,-9.022927256654583
Or6K4,2.538541536568918,-24.517556872640746
Or6K6,1.1314860981808297,-26.389235177177884
Or6N1,1.402897307547371,-14.377535463607321
Or6N2,6.710620597840529,-22.203039071333816
Or6P1,-5.705326092325177,-12.259486974450716
Or6S1,-30.660928840667054,-4.496443432542432
Or6X1,1.772467325702116,-19.5494812854565
Or6Y1,19.181988529427752,-3.127299399656906
Or6Z1,-31.6019660423131,15.69887468641437
Or6Z3,26.18807868096476,-10.831455581426766
Or6Z5,-32.03109282833213,22.680192922191598
Or6Z6,-33.978350037553355,14.543586568631152
Or6Z7,-29.13161444687131,14.333868008460918
Or7A35,-35.48780314494687,28.744865080177735
Or7A36,44.67696245993956,13.208521214397079
Or7A37,-4.0248496447405335,-4.059251181724843
Or7A38,20.117614398093515,5.672923575730196
Or7A39,-18.794779533697298,11.454382877066113
Or7A40,-20.924533159514844,11.001517146021364
Or7A41,-4.494186203594768,-3.062057701513025
Or7A42,22.212580366945648,-2.2319626537630466
Or7C19,0.611678963210675,-9.40658937518121
Or7C70,9.573826104098247,-11.281345275682716
Or7D10,54.351780769374614,17.313893567886627
Or7D11,-11.83438348926761,-3.7977649364849166
Or7D9,-44.615998882115605,27.073889594309545
Or7E165,29.242424111502196,1.2888725758749144
Or7E166,24.693819970805475,-1.2254109315458206
Or7E168,23.844049128480588,-3.6423825795059614
Or7E169,-21.229832560711536,16.484061667942047
Or7E170,38.65971116395869,14.199447410828938
Or7E173,38.737421630372666,21.246619078915863
Or7E174,35.32514568909796,2.99436368175599
Or7E175,29.615224854929355,14.791211462938357
Or7E176,52.0914747422896,27.473999295935226
Or7E177,-13.057692558941175,44.1500274027107
Or7E178,-19.38549143856385,12.390096471343757
Or7G12,68.8405208676844,-0.29084927730250265
Or7G16,-31.620200044580972,17.2695992097743
Or7G17,51.31751344352019,13.177681448377925
Or7G18,-25.990294731872773,48.20465452280475
Or7G19,-53.53861591680159,-24.411731320701897
Or7G20,-34.5942886356483,11.817237155474169
Or7G21,47.3523705483696,34.306965757335675
Or7G22,30.886004762068318,10.346750397779317
Or7G25,21.640020327875867,-5.579217585528616
Or7G27,0.978491786959441,-6.175515131389592
Or7G28,-23.054428231114127,16.466166333326534
Or7G29,29.619635786564775,-8.639040033288852
Or7G30,16.775819915886526,-5.9108999371657
Or7G32,43.164232828708656,19.163245370212522
Or7G33,2.2753691498251225,-1.682706465013317
Or7G34,-11.939921272947924,-3.3993882855672957
Or7G35,24.3180443940496,-6.856841812302642
Or7H8,51.87010214955151,26.697902731429902
Or8A1,-7.688282049569771,19.826676321624767
Or8A1B,-7.542596260971084,19.01891464917394
Or8B1,-9.782715419857148,22.95497733399995
Or8B101,-11.495470963346792,21.282562295852408
Or8B12,-11.220374545405724,23.811561653244325
Or8B12B,-9.756315761884405,20.644444076846685
Or8B12C,-13.96882202415163,34.12054988604592
Or8B12I,-23.16880788125762,53.509916697992075
Or8B1B,-10.510149664404185,25.759975988262134
Or8B1C,-13.603242893821013,27.400654950639133
Or8B3,-11.099796144099143,24.938208896011094
Or8B35,-10.644497223758343,20.500230047000045
Or8B36,-12.133820319191885,22.43844239435271
Or8B37,-10.587311920651864,19.221090276529974
Or8B38,-11.568576429118895,21.079330155177196
Or8B39,-9.594060147218567,18.594435397194932
Or8B3B,-12.062231754231023,26.369982271758957
Or8B4,-12.415788661148186,27.2977364320447
Or8B40,-10.9055952744108,19.982671053206747
Or8B41,-10.623508410235006,19.74445403572001
Or8B42,-12.220873918897334,19.400337812193904
Or8B43,-11.123182257562366,27.48433127813165
Or8B44,-12.901028829734338,25.784155704748148
Or8B46,-10.495743058383663,23.67958400134607
Or8B48,-10.511782704569534,23.63790488500842
Or8B49,-9.767166143874691,42.07394971494911
Or8B50,-9.251642940402093,22.336733263991245
Or8B51,-12.875131370205994,27.062289400903317
Or8B52,-12.537120560063135,28.982976667958
Or8B53,-8.83053993434663,21.598751719761765
Or8B54,-11.385870398798914,24.46630502198077
Or8B55,-12.797754822015271,22.309809969777355
Or8B56,-13.093476919625012,23.70481476787047
Or8B57,-12.094527705922136,21.505891637032715
Or8B8,-10.97262751747799,22.26099956778879
Or8B9,-13.600173728670468,29.693264888849
Or8C10,-17.25669074399042,35.30794020993468
Or8C11,-17.05933157164436,21.694772319352893
Or8C13,-16.514339241219012,38.61489637688903
Or8C15,-16.432324056400933,26.08454560873315
Or8C16,-16.00159626274947,26.79667425351414
Or8C17,-17.112588519234812,23.80871947456611
Or8C20,-19.226377890264992,27.34776632290041
Or8C8,-16.998585690464694,23.252539249249807
Or8C9,-18.94032314247236,30.99410387453333
Or8D1,-5.581799312158471,29.383879176230874
Or8D1B,-5.54330892215606,28.039313505490526
Or8D2,-5.530746385621722,20.14870613677183
Or8D23,-5.726190534674944,25.758655416431097
Or8D2B,-6.631071651613818,21.912089995298622
Or8D4,-6.243905119884675,21.076297401209214
Or8D6,-9.572333372705321,30.637154932440584
Or8G17,-6.827220980836333,28.60812491501596
Or8G18,-8.345844085967972,32.57700721928394
Or8G19,-9.07560159261755,34.35089124810899
Or8G2,-4.6308371085471824,20.915340053400108
Or8G20,-5.339856476484673,23.63808231231174
Or8G21,-5.999899953653291,24.835998082857625
Or8G23,-7.960303753919921,28.74163391116293
Or8G24,-9.961743489759005,28.692146109056647
Or8G26,-7.894433682451032,30.354662958633803
Or8G27,-9.029462715998445,34.91588097307171
Or8G28,-6.6275296779900055,30.950163234060238
Or8G2B,-4.570982836285981,21.926625951745248
Or8G30,-7.574469083579018,29.172237144462933
Or8G32,-6.805069172975282,29.715172679938252
Or8G33,-9.527688971800156,32.92889393277956
Or8G34,-7.553276217749656,31.205318782365186
Or8G35,-9.157395474649745,29.778163298988737
Or8G36,-8.243688827685629,30.883858291647645
Or8G37,-6.672872067209582,24.631474417757406
Or8G4,-7.710271911773382,26.729702146911357
Or8G50,-6.787623519453649,25.333242338052024
Or8G51,-6.613470915019412,24.90015358539887
Or8G52,-9.003802217791833,30.99759407369955
Or8G53,-9.033560265928148,28.67920230126568
Or8G54,-7.755437049039887,27.007691383974866
Or8G55,-8.870043276590351,28.155422066127056
Or8H10,6.051276424775412,10.890986426266974
Or8H7,-0.26215297525928005,21.27947210128491
Or8H8,3.584507989794259,11.36540978182259
Or8H9,-4.1993705015216625,14.433141889688146
Or8I2,4.622259927128007,24.131719346224976
Or8J3,-2.2977406417818473,32.25207078779271
Or8J3B,0.18689939676090114,30.97065215002274
Or8J3C,-0.897565755495534,26.533733878866375
Or8K1,-3.5387863388096807,17.806332903542096
Or8K16,-3.132630935864638,36.192152105713866
Or8K17,-0.38870363661425744,34.92830091117049
Or8K18,0.08858951053914324,28.819452683369786
Or8K20,0.15511836328224982,28.453071262766734
Or8K21,-4.1663712600191545,35.01111876947867
Or8K22,-0.6085830878611026,30.19394155966594
Or8K23,-2.9223522405797087,30.928875275368476
Or8K24,-2.231620689857246,19.2072603632376
Or8K25,-1.9375592319712576,34.440875803981605
Or8K27,-0.010801008243279096,26.135626953704556
Or8K28,-3.863704622355706,35.10493223777587
Or8K3,-0.41862600768839825,24.390174794043983
Or8K30,-0.904782188235361,28.10453549132562
Or8K32,-1.8365847566248688,29.022095697374674
Or8K33,-1.4729537164602702,24.40443905485616
Or8K35,-1.19158893093377,28.59589734055714
Or8K37,-0.6757472441493865,25.64112463111795
Or8K38,-1.7237590259920386,31.925814129442983
Or8K39,-0.3650933801000009,32.66391893291939
Or8K3B,-1.640517117548558,23.732734264234825
Or8K40,-2.107926197664847,31.200949729023367
Or8K41,-0.8107401010484643,29.29785052445819
Or8K53,-2.0606976763401677,33.88932528796452
Or8S10,-22.68299854148041,13.529895173223341
Or8S16,-31.292009919709074,11.928955227141511
Or8S2,-10.875060361041626,5.140965617034959
Or8S5,-24.042274369495388,21.2906528737863
Or8S8,18.88409968066618,7.828005948150567
Or8U10,5.000084028389163,15.871709807406022
Or8U8,1.4567308183549672,22.285542342945714
Or8U9,10.200205400873608,25.629363722786074
Or8W1,7.9615642791498455,30.055539973097183
Or9A2,14.530671633213469,-10.57907718927842
Or9A4,30.431771488432876,4.296906125430372
Or9A7,21.30144624583194,-9.844439571964717
Or9E1,-24.169265117595486,27.773772599222305
Or9G19,13.534560452153853,27.18302496424962
Or9G20,-15.617244773232661,28.942800182334096
Or9G3,13.495775188443437,30.84032650160233
Or9G4,9.124166217683156,23.75558173820882
Or9G4B,7.792282994807879,23.51472786447891
Or9G8,15.469014454410267,39.23763925658107
Or9I1,4.156178178043053,31.367894949409603
Or9I14,4.682412934713457,29.138539298926357
Or9I16,10.289502146084462,22.549906918069947
Or9I1B,1.4025428077441355,33.46058568761839
Or9I2,11.08562612989495,26.213788908633887
Or9K2,13.871153434850319,12.119172377507246
Or9K2B,-19.31009798375486,25.295685407874846
Or9K7,-12.120423269055442,11.792857157578256
Or9M1,4.481308250684862,18.37381198844825
Or9M1B,3.6330892472365504,18.671951229911766
Or9M2,2.9363899770669613,27.9702533192542
Or9Q1,23.828892072397487,28.730097602282573
Or9Q2,17.23183856025114,12.798712984020494
Or9R3,-4.626286895633862,10.521423234931408
Or9R7,-16.81277471803027,19.03116265550461
Or9S13,-8.939676407876512,12.000294064311115
Or9S14,-14.272641869859665,14.015220060259608
Or9S15,-10.184838050800506,11.496405775831093
Or9S18,-11.886402998601007,17.13351932329856
Or9S23,-7.889127922402349,11.902846351271076
Or9S27,-9.461422487049115,10.29386993546525
Smim17,-55.77297140034166,-31.004377302422288
